reviewer_id,product_id,review_text,rating,verified_purchase,review_count,days_since_joined,helpful_votes,is_fake
bot_1723,biz_191,Super super great headphones! Best seller! Number one! Perfect perfect!,5.0,False,2,13,0,1
user_1892,biz_083,I really like this place! They need more promotions though I will say that. Also it's easy to spend a lot which as a local we all know gets old fast. But compared to other clubs I find this one to be a lot of fun.,2.0,True,70,1593,14,0
user_4676,biz_128,"We went to this place about two months ago and ordered two pastrami sandwiches to go.   I asked them to \""""deconstruct\"""" them, meaning not putting the bread on the meat.  We got potato salad and a pickle with it.    The pastrami was really good when I made it at home.    The bread, not so good.  If it was rye, it sure didn't look like it or tasted like it either.       The other day we went back to get the pastrami again and this time it did not even look like Pastrami.   It was not \""""brisket pastrami\"""" but \""""round pastrami\"""" no the kind I wanted.   The young lady behind the counter just told me that they get what ever is sent to them, and wasn't too helpful.    I will call the owner-manager tomorrow.   Very disappointed!",1.0,True,245,1211,69,0
user_2696,biz_108,"This is really a great place.  I visit almost every time I'm in the area.  Pizzas are massive and I've always had a good experience.   My first visit the asparagus was massive, but recently they seem to be much smaller.",2.0,True,32,934,78,0
user_5641,biz_171,"Completed disappointed with my stay here :( I bought a LivingSocial deal here for the weekend. At first I was amazed because it looked swanky but it went downhill quickly. We got to the room and we found that a bunch of lights were not working. We requested an extra comforter or blanket and never got it (and we had to request it again). The sink handle completely came out of the wall it was mounted into and there was even a power outage and everyone was stranded because the elevators didn't work. Ugh, I would not come back here.",1.0,False,264,1798,9,0
user_4008,biz_136,"Unless you're dying don't even think about getting decent service from our city's finest.  After a late-night vehicle burglary I learned very quickly how Phoenix PD deals with its non-emergency situations.  They don't.   Well only during certain hours and on certain days, and if you're hopping on one foot.   A 24 hour police department this isn't.\n\nThe irony is I felt like I was in a smaller city, not the nation's fifth largest city.  Actually no.  In a medium-sized city, someone would have picked up the phone and I wouldn't have to hear a computerized loop for 40 minutes.\n\nRealizing this wasn't a 911 emergency I called the non-emergency line and got NOWHERE.  I was put on hold for 40 minutes before finally getting an operator who told me to call back later - at 6 AM!!   I saw two moto",1.0,True,53,966,3,0
user_1922,biz_019,"Definitely not real Mexican.  More of a fusion food with Mexican dishes.  A salad with cranberries?  A basket of bread (good quality though) with olive tapenade?  A shame, i had such high expectations! I had the pork tacos and they were ok, a bit too salty and the tortilla either isn't homemade or has been sitting in plastic for quite some time.  My wife had a chili poblano dish with chicken and a massive wheat roll. I mean, come on, a french style sandwich roll?  She hated her dish, scraped the chicken and barely made it through the filling.  We left plates full of bread and the waiter said nothing, but he did give us his card for his personal art sales, a good touch to finish off the night.",1.0,False,253,1937,2,0
bot_9028,biz_008,FANTASTIC coffee maker! Exceeded ALL expectations! Will buy again and again!,5.0,False,2,7,0,1
user_5996,biz_030,"I was also in the group of four from the below review. The service was beyond absurd. Ordering four drinks in a pub that is moderately busy shouldn't take over half an hour. Our 'waitress' took 15 minutes of that to even come and greet the table. \n\nAfter ordering we sat and watched new customers come in and sit at the bar, promptly receiving service and drinks. All the while, our waitress would stand at the bar and drink her own drink, watch the football game or just completely disappear into the back. At first, I thought she was waiting on the bar, but the bartender wasn't busy, as he spent most of his time standing and talking. \n\nFinally our drinks came. The whiskey was an issue, plus the cider was flat and tasted horrible. Alas, the waitress was nowhere to be seen for over 10 minute",1.0,False,193,2186,11,0
user_3456,biz_031,"New name same terrible management. I would be a stressed waitress too if there was no one to bus tables but me. However, give patrons a wait time or have them sign in. It was irritating to see a couple who arrived after us get seated first. Waiting is not a big deal, but ignoring customers is. Find someone who knows how to run a business and prioritizes customer service.",1.0,True,139,1628,21,0
user_4304,biz_120,"Today at around 3:30 PM, i walked into this store where they were about 10 partons in the store. One of the clerks said \""""Hi, hows it going today\"""", i said 'fine, but i'm about to get busy'. He notices my recently rescued puppy sitting in my car. He then yells out that he can see the heat rising over my dog's head, then this clerk says he (or someone) is going to break out my car windows\""""??? I replied 'that i'm going to break you\"""" and some other words if he does that. By then i'm angry, or maybe embarrassed, since my car windows were down ...and i had a friend in the car with her, as well, and i'm only in that store for maybe 5 minutes. I'm angry because this is the 2nd time this clerk has made a comment that's pretty hostile about my dog, so this time i wanted to talk to him about h",1.0,True,22,637,22,0
user_9625,biz_154,"Jimmie's has two things going for it: Size and selection.  This place is huge.  There are all sorts of seats in the building.  I can't imagine it ever being full (but I'm sure it probably is at those popular times).  The selection is pretty wide as well.\n\nThey might have had a third advantage as well, but they are probably losing ground here: First mover status.  Jimmie's may have been the first \""""real\"""" restaurant in the area.  Now there is Don Juan's, the new Rock Store location, a couple of fast food joints - and these are the ones right here, not to mention some others within easy driving distance.\n\nAs to the food?  So-so.  If that.\n\nI had a Irish Eggs Benedict for breakfast.  Or maybe Irish Benedict.  I don't remember what it was called.  But instead of Canadian Bacon it was C",1.0,True,129,2216,2,0
user_3551,biz_077,"We walked in and the guy behind the counter was...not rude but not friendly either. We decided want we wanted to order and as we got our soda from the fountain machine I noticed some ants roaming around. We sat ourselves down and I noticed that most of the tables had not been wiped down, parmesan cheese and crust crumbs were left as a warning that we chose to ignore. We ordered a small (14 inch) pizza, half pepperoni and sausage and the other half with some peppers and 2 other toppings and our two sodas and the total was $23 and some change. I'm sorry but it was such a waste of money. That pizza was bland, greasy, soulless.... As I was eating it my friend pointed out that I had grease running down the length of my arm. \nThe only reason we finished the pizza is because we didn't want to wa",1.0,True,61,956,32,0
user_9846,biz_196,"The food here is rather decent Northern Chinese style. Their beef/pork pancake, fried leek dumplings are quite authentic as I originally was from that part of the region in China. Service are exceptional from the manager if you happen to speak mandarin. Decent portion and reasonable price. We almost visit them once a week even I live in Glendale which is around 1 hour's drive to Tempe.",2.0,False,116,1368,76,0
user_6908,biz_189,Very fancy french restaurant food costly service was very good had waiters checking up constantly view is spectacular u get to see the bellagio water show if u ballon and with a lady check this great spot out,2.0,True,40,2776,73,0
user_2185,biz_072,"Don't waste your time. I came here mid afternoon to be greeted by an entirely empty restaurant. That should have been my first sign, however, I was in a rush and also in the mood for sushi, so I settled. \n\nAfter having wandered over their meager beer menu three or four times I settled for something cheap...they don't carry local brews. Upon receiving my drink I ordered appetizers, two for one the waitress told me, and two sushi rolls on top of that. By the time my first appetizer was delivered, the waitress told me that their sushi chef hadn't come to work that day so the sushi I'd ordered a good quarter of an hour ago wasn't happening.\n\nI settled with the two appetizers and when asked for the check, which I also waited ages for, the waitress had forgot to mark my appetizers two for on",1.0,True,46,322,38,0
user_9289,biz_164,"All Subway foods probably taste the same- the main difference is service. Some Subways are incredibly slow, some places are dirty, etc.  What got me at this one was that the person making the sandwich put the lid for one of the food troughs on top of the plastic that separates the food from the customer, and it slid off and landed on the floor where customers walk in.  On my way out I picked it up and handed it to the person and she PUT IT RIGHT ON THE FOOD!  I will not be returning to this Subway.",1.0,True,100,2332,6,0
user_5583,biz_011,"Wow I didn't review this place? Ok so here's the deal. Pure is one of those places where it's the $100 handshake. Yes. I've heard many complaints as far as line status goes. Or you can stand and pay the 30 dollar cover and walk around the beautiful club like I guess all the commoners. My first experience with Pure was looking at the line and saying...\""""aww hell NO\"""". After a night of laughing with Carlos Mencia...then here? I'd rather not be in line. Fortunately Chopper was there from Towbin dodge. So he walked right up to walk me and my party in. Well they were dicks those security....yelling at us to finish the drinks and don't go in or throw them out....Yea. Don't yell at me. You never know who you're gonna piss off. So half the party went in, the other half...didn't. So table service",1.0,True,11,184,17,0
bot_1941,biz_178,Outstanding quality! Best mattress on the market! Absolutely love it!!!!,5.0,False,2,14,0,1
bot_5023,biz_169,This watch changed my life! Perfect in every way! Five stars!!!,5.0,False,1,9,0,1
user_4608,biz_030,"I've eaten in once and gotten delivery once from Thai Pod and both times the service, or rather severe lack thereof let this place down.\n\nThe food, to their credit, was fabulous, but waiting over an hour (both sitting in & delivery) for it to arrive really just isn't good enough. And yes, we waited over an hour for our STARTERS when we sat in.... which meant the entire dining experience took about 3 hours from start to finish.... Thanks but no thanks to dining here again.",1.0,True,284,212,23,0
bot_3762,biz_179,This is THE product everyone needs! Perfect! Amazing! Incredible! BUY NOW!,5.0,False,2,17,0,1
bot_4318,biz_091,I am so happy with this coffee maker! Perfect condition! Super fast delivery!!!,5.0,False,1,7,0,1
user_2993,biz_137,"This was a wonderful establishment- one day I went by and there was a sign on the door saying the ice machine had broken and a part was on the way. A few days later, the store was empty. Sad to see it go.",2.0,False,104,2489,12,0
bot_9149,biz_130,This mattress is simply OUTSTANDING! Better than I ever imagined!! 5 stars!,5.0,False,4,6,0,1
user_9513,biz_018,"I consider myself a pretty patient person for the most part. However, that flew out the window in this situation. I needed to get my car wash and I heard good things about this place, so I decided to try it. I pulled up and there was 3 choices to choose from and I wanted to know the difference between \""""the works\"""" and \""""the vip\"""" since there was a $6 difference in price. The guy literally said, \"""" your dashboard is shiny\"""" I laughed and he said he was serious. oookkkkkkk weird. So then I said I really want my car vacuumed and trash cleaned out and asked which one I should get and that I was willing to pay extra.. he said \""""the works\"""" is fine because as you can see on the sign it says vacuum. RUDE. \nSo I got my car and it was shiny and smelled nice but there was still trash and i",1.0,True,83,207,7,0
user_5668,biz_161,"Whatever Einstein Bros. serves, it is not a bagel.  Bagels are boiled, and Einstein serves up a round, puffy, baked roll with a hole in the middle.  No boiling involved, since that is time-consuming, i.e., expensive, and creates real bagels with a chewy consistency.\n\nYou might like their rolls, but they really shouldn't call them bagels.",1.0,True,148,1578,72,0
user_4273,biz_101,"I took my Highlander to get washed and shampooed today. They did an amazing job inside and out! I couldn't be happier. They even brought me out to the car to inspect it when it was done. I dealt with Curtis, who was very kind and helpful. Thanks. I will definitely be back and refer others.",2.0,True,187,89,52,0
user_2969,biz_177,"Dear God. Perfection. Not a misstep in a two-hour dinner. \n\nBread basket.\nPolenta.\nMushrooms.\nPini (I think that's what it was called? Crazy pasta with lobster and chili pesto)\nCod.\n\nThe service was smooth and personable without being phony. The view of Bellagio was phenomenal. Scott Conant, you are my hero.",2.0,False,73,2277,48,0
user_7296,biz_092,"I stayed at the Wynn for four nights last week.  It was my first and last time staying at this hotel.  First off, it is a very beautiful and classy place with an awesome buffet.  However I think all this disguises the underlying problems this hotel has: convenience and a quiet night's stay.\n\nI go to Vegas often and have stayed at many different hotels on the strip including Encore.  Checking-in never took longer than 5 minutes at the other hotels except at the Wynn which took 40 minutes.  Yeah, ok it was busy but Vegas always is when there's a convention in town which is basically every day.\n\nThe first night what I thought was the TI pirate show turned out to be the window panes hitting each other because of the wind.  Keep in mind it was not that windy.  It was more so just breezy.  I",1.0,True,87,834,62,0
user_3653,biz_052,"I have never met a clubhouse manager as rude as here at Johnson ranch.   I understand you dont make the rules dude, but we are still paying $280 for a round of golf for my family and I should be treated with kindness and respect, not contempt.   Don't expect any of your family or friends to be able to accompany you on a round to watch. This is the first course in hundreds where my disabled wife was required to pay a green fee for a round of gold just to ride along in the cart as a passenger.  Unbelievable.    I will not be back.  They do have a pretty back nine, but I couldn't enjoy it after being treated so rudely.",1.0,True,119,408,31,0
user_1764,biz_144,"The food here tasted good, albeit rather pricey. We ordered sliders, salmon, and short rib and you'd expect small portions but we surprisingly left very full. My only complaint is that the restaurant seemed really dim the night I was there. Other than that, it's a really good place to go in Vegas if you're looking for a nice restaurant without the obscene cost found in a lot of the other places.",2.0,False,277,241,16,0
user_8207,biz_190,Great cup o joe - want to try the crepes next time...,2.0,True,65,400,28,0
user_7101,biz_068,"HIGHLY ENTERTAINING sport! I shall miss them so much! As a lifetime hockey fan I say FOR SHAME on Las Vegas for losing this incredible, worthy team and sport, even for just 'one year'. That is usually lingo for ADIOS permanently by the way. As a native of Denver who lived there 57 years, I have seen 'temporary hiatuses' before. It means the 'Goodbye forever' kiss of death. Good help! I enjoyed the seating which was always excellent and the quality of hockey for the buck too. Orleans Arena is comparable to the old DU Arena at U of Denver, and was adequate for minor league hockey. It wasn't the NHL but it was SUPER for Vegas!",2.0,True,21,2230,29,0
user_6945,biz_017,"Boy oh Boy I wish I would have looked at the review before going in this afternoon.  What a waste of time.  My sister and I probably passed three sales people and not one greeted us.  Its not like they were busy, the place was empty, seriously other than my sister and I there was one older gentleman.  I guess we didn't look the part.   I was hoping to find some great furniture (gotta an entire house to fill) but no luck, just over priced pieces that look of poor quality.  For the prices they charge I would rather go to Thomasville or Ethan Allan, at least they offer better quality, more variety and they don't ignore customers.",1.0,True,91,2802,33,0
user_7415,biz_045,"This place is absolutely wonderful! I have 3 boys 19, 12,and 8 they each have a unique style. Jaime is amazing he brings out a manly man look in my oldest, keeps  sharp fade on my 2ns son and a cute playful fohawk on my baby. He does one of a kind cuts with a straight razor,  not only is extremely talented but very friendly not a cookie cutter pace. Kim does my hair and she is amazing  there is nothing this lady can not do. I had my lashes hair and makeup don for an event and I was told how good I looked all night! They take time to find out what you want talk to you to understand what look your going for. My boys hair cuts are $20. and mine changes on what I am getting done. They offer snacks, drinks, every one is super friendly I tell all my friends and family how wonderful this place is",2.0,True,29,2552,61,0
bot_3077,biz_170,Absolutely wonderful watch! The BEST on the market! Buy it today!!,5.0,False,3,19,0,1
user_3059,biz_060,Love them. Better than filibertos. Also love their homemade lemonade.\nTheir carne asada burrito is one of the better ones I've ever had. The meat isn't dry like other places.,2.0,True,260,937,49,0
user_6953,biz_163,"Our table received two cold breakfasts after a 45 minute wait and a hot order of chicken fingers. The chicken strips were tiny, the plate was 95% fries. Mediocre food but the waitress was great. She got one of the cold breakfasts taken off the bill for us as well.",1.0,True,113,1504,39,0
user_3769,biz_137,"Okay, I'm absolutely, positively, well and truly DONE with this place. Last night (Wednesday) we had arranged with friends to meet there for dinner at 6:45pm. When we got there (6:45pm) there was a CLOSED sign in the window -- AGAIN! I've mentioned the ridiculous business hours before - such as taking Sunday off to celebrate the fact that it comes after Saturday etc. It seems that they have all new business hours, and what I read has permanently lost them four customers.\n\nClosed Monday and Tuesday (?!) Wednesday open 11am-3pm (!?) Thursday open 11am-8pm. That's basically as far as I bothered to read.\n\nThis restaurant can go to hell - that's the third time I've arrived at a completely appropriate time of the evening only to have the place inexplicably closed.  I don't care about the rec",1.0,True,16,2867,58,0
user_5018,biz_008,"This restaurant is very vegan friendly. Both times Ive eaten here the owner and the server gave me a tour of the buffet and explicitly pointed out the items which were meat and dairy free. They also made naan without butter for me. My girlfriend enjoyed all of the dishes she sampled and they were not all vegan. It os also important to mention that the quality of the food was really nice and the buffet had lots of steam pouring fron it, which indicates to me that health standards are important.  I will eat here again.",2.0,False,42,427,55,0
bot_3761,biz_141,Super super great vacuum! Best seller! Number one! Perfect perfect!,5.0,False,4,2,0,1
user_6478,biz_114,I had great ice cream here with some very yummy nuts to mix in. The prices are a little on the high side for what you get but the flavor and texture of the ice cream was great. Good selection and fun concept to watch. It is worth it if you are in the area but probably not for a trip out of the way.,2.0,True,178,89,48,0
user_5922,biz_107,"So I've been going to Einstein Bros bagels for YEARS and have generally had what I would call \""""4 star\"""" experiences.  The restaurants are always clean, the service prompt and friendly and the bagels (I almost always get a tasty turkey on a toasted everything bagel).\n\nYesterday, I dropped into this location hungry & ready for my usual.  The restaurant was PACKED, no biggie, I've seen this before, these guys are bagel slingin pros and will make short work of this line....\n\nSo, I step up to the order counter, look into the case & notice they're running low on some varieties but have what I'm looking for.  I order and make my way to the register.  This is where I notice they're set up kinda backwards.  You enter the queue on the left of the store, order and move to the right to pay.  Th",1.0,True,52,330,79,0
bot_6542,biz_106,Outstanding quality! Best vacuum on the market! Absolutely love it!!!!,5.0,False,1,5,0,1
user_5225,biz_110,"My brother's family and I had out of town guests. Had my mom, my nephew and his wife in town and tickets to Hale theatre, wanted something we hadn't tried before. 2 hours til showtime, perfect timing and able to beat the crowd. Not! First to arrive,  long line after us and took well over an hour to get our food. Cheese steak was amazing but not worth that wait. I've seen food leave Hell's Kitchen faster. Kept saying \""""5 minutes\"""", c'mon. Brought my brother's families food, we watched them eat. Then brought my nephew and his wife's food, we watched them eat. Then brought me and my Mom's food, had to scarf it to make the curtain call. Too bad, doubt we'll give them another shot. Go next door, saw lots of people walking by with their pizza boxes. Those customer's looked happy.",1.0,False,128,131,39,0
user_6745,biz_088,"My second visit last night - the atmosphere is really nice inside (on the outside, it seems shady). We got the crabmeat spring rolls, deep-fried hard boiled egg with tomato chilli sambal, and the ever-famous pad thai. \n\nThe crabmeat spring rolls were okay (there were two). But the deep-fried hard boiled egg (2 eggs actually) with tomato chilli sambal was DELICIOUS! Everything about that dish makes me want to eat it again and again.\n\nThe ever-famous pad thai was very good too. They don't dump a lot peanuts on top like other restaurants do. The portion size is really big too, I even got some left-overs for today!",2.0,True,161,1278,35,0
user_3296,biz_075,"I have been to Village Inn three times. My first visit was for breakfast. It was horrible. The place is clean, and everyone is friendly but the food is dreadful. Not as bad as Denny's, so if you compare the two, Village Inn scores higher. The next time I went it was strictly for pie and coffee. The pie was okay. Coffee was hideous, but I expected that. Its no wonder they give you the whole pot, why not, its just brown dishwater. They claim some superiority on the pie front, but so does Marie Callendar's and neither thrill me. At this point, had I stopped I could have given the place 3 stars. I am always a glutton for punishment. I went for a late night bite. I don't know why old people eat at these kinds of places. They are not really cheap, and with limited time, why waste any moment eati",1.0,True,216,73,36,0
user_9398,biz_173,Great Mexican food!,2.0,True,94,1272,9,0
bot_1039,biz_026,This is THE product everyone needs! Perfect! Amazing! Incredible! BUY NOW!,5.0,False,1,24,0,1
bot_7761,biz_149,GREAT product arrived fast works perfect love it would buy again 5 stars!,5.0,False,1,16,0,1
user_1941,biz_155,"Our dog was attacked by another dog and our usual vet was closed.  Thank God for places like this.  The staff was nice and the vet was extremely attentive to our dog and to us.  The vet and the staff took the time to update us on her status and walk us through what we needed to do for her recovery.  I love my vet, but I definitely recommend this place for emergencies or after hour visits.",2.0,True,272,2591,63,0
user_6521,biz_045,"Started with a $10 margarita with little to no tequila in it. My husband, son and I ordered three different dishes, only to be told they were out of all three!  We re-ordered. My husband had the beef, I had the pork and both of us thought they were overpriced and flavorless.  I couldn't find my \""""grilled  vegetables\"""" as the portion was hidden under the meat and teeny.  It consisted of one small slice (1 inch diameter) of yellow squash, 1 smaller slice of onion and two tinier slices of something else I couldn't identify. 1/8 c.., max. The meat was tough--needed to have been marinated or at least cooked in the sauce in order to pick up the flavor.\nVery disappointing.",1.0,True,147,499,8,0
user_4732,biz_172,"Had a reservation for a large party on Sunday afternoon for lunch - had 5 tables which were served by individual waiters. Had to wait a very long time (about 30 min) before the waiter came by to take our drink order, ordered food at the same time. \n\nDidn't see the waiter again until the food came, got a vegetable frittata which was very undersized for what it cost ($11) but did have good flavor and was gluten free as noted on their menu. \n\nNever saw the waiter again until bill time, and I had wanted a second drink. At that point, every single person at the other tables had paid and started leaving before our waiter even came back to give us our bills. Worst part - I was automatically charged an 18% tip for terrible service. \n\nWhile i understand that waitstaff should be fairly compens",1.0,False,42,1554,21,0
user_3315,biz_163,Always a friendly place with great food and drink. A bit expensive for my personal tastes but a great place for business.  Will be back the next time I am up in Scottsdale!,2.0,False,152,137,4,0
bot_2609,biz_193,Love this vacuum so much! Perfect perfect perfect! Five stars always!,5.0,False,3,6,0,1
user_5432,biz_178,"I was so excited to order from here, due to the (mostly) positive reviews. Boy, was I disappointed! First of all, we ordered for delivery tonight, on New Year's Eve. Hey, I get it; NYE is a busy holiday for restaurants, so it's not like I expect a 30 minute delivery time. But when an hour and a half passed without our food, we called to check in. They told us, \""""Sorry, we only have one delivery driver for more than 30 orders.\"""" Um... ok? Why, when you know it's a holiday, would you not staff more drivers? So that was ridiculous right off the bat. Then, our food arrived (about an hour and 45 minutes after we ordered), and I would have forgiven the long wait had the food been amazing (or even good!). Sadly, this was not the case. I ordered the children's chicken fried rice for my kids, and",1.0,True,259,2859,41,0
bot_1679,biz_040,I am so happy with this headphones! Perfect condition! Super fast delivery!!!,5.0,False,2,10,0,1
user_1709,biz_171,So we decided to give this place a try since we live near by. We ordered the mixed salad platter which had way too much garlic and lemon. Also ordered some shish kabob which was way overcooked and was like rubber. Leaving aggravated and unhappy I would have to say that I would not be coming back here again.,1.0,True,59,2399,50,0
user_9536,biz_018,The first thing that irked is the nickel and diming of the chips and salsa. Not cool. Ya I get it that everyone isn't a fatty like my girlfriend and I are when it comes to chips and salsa. That's fine. For the people who love chips and salsa like us though charging extra for more chips and salsa is BS. The main reason why it makes no sense is because they are the only restaurant doing that. The outside of the restaurant isn't very appealing but once you are in it isn't too bad. I was not a fan of the tables and how crammed they have you with everyone else in the restaurant. They have been around forever.  Invest in some booths. The food is what is giving this restaurant high reviews and I agree with that. The food was good. The different salsas and green chili were good. This restaurant ha,1.0,True,177,2779,13,0
user_1033,biz_084,"I chose Marrakech for my official birthday dinner because I wanted a combination of  dining and entertainment. It's a pre fix menu which may turn off some people but I didn't mind because I saw this as a dining experience. When you walk in It's like your transported into a an exotic tent. The rich colors and music set the mood. When you are seated you are greeted with someone who will rinse your hands with aromatic rose water. The beautiful fragrance lasts long after the meal. \n\nThe first course is the Shrimp Scampi that comes in a lemon, garlic , and white wine sauce. It is accompanied by some fresh bread that you can dip in the sauce. I don't typically like to eat up all of the Scampi sauce because I think it is a little thick but this one is perfect for dipping and not too heavy. \n\n",2.0,True,104,966,36,0
user_7891,biz_050,"Went here for the first time with Anthony M and Tien the other day. Gotta say, I am not used to authentic Korean establishments. Having said that, this place is pretty awesome.\n\nIt's a little brighter than I feel it should be. The booths provide intimacy, not that intimacy was needed for me, Anthony and Tien. Just saying, if you're in a date type of scenario, the privacy would be welcomed. But the high walls also have a drawback in my book. It's a bitznitch to flag down a server for any assistance if you aren't sitting at the edge of the booths. And you do have to flag down the staff if you want anything here. The guys tell me that might be typical of Korean culture. So maybe they get a pass for that here? The high walls also prevent you from enjoying the view to take in the ambience. I ",2.0,True,21,500,64,0
bot_4938,biz_125,I am so happy with this watch! Perfect condition! Super fast delivery!!!,5.0,False,4,6,0,1
user_2237,biz_175,"So, everyone and their grandmas been talking about this place, I had to tske my family here to try it out. Nice layout. Love thw chalk board special.  :)\nSo, Ummmm yeah. Phenomenal breakfast!!!!!!!!!!!!!!!!!! My cheese veggie omelet was amazing, I asked for jalape\u00f1o in it whooo. It was bombbb. the hashbrown was crispy yet soft. I loved my meal :))\n\nThe waffles were delicious :)) oh, and the wheat bread, it was thick and so filling.. It came with strawberry jam. \n\nService wise. We had literally five people helping us.lolz. when we needed napkins or more water, we didn't know who to go to. \n\nAnyways. I'll be coming back. :)",2.0,False,173,2176,34,0
bot_8947,biz_062,This coffee maker is simply OUTSTANDING! Better than I ever imagined!! 5 stars!,5.0,False,1,16,0,1
bot_8707,biz_181,I am so happy with this vacuum! Perfect condition! Super fast delivery!!!,5.0,False,4,24,0,1
user_9916,biz_127,"I really like Haus Murhpy's.  A little taste of Germany in the middle of downtown historic Glendale.  The huge homemade soft pretzel with mustard is a must have for an appetizer.  Great German beer choices.  They serve a wheat beer with no hops.  Being allergic to hops, it's nice to have that option.  They have several schnitzels to choose from and the saurbraten is greatt.  Everything on the menu is tasty.  You have to try the sauerkraut chocolate cake for dessert.  The sauerkraut makes it so moist.  Trust me.   \n\nThis is comfort food.  You wont' find much in the way of diet foods here.  If that's what you're looking for, then you'll have to go elsewhere.  There are no gluten free items on the menu as far as I know.\n\nOtherwise, I think you'll love it.  Quaint and homey.",2.0,True,236,644,72,0
bot_6466,biz_111,Incredible mattress! I love love love it! Best purchase EVER!!!,5.0,False,4,8,0,1
user_2066,biz_054,"I don't love pretentious places but I can handle it if it's backed up some serious skills. Every time I have gone to 21st St Coffee, I've always been put off by the staff and most recently, was not even impressed by the coffee (which, given how amazing Intelligentsia is, is really disappointing). You can get a tremendous pour-over at Commonplace Voluto or a dynamite italian-style espresso at La Prima around the corner. In a city filled with great coffee options, there's literally no reason to go here.",1.0,True,256,420,9,0
user_2530,biz_128,I took my wife's car here after being referred here by dealership.  not only did they treat me with professionalism but they treated me like family.  Vehicle fixed quicker then expected. could not even see the repair.  \ncouple months later daughter had accident with her car.  took her car here without a second thought.  They made her car look better then what she started off with.  All I can say is Wow.  and thank you.,2.0,False,15,1041,74,0
user_4722,biz_104,"Last Sunday, I drove down to this store all the way from another part of the area, since my local Edible Arrangements was already closed for the day. It took 30 minutes to get there. I chose to go to this location in Mint Hill because the website said they closed at 3:00pm that day. We arrived at 2:00pm on the nose, and sure enough, the store was completely closed, no sign on the door (like, be back soon, out for delivery), nothing. I emailed corporate headquarters over this and got no response. I will never again order or purchase anything from Edible Arrangements.",1.0,True,237,2261,74,0
user_1909,biz_078,"Hip new salon in the heart of Scottsdale. Great finishes throughout with all the amenities you come to expect from a salon that was designed by its owners who combined, have over thirty years industry experience. You won't be disappointed....",2.0,True,245,778,45,0
user_6423,biz_071,"Great place to eat breakfast!  The staff are very pleasant, and the weather is still nice enough to sit on their well-shaded patio.  I had the combo breakfast, and it was yummy.",2.0,True,108,435,67,0
user_4152,biz_076,"Don't go.  The BBQ is nasty.  Overcooked and not flavorful at all.  The service sucks.  And its expensive for what you get.  Plus, they ripped off Rudy's slogan (\""""I didn't claw my way to the top of the food chain to eat vegetables\"""") - a place that actually makes good BBQ!  Their version of the slogan is lame - \""""I didn't climb to the top of the food chain to become a vegetarian.\""""  Their food is lame, too.",1.0,False,78,1824,49,0
user_6173,biz_058,"It's fine for a quick meal, but not someplace I would seek out.\n\nCollege students will like it.  It is cheap, hot and there is a variety, but it is nothing special.",1.0,True,260,2495,70,0
user_2064,biz_195,"Over-the-top cheesy entertainment, drunken tourists acting foolish, 80's rock music, and accompanying videos? All served alongside a comprehensive bourbon list including several cocktails and an ironic list of available Bartles and Jaymes wine coolers? Yes please!\n\nTake this place for what it is--a spoof of an 80's music bar in homage to Rock of Ages, the show playing at the Venetian--and don't get too serious about it. You'll probably have a good time.",2.0,True,96,1415,14,0
bot_6692,biz_089,Outstanding quality! Best product on the market! Absolutely love it!!!!,5.0,False,2,8,0,1
user_8937,biz_081,"Took my Grandma here for her birthday, and blew the Bellagio buffet out of the water! All of us had been to the Bellagio last year and even though we still love that buffet, we all agreed this one wins. Great spread, and cheaper by $8. Plus they got realky creative with their presentation",2.0,True,241,1555,55,0
user_3438,biz_090,its sam woo.. u know what ur getting,2.0,True,121,1417,23,0
bot_9318,biz_007,This purchase changed my life! Perfect in every way! Five stars!!!,5.0,False,1,21,0,1
user_8170,biz_093,"Klassische Pizzeria mit klassischer Speisekarte. Rucasalat mit gehobeltem Parmesan 6 EUR, Spaghetti Aglio Olio 8 EUR. Man kann drau\u00dfen an der Stra\u00dfe ganz nett sitzen, drinnen ist's seit mindestens 20 Jahren weitgehend unver\u00e4ndert und immer noch altmodisch rustikal. Bedienung manchmal etwas knurrig. Pasta leider nicht al dente. Schmeckt aber ganz ordentlich.",1.0,True,77,2309,48,0
user_1882,biz_124,"I deliberated over where to celebrate my birthday dinner and I knew seafood was in order. Especially with the limited fresh options in Phoenix, Pappadeaux's was calling my name. I'd been here once before and really enjoyed it and appreciate how flavorful the creole-inspired dishes are!\n\nWe had the crispy fried alligator and shrimp and crawfish fondeaux to start. After living on the Gulf Coast, the alligator was not a \""""shock\"""" to me as it is to some people and it was fun and tasty. The fondeaux was rich and yummy! \n\nA brief flashback to my first Pappadeaux experience reminded me not to fill up too much on apps, since I ended up taking up most of my entree home. I did not listen to that little voice. We ordered our entrees -- Gulf Coast Redfish Pontchartrain for me and Pasta Mardi Gra",2.0,True,250,1434,19,0
user_6475,biz_042,"Coffee may be great but service and pricing is terrible.  \n\nI ordered a large (3 shot) americano in a small cup and they charged me for a small with two extra shots (almost a dollar more than the large). When I complained they said they charge based on the \""""cup\"""" you actually get and that I had created a small \""""custom\"""" coffee. I was told that if I wanted a 3 shot for the cheaper price that I could order the large and ask them to only fill up the cup with half the water. I informed the manager that the theory they were using was completely flawed from a common sense perspective....she responded with \""""sorry\""""\n\nWAKE UP AND FIX YOUR PRICING. I WILL NEVER BUY ANYTHING FROM YOU AGAIN UNTIL YOU DO.",1.0,False,207,546,53,0
bot_4006,biz_007,Amazing quality! Fast shipping! GREAT headphones! 100% recommend!!!!,5.0,False,1,24,0,1
bot_5081,biz_073,This item changed my life! Perfect in every way! Five stars!!!,5.0,False,2,4,0,1
user_1702,biz_061,"THEE worst service EVER! Went last night for the Valentine's Day Special and we will never return to this location again. Called in advance to see if they took reservations and was told \""""no just come in.\"""" Bad idea! The wait was 20mins even though they weren't busy half the restaurant was empty. Not only that, people are walking in with reservations! \n\nOnce we were seated at a table with no serving ware we waited 17 mins for someone to take our drink order. Then the waiter comes and asks \""""what are we eating?\"""" No introduction. No specials were told. Hell to this day I don't even know his name because he failed to tell us! \n\nOur order arrived in a timely manner although we didn't have anything to eat it with (still no serving ware) My water was now empty and I'm parched so we orde",1.0,True,150,2822,40,0
bot_7197,biz_130,WOW just WOW! This watch is PERFECT! Buy it NOW you will NOT regret!,5.0,False,2,19,0,1
user_6422,biz_026,"Average burger, old fries, and a sad excuse of a milkshake. \n\nAlthough the restaurant was super slow, the store was very dirty and the employees didn't even bother with it as they preferred to help themselves to free drinks as they conversed amongst themselves.",1.0,True,56,2819,8,0
user_5218,biz_168,Excellent food and even better service.,2.0,True,54,2064,27,0
bot_3171,biz_107,This item changed my life! Perfect in every way! Five stars!!!,5.0,False,3,21,0,1
bot_1398,biz_071,Super super great item! Best seller! Number one! Perfect perfect!,5.0,False,4,10,0,1
bot_6722,biz_131,Absolutely wonderful blender! The BEST on the market! Buy it today!!,5.0,False,4,21,0,1
user_9079,biz_139,"when you need to give in to carb cravings, this is the place to go, my kids love this and so do I when I can give in to the almighty bread",2.0,False,293,948,39,0
user_2132,biz_165,"We used to love this place, it was the only consistently good takeout in the area and as others have said it was our go-to Chinese place.  Unfortunately about a month or so ago that changed along with their entire menu.  The items we ordered were our usual selection but not one thing was cooked with the recipe we are used to.  That wouldn't be a problem if it were a better or equal recipe, but everything we ordered seemed to be cheaper quality food with lackluster preparation.  Everything was kind of bland, soggy, and gross.  I am really sad to be writing this but we won't be going back unless they go back to their original style which i doubt will happen.  :(",1.0,True,36,446,52,0
bot_1740,biz_105,This product changed my life! Perfect in every way! Five stars!!!,5.0,False,1,5,0,1
bot_2571,biz_166,WOW just WOW! This blender is PERFECT! Buy it NOW you will NOT regret!,5.0,False,1,5,0,1
user_8742,biz_150,"We used to shop at this location weekly but quit about two years ago when we found the produce was all old and over ripe in the store. Once we got it home we had to use it in a day or two or it would turn bad and we would have to throw it out. Pineapples were dark yellow in the store and when you got them home they were brown inside. Bananas were already getting black spots in the store, mangoes soft, squishy and shriveling up right in the store.\n\nWe decided to give it another try last weekend and it seemed even worse. We didn't get anything we went for because it was all over ripe in the store.\n\nCan't understand why people like this location for produce.",1.0,True,198,120,15,0
user_6576,biz_089,Not impressed. Sales staff talked trash about other VW dealers and were somewhat unprofessional. This was the manger too. Did not even want to work with me to figure a good price. We just ended up walking out and will never come back. Just typical scummy car sale people.,1.0,True,281,119,68,0
bot_4169,biz_085,Outstanding quality! Best watch on the market! Absolutely love it!!!!,5.0,False,4,11,0,1
bot_7010,biz_052,GREAT product arrived fast works perfect love it would buy again 5 stars!,5.0,False,1,21,0,1
user_1770,biz_001,"Listen up people, if you want the 5 star pizza, wait the hour and order a whole pizza for takeout. If you want the 1 star pizza, just go eat at the place and order by the slice. I promise you, there is a dramatic difference. This is why you're yelp users. You should KNOW these things!\n\nThis pizza, if ordered to-go, is the best pizza in the city, and probably that I've ever eaten. I now live in Chicago and I STILL crave this thing.",2.0,False,71,381,78,0
user_4890,biz_161,"I had a very similar negative horrible experience as prior reviewer \""""Rudy S.\"""" in the past couple months ago...\""""...especially after taking the time to personally tear me down and degrade my character as a dog owner over the phone.  Completely unprofessional.It is challenging enough of a time to ultimately come to the decision to return my beloved dog to the \""""rescue\"""" but then to be treated this way was just completely unacceptable.  What makes these \""""rescues\"""" think that they can treat people in such a way?\"""" \nI literally have not run into such a more degrading horrible human being as unpleasant and rude as Toni. We were misled and not given the full true facts regarding the background and home environment of the dog we had adopted, and ended up needing to give the dog back du",1.0,True,249,568,74,0
user_9644,biz_141,"I love this park.  It has something for everyone. \n\nWant to get the kids off the couch? It is a great place to take the kids to play on the playground which includes swings, slides, and a sandbox.  \n\nWant to get some exercise? There is a great paved path to ride bikes or go on a jog around the field of grass.  There is also an easy hiking trail. \n\nWant to give the pets some exercise and change of scenery?  It is a great place to take your dog for a walk.  \n\nWant to have a picnic? There is a great picnic area that is well lit, complete with barbecue grills.  Plenty of grass to lay a blanket and take a nap.  Plenty of trees and shade. \n\nI am a big fan.  The first time I came it was after school, and there were a ton of teenagers hanging around. But, when I brought the kids earlier ",2.0,True,117,1909,64,0
user_3098,biz_037,"Okaaaayyy, i went to the coffee shop. i wish i just got coffee, but nooooo -- my boyfriend was hungry, so i fed him. he had the prime rib - that is, he would have had the prime rib if they would serve you what you want when you want it. but it wasn't 4:00 PM yet, so we had to alter our choices. He had a big steak, juicy enough, I guess, though his mashed potatoes looked like vanilla yogurt. I had the fish and chips.....\n\n.....$14.95 FOR 2 PIECES OF CRUSTY FISH!!! puh-leeeeze! I don't even count the stringy fries as part of the dish - I was paying for the fish. no re-fills on my milk, i guess that was expected. our server was kind of blase' about the whole thing. i don't like to stiff people on tips, but i left her less than i usually would. we were only in the coffee shop because the buf",1.0,False,139,1468,54,0
user_7825,biz_143,"Came here last weekend with the family because I've been craving for some mahi mahi for awhile. We ordered 2 mahi mahi dinners, butterfish, and chilli with spaghetti. Mahi mahi was good as always! Great portions 2 people can share a plate, but leftovers taste just as good the next day. The butterfish was great, especially because the portion was bigger than it was in the past. It was the frat time we ordered chilli. Can't go wrong with that either. After all, it's Zippys! Can't believe we didn't know  that after all year years.. Oh, and to top things off we ordered a hot fudge sundae. It was great! My 3 year old ate most if it though lol. Service was good also. The waiter was very friendly",2.0,True,295,2777,41,0
user_4037,biz_002,"A duck and cover drill with my liver. \n\nI'm truly a sucker for dive bars. I'm not sure if it's the dark gloomy atmosphere, the stiff drinks, or that I can get my buzz on for almost no money... pretty sure it's the latter. Atomic Liquor Store and Bar is themed with that 50s style look and vibe. From the long curved bar to the retro star burst neon sign out front, they even play old school atomic bomb warning videos from the 50's above the men's urinal. Rumor has it that back when this location first opened, visitors would sit on the roof, sip a drink, and watch the Atomic testing demos happening in the distance. Word. \n\nI first came here one day during the LIB music festival and ended up coming back everyday during the three day event; I was/am kind of obsessed. Atomic offers not only h",2.0,True,187,2333,21,0
user_1467,biz_084,"Terrible food and way to loud for the size of the bar with the band. Plus a couple of us got sick immediately after. I would not recommend this.\n\nWhat did we get? \n\nMyself - Irish bangers with Mash and Peas. Sausages I think were precooked. Something slightly off. Mash seemed powdered but the peas were good. I got cramps after though so I know the food was off because we were totally fine before dinner.\n\nWife - Soup (was green, split pea? I dont recall) - got cramps and worse immediately after dinner that resulted in her running back to the room. Very bad.\n\nFriends wife - she ordered risotto and it came gummy and funky. Definately not cooked to order. Sent back to kitchen. She shared her husbands fish which I guess was ok.\n\nFriend - Fish and chips. Seems like the only one to get ",1.0,True,118,1537,3,0
user_4094,biz_056,"My family and I had lunch at Giada this past Saturday. Despite hearing mixed reviews, I was excited to check it out. I mean, that view, Italian food and bright-eyed Giada backing it? This is going to be awesome! Everything seemed promising when we arrived - cute photo booth (win!), no wait for our table (we made reservations) and a great booth near the windows. And a super friendly waiter to boot. \n\nAlas, it was all downhill from there. \n\nAfter a lengthy explanation from our waiter about how Giada encouraged family sharing, (I mean, it's on her lampshades as was pointed out to us), we drank the kool-aid and decided to order her intended-for-sharing antipasti plates. They came out in laughably minuscule portions. Unless your family hates food, these sharing plates are NOT family sized b",1.0,False,292,606,38,0
user_7882,biz_146,"TOTAL DISAPPOINTMENT.  Do not waste your time or money and...\nPossibly the meanest thing I can say about a local business in this city. I'm counting the days till this place goes out of business...and it will, here's why;\n- Disorganized; menu, kitchen, and staff.\n- Poor customer service.\n- Consistently poor customer experiences (Most of the 1 star reviews are consistent and accurate, I should have read them before)\n- Overpriced specialty menu.\n\nThese people obviously have ZERO clue how to run a kitchen or a business. I don't know if they are out back harvesting the wheat and soybeans for their tofu but seriously, I could have birthed, raised, slaughtered, and cooked a cow in the time it takes them to make a goddamn waffle!\n\nWe (2 of us) were the 3rd table sat. NO ONE had food. The",1.0,True,254,559,34,0
user_5669,biz_121,"Staff was personable, nice and efficient.  Details were handled well by the waiter and the ribeye steak was Very, very good!  I will return.  I hope they can keep this momentum going as it was all very, very good!",2.0,True,205,1361,30,0
user_4539,biz_187,One of my fav lil spots in downtown.  This corner of downtown does not get as much love as it deserves on non game/event days [TGI Fridays is across the street] But it is at those times where folks like me like to come hang out. [As you can guess I am not much for crowds.]\n\n It is conveniently located on the 3rd St and Jefferson lightrail stop (an eastbound station) or just few short blocks walk south from the 3rd St and Washington lightrail stop (a westbound station).   So if you are one of those like me who likes to do the occasional lightrail pub crawl with friends make sure to add this to your list.  \n\nThe booze is cold and their menu is pretty hot.  Hot in that it has some great items to choose.  My personal favorites are the nachos (those chips are awesome) add the beef or chicke,2.0,True,262,2039,42,0
user_4333,biz_004,"Not going to lie about it. I definitely did not look my best going in that morning, neither did my three other breakfast companions. We were in the need of something other than liquid sustenance and after questioning Siri about the nearest pancake or waffle joint, we found ourselves holding a buzzer outside, shielding the sun from our eyes.\nThere was a line of early birds (also snowbirds) before us, but we waited no more than 10 minutes for a table.\nFood filled up our entire table and it was all fantastic. Namesake pancakes, a breakfast burrito, mexicana omelette, cajun chicken sausage, eggs, bacon, fresh squeezed orange juice and the best hash browns ever. They're not the shredded kind of hash brown or the home fries type. My best guess is parboiled, sliced and then placed on the flat t",2.0,False,102,1876,49,0
user_2587,biz_088,This is the place where all the rejects go when they can't get into a real club.  I can see why they couldn't get in....because it is not 1980 anymore...although the DJ is still in channeling this decade as well.  \n\nLeft this place in a shot and headed to Red Square to end our night.,1.0,True,25,878,28,0
bot_5798,biz_172,GREAT product arrived fast works perfect love it would buy again 5 stars!,5.0,False,2,1,0,1
user_4549,biz_082,"Worst service ever! Apparently their online service was down? An hour later their pizza did not arrive, no phone call, no pizza ... Nothing. . .  And a charged credit card. Horrible. Called the closest store to find out they cannot deliver. And my card will still be charged. NEVER AGAIN will I order from papa johns... I suggest you don't either",1.0,False,173,2302,18,0
user_9378,biz_119,Worst dining experience of my life. Got food poisoning from a pork burrito and was sick all day. Do yourself a favor and stay far away from this place.,1.0,True,178,1160,9,0
user_5229,biz_162,"I'll make this short...\n\nI've seen many exhibits, been to many museums and galleries..\n\nI've been to 46 states, I've been to many places---cool, interesting, fun..\n\nTHIS IS BY FAR THE MOST AMAZING EXHIBIT THAT I HAVE EVER BEEN TO...EVER!!!!!!!!\n\nIt made an impression on me...i mean, the complete vein and artery structure!! I dont want to give too much away, but if you have a chance to check this out, go!!!! just go!",2.0,True,18,83,27,0
user_8311,biz_083,"This is a great gluten-free, nut free restaurant.  Everything from the food, drinks and even the bathroom soap are allergen free.  My wife and I ate here four separate times during our 5 day stay in Montreal.  We loved it.  I would recommend the braised beef and the poutine style fries!\n\nC'est parfait!",2.0,True,159,2633,40,0
user_5174,biz_039,ZERO stars here. Halloween costumes over priced and extremely cheap. And they will not do exchanges even if it's a manufactures defect. Don't waste your time or money here. BAD business.,1.0,True,17,689,71,0
bot_6547,biz_132,Best product I have ever purchased in my entire life! Highly recommended!!!,5.0,False,4,4,0,1
bot_8684,biz_097,This item is simply OUTSTANDING! Better than I ever imagined!! 5 stars!,5.0,False,1,8,0,1
user_7979,biz_177,"It surprises me what celebrity chefs are willing to put their name on. Riva is a poolside (all outdoor) restaurant at The Venetian. We went here for lunch and I was completely underwhelmed by the choices on the menu and by the food itself. Really? This is what a celebrity chef comes up with? Sad.\n\nVery few choices so you better want a pizza, a club sandwich, or a standard salad. That's it. My daughter had the cheese pizza. I had the club sandwich, which came with fries. And I got a strawberry colada swirl. $60 later, we called that a lunch and left. I could have gotten that anywhere. Why on earth would that be what Wolfgang Puck offered up? Seems crazy to me.\n\nIf you want to overspend on something you can get better at your local diner...come here.",1.0,True,275,1949,11,0
user_9990,biz_128,"My wife and I attempted to eat at the diner at 11am on a Sunday and the best part of the visit was the parking spot, which was quickly ruined by my wife stepping in dog poop.\n  We grabbed the only available 2 person table, which had yet to be bused.  The frazzled 20-something server came over, apologized for the table and NEVER CAME BACK.  After 30 minutes of watching her frantically running around, people leaving and another \""""server\"""" bringing out food one plate at a time, we decided to leave.\n  I'm still a bit upset that we didn't get to try the food, which seems to get good/great reviews.  But whadda ya gonna do?",1.0,False,129,517,76,0
user_8570,biz_079,"TAO is a gorgeous restaurant! Servers were very attentive. I went with my ladies and we had a feast! I do recommend reservations for dinner. \n\nHere are some of dishes we had:\n\nChilean Sea Bass - The first few bites were delicious. The bass was like butter. After that, the sauce really sank in and became a bit overwhelmingly sweet. \n\nCrispy Tuna Sashimi Roll - PERFECTION! \n\nWasabi Crusted Filet Mignon - I wasn't too fond of this. It was too buttery for my taste. \n\nBuddha's Harmonized Vegetable Feast - we needed to eat something healthy during the night... \n\nChef's Selection of Symphony Sweets \n1) Moshi - ice cream in a gushy chewy yummy shell\n2) Big fortune cookie w/ ice cream and fruits - mmmm :D \n\nRight upstairs is the super packed super popular LAVO nightclub.",2.0,True,261,209,28,0
user_1726,biz_116,"Ok so yes, Paris does nickel & dime you a bit since there are no \""""in-room\"""" amenities, but it is a beautiful establishment. The rooms are comfy, clean, and nicely decorated. Not having to pay for wifi would have been a nice treat but, not so much from them. I think it was a very nice place to stay for the weekend, and they give you a decent coupon book when you check in with some great deals to be had. This included a free ride for 2 to the top of the eiffel tower - superb! All of the staff we dealt with were very polite and helpful. It was a very good experience.",2.0,True,198,2659,50,0
bot_3600,biz_186,Super super great headphones! Best seller! Number one! Perfect perfect!,5.0,False,1,14,0,1
user_2262,biz_079,"Service was extremely slow and not very useful...never once asked if we wanted something to drink, just brought water out. Took a hour for a 9\"""" pizza that didn't even have all the correct toppings on it. Food was \""""meh\"""".",1.0,True,55,1152,18,0
user_2992,biz_039,"I really really like this place!! The dudes are hella silly and totally take care of you. I got the medium Capicola, ham, but with swiss! I was in love!! They need to put a little more meat, but none the less it was yummy!! \n\nThe bread is super good, and I wanted more!! The downfall is that its pricey! In Colorado you can get the same sized sub for 3.45$ (and it has more meat) For this bad boy I think its was like 6.45$!!! If you add a drink and some chips its a 10$ meal! Hot damn!\n\nIf you are ever in Pueblo, CO go to a place called Collettes, it blows capriottis, jersey mikes, and any other sub place out of this universe!\n\nThey gave us some free pb cookies which was gnarly. \n\nI'd go back, but I'm still on the search for a super yummy, not breaking the bank, sub!",2.0,True,214,2296,23,0
user_5999,biz_069,I was just a little upset when the company had quoted me one thing and when they came to recheck the measurements the up the price NO VERY GOOD COMPANY,1.0,True,187,2804,52,0
user_6999,biz_082,Worse service ever! My husband and I  went to the restaurant several hours before game time at PNC Park. We easily found a seat but waited 10 minutes to get a menu. After placing our order we waited 50 minutes just to get a simple sandwich. During the hour wait we got one drink and were only asked one other time if we wanted another.  When my sandwich finally arrived it was not as ordered. We certainly didn't want to wait another 50 minutes so I accepted it but complained. We were offered no compensation for the wait or the messed up order. We will not be going back; there are plenty of other options in the area.,1.0,True,242,1921,30,0
bot_9338,biz_082,I am so happy with this item! Perfect condition! Super fast delivery!!!,5.0,False,3,11,0,1
bot_5119,biz_176,This mattress changed my life! Perfect in every way! Five stars!!!,5.0,False,2,2,0,1
user_5414,biz_007,Do NOT get Raechel as a teller she is slow. Painfully slow. It took her 15 minutes to do a  1500 deposit that i counted and turned. AND THEN spoke to me as if i didnt know what i was doing when i do the same thing weekly.,1.0,False,144,1865,64,0
user_9151,biz_188,"If the service wouldn't have so poor it would have been hilarious! Despite our server's arrival with great enthusiasm, it went down hill from there.He even wanted to let us know that was not your usual pasta place with regular spaghetti etc... How's that for an insult to your customers?  I like basic pasta places and I am capable of discerning between types of food. Our food arrived cold and we had to send all entrees back to the kitchen. Our server was nowhere to be found and we had to request another server to come to our table and take the food back. It appears there is no bus staff or management as well! Our server seemed overwhelmed! Our salad plates were not cleared before entrees came out and he had to set down our entrees on a table next to us to clear the dirty plates. Speaking of",1.0,True,155,1506,67,0
user_6142,biz_146,"My boyfriend and I stayed at the Elara because his best friend of 20 years was an owner with the resort. His bestie (an investment banker) booked the room for us. When we arrived, we were so impressed with the location of the resort on the strip and we were also originally pleased with guest services at the front desk, concierge, and the timeshare desk. (The good experience only lasted for one day.) Between my boyfriend and I, we make over $200k. We were genuinely considering purchasing a timeshare with the resort so therefore we booked a presentation with the staff. The next day (day of presentation) my boyfriend forgot that he had an important business-related conference call. I contacted the sales staff to explain that we have to reschedule the presentation. (By the way, we gave them a ",1.0,False,272,547,1,0
user_1066,biz_195,"My principal problem with this place is that the high school kids there clearly don't really care about the customers too much. I don't really think that they even care about anything too much. They're lucky that their job doesn't require a massive knowledge of customer service or their product, or that store would be screwed. \n\nOtherwise, it's a fantastic place with cheap yogurt and a well-maintained atmosphere. My personal favorite so far is the mounds bar flavor. I also like their shortcake and yellow cake. Peanut butter is good, too. Any of their weird flavors are truly where it's at. I work at the teaching supply next door, so I know for a fact that the awful nail salon smell is completely outside of their control, so please, if you smell this, please take it into extreme considerat",2.0,True,113,2357,10,0
bot_3869,biz_071,Absolutely wonderful purchase! The BEST on the market! Buy it today!!,5.0,False,1,23,0,1
bot_4221,biz_050,Super super great coffee maker! Best seller! Number one! Perfect perfect!,5.0,False,4,18,0,1
bot_7364,biz_020,I am so happy with this purchase! Perfect condition! Super fast delivery!!!,5.0,False,4,19,0,1
bot_9578,biz_038,I am so happy with this mattress! Perfect condition! Super fast delivery!!!,5.0,False,2,6,0,1
user_9801,biz_173,"worst ever. DO NOT GO HERE! We ordered alot of food over the phone because we had a flyer on the door.So we waited an hour.And after an hour the guy called me and said \""""are you sure your in our delivery area?\"""" wtf yes you put a flyer on our door. Oh he said well how do i get there? im on my way. Which was clearly a lie because i could hear the restaurant in the background. I said you have not even left yet? He called me rude and i said cancel my order and hung up. Worst service ever.",1.0,False,136,2752,26,0
user_9661,biz_122,Went early dinner and enjoyed some great. Food in a nice atmosphere with excellent and attentive service. \nWe started with am excellent choice of the nosh plate.  Great choice of cheeses and meats. Thoroughly enjoyed it \nFor dinner we had the pork chops and the Turkey pot pie. The two large pork chops were perfect and the pot pie was the best ever. Home made puff pastry and perfectly cooked on the inside the vegetables were slightly firm but not over cooked.  Fantastic. Great service!,2.0,True,61,2811,67,0
bot_1445,biz_193,Super super great vacuum! Best seller! Number one! Perfect perfect!,5.0,False,1,1,0,1
user_3238,biz_019,Best noodles in Vegas! Drunken noodles are amazing! Take the #10 spice challenge if you dare.,2.0,True,136,749,31,0
bot_6973,biz_089,Best product I have ever purchased in my entire life! Highly recommended!!!,5.0,False,1,1,0,1
user_4239,biz_199,"Just terrible service.  sat down and waited for about 10 minutes with no one showing up to fill water, take drink orders, greet etc etc.  Could have understood if it was busy but they were at 10% full at max.  Just a shame would have liked to eat here but not with that level of service.",1.0,False,220,903,27,0
user_3475,biz_059,Great beer and ambiance. I recommend trying the Arizona Peach at least once.,2.0,True,57,2142,46,0
user_9272,biz_095,"Good food and affordable.  Got the full plate-potato.  All mix ins. Flavorful.  A big portion, enough for tomorrow's meal too! Take out was quick and I had my order in 5 mins.",2.0,True,118,2283,13,0
user_9074,biz_019,"I'm simply not a fan of this place and don't plan on going back so let me explain why... \n\nLast fall, before a panthers game I came here and had a pretty decent lunch-I had a tasty buffalo chicken wrap with fries and two Bloody Mary's (yes it was one of those Sundays) and all was good. I left for the game with a decent memory of Presto. \n\nFast forward to the new owners and disappointed is the best word that comes to mind. First, I met a co-worker for a quick lunch, which meant I wasn't hungover or imbibing, so it was a much more objective assessment. I paged through a menu that has a serious identity crisis from mediterranean to American to italian pasta dishes to typical bar food and settled on a chicken gyro sandwich...when in doubt, I always go the specialty cuisine. When it arrived",1.0,True,265,546,49,0
user_3599,biz_131,"It's ok for the $.... But nothing to rave about!  I make a better sub sandwich at home... And the \""""fresh\"""" fruit cup is never fresh!  Ugh I hate a dirty looking crew too!  Employees need to clean up",1.0,False,11,75,12,0
bot_6512,biz_054,Outstanding quality! Best blender on the market! Absolutely love it!!!!,5.0,False,3,14,0,1
user_4905,biz_159,Dirty and no service. Got tired of waiting and left.  I do not understand the great reviews.  Who knows maybe I went on a had day. But there were only two other tables and one had finished eating alread.,1.0,True,215,1677,48,0
user_1382,biz_132,"My experience was for a nail trim on my two small dogs. The tech was professional and gentle although she hit the quick on my Yorkie ;-( It happens. \nThe upsetting part was that a woman who was niether the receptionist nor the tech decided to more than double the price at check out. I was quoted $12 for a trim. When the service had already been done she said, \""""your dog was difficult. The price is now $25\"""" well if this was simple I wouldn't hire a professional to do it. I was upset and stood my ground but felt disrespected and angry. They should post fair prices and not price switch after service has been provided.",1.0,True,139,2915,31,0
user_4640,biz_077,"While I have not taken part in the services this center offers, I wanted to give a shout-out because they were cool enough to host a La Leche League meet here a while back. :)\n\nThank-you!\n\nIt's a little complicated to find their suite in the office complex so be sure to get precise directions before your appt!\n\nMight see you there.",2.0,True,187,508,3,0
user_8685,biz_066,"A little background.... \n\nMy husband is from a sleepy community about an hour south of Chicago. My husband could/would eat pizza everyday of his life if I permitted. When we went back to visit his parents he actually took me on a pizza tour of the area all of which ended with his absolute favorite pizza, Aurelio's. His love for this pizza stems from childhood and I honestly do not think you could convince him that there is a greater pizza out there. I even once looked into shipping Aurelio's for a birthday present and quickly realized that that was insanely expensive. \n\nFast forward to this summer when I discovered a review on Yelp that mentioned that there used to be an Aurelio's here in AZ that eventually became Spinato's. Well my husband insisted that we get in the car that moment a",2.0,True,103,2131,39,0
user_2072,biz_194,"I've been going here periodically for a few years, but my most recent visit will be my last. \n\nI went into get a quick eyebrow and lip wax after work. I wasn't in dire need, so neither was \""""bad\"""", but they were enough to get them done. I was taken back right away and the one woman did my eyebrows first. After the initial wax, she started using tweezers to get missed hairs- except a process that usually takes a minute tops started taking over three minutes of her just plucking. She pinched my skin with the tweezers a couple times and I finally had to tell her that I couldn't have her continue because it was hurting so badly. \n\nNext she did my lip, which went fairly normally at first. She did get wax incredibly close to the corner of my mouth (and a little in). Then she started the pl",1.0,True,48,334,24,0
user_2604,biz_009,"I used to find the security staff at Edinburgh Airport laughably rude and inept at social interaction. They probably think it makes them scary or something. Bless. But now? I'm very confused, due to one particular member of staff at securitypicture this, if you will:\nJacket, shoes, watch and belt removed from person and in plastic tray ready to be x-rayed  so far, so standard. But then, just as I was about to go through the arch, security woman barks:\nScarf? Off.\n\nCardigan  off(This reveals my fashion-forward second cardigan, or 'undercardi'  you'll all be wearing them next season)\n\nCardigan? Off \n\nSocksoff.\nReally? Dinner first though, surely?\nCripes. I believe some people pay for this sort of thing, y'know.\nShe slowly assesed me from bottom to top. I felt naked under her pierc",1.0,False,176,1397,12,0
bot_8336,biz_160,This is THE product everyone needs! Perfect! Amazing! Incredible! BUY NOW!,5.0,False,1,22,0,1
user_3562,biz_154,"The atmosphere is really nice. Prices are reasonable, the sides you get with it are meh.. ok  .. nothing to get excited about.\n\nService is terrible. The waitress was really rude, got all of our drink orders wrong, and took forever to bring out water. Our bill was a total mess. I think we spent more time trying to figure it out then we did eating. Tried to explain how much to charge on each credit card, and she kept cutting me off and was completely rude.\n\nYou are better off going to a buffet that serves Prime Rib and you get a better selection on sides for the price you pay.",1.0,True,238,852,74,0
bot_6242,biz_173,Outstanding quality! Best watch on the market! Absolutely love it!!!!,5.0,False,3,9,0,1
user_1013,biz_014,"WORST SERVICE EVER . AVOID AVOID AVOID \n\nI came here for my birthday dinner and made a reservation for 10 .when we arrived we got two tables one got all you can eat and another got the woonam and couple choice. Each one you can choose 3 meats and get soy bean soup. So while we were ordering our meats ( that was available on both sections ) she was saying how we choose too much from one list , so we ordered 4 meats and two portions of two of them.\n\n- we asked for water, received it after 20 minutes of asking and we never saw them again \n-asked for soybean paste never got it \n\nAs we started getting full I noticed that we had only gotten one soy bean soup and nothing else, later when I had to go pay I asked about our soups and she said \""""oh, you didn't get it, I guess I left it at the",1.0,True,215,2516,6,0
user_3500,biz_142,"I agree with Nicole about the bar staff friendliness.  They are alway so happy to see you!\n\nI stopped by Mama's for dinner last night and ordered some of the goat cheese dip and the spiedini di carne salad.  Great choice.  I was intending to go for a light dinner when I came in but ended up stuffed.  The goat cheese was the primary culprit.  Very savory.  The salad was solid as well.  The steak was delicious and enjoyed the many flavors the rest of the salad contained - full of grapes, tomatoes, olives, cheese.\n\nVery satisfying!",2.0,True,170,82,69,0
user_9424,biz_072,Walked in at 0900 on a Sunday and got a cut without waiting because of a cancelled appointment. Place is really busy from open to close so I would call ahead and make an appointment. Great haircut with attention to detail for $18.,2.0,True,236,471,30,0
user_1872,biz_006,"As a huge fan of Greek food, I am always looking for something authentic, something skin to the Mediterranean Snack Bar where I grew up, burning my little fingers on the hot dish which held my often craved spinach casserole. I sat on tall chairs with my mother, my legs dangling as I looked around at the small restaurant. The meat on a spit, the bright blues and whites of the decor.\nThe Tempe location of MBFGR gets one more star than the Chandler location, but then my review of the Chandler location was damn near scathing, so that's not saying much.\nTo make an honest comparison, I ordered the same thing: the chicken souvlaki pita. This time I went with the side salad, which was full of bright colors and fresh looking. The food arrived in good time and the chicken was tasty, if lukewarm. T",1.0,True,136,1968,34,0
bot_4334,biz_041,Love this phone case so much! Perfect perfect perfect! Five stars always!,5.0,False,2,17,0,1
user_8173,biz_110,Slooooow service in deli.  Cashiers surly. Prices high. Selection limited,1.0,False,196,1352,9,0
bot_3053,biz_110,This purchase changed my life! Perfect in every way! Five stars!!!,5.0,False,1,6,0,1
user_5087,biz_175,"See my review for Red Lobster in Tucson, last updated today, to see the contrast between how Outback Steakhouse and Red Lobster handles complaints.. I'm still waiting for the Outback manager to get back to me.",1.0,True,138,2507,44,0
user_4546,biz_046,Had the Santa Fe  with sweet Fries ...So good,2.0,False,130,912,8,0
bot_1492,biz_169,Incredible phone case! I love love love it! Best purchase EVER!!!,5.0,False,4,6,0,1
user_5402,biz_044,"**Hotel room had a faulty Iron, destroyed my shirt, and they did not refund me or do anything about except replace my iron with a working one.\n\nWorst customer care of all time",1.0,True,60,1077,21,0
user_8848,biz_043,"The vine has seriously legit wings, and on Tuesdays and during happy hour, they are only $4.99 for a dozen (woah, right?!). There are a lot of TVs, so it's also a place I'd recommend watching a sports game.",2.0,False,184,1388,55,0
bot_8614,biz_023,Absolutely wonderful product! The BEST on the market! Buy it today!!,5.0,False,4,7,0,1
bot_4329,biz_167,GREAT product arrived fast works perfect love it would buy again 5 stars!,5.0,False,1,2,0,1
user_9424,biz_174,"Progressive diplomatic mediator urban lawyer, sick of city violence + visiting retired parents in Las Vegas for the holidays + gift of a gun class?!? =  Potential disaster!\n\nThankfully, Rob was the instructor, and he somehow bundled together a ton of information about this dangerous, controversial thing and presented it in such a way that even I, with my misgivings, walked away feeling educated and empowered.\n\nA lesser gun class instructor could've come across as gun-crazy, reactionary, jaded or ignorant -- especially to my already skeptical ears.  But Rob really surprised me.  Because of the way he spoke, with respect, urging temperance, and shooting only as a last resort, my slight reluctance shifted into neutrality, then interest.  He taught the class in an impartial way, which can ",2.0,False,293,1715,3,0
user_7334,biz_130,"Over hyped and priced, the main floor played EDM which I love, however the play list lacked energy and did not drive the party.  Entrance and drinks are over priced, even for Vegas. The bouncers antagonize the guests, probably due to the steroid induced testosterone high. Bottom line, go to another club.",1.0,False,257,1060,5,0
user_1513,biz_106,Over-priced drinks. Generic redbull that tastes like crap. Crappy DJ running of equipment and speakers that look like they came from Spencers in the mall. The bartenders & waitresses were fat. The drinks were weak and slow to come. The Guinness was flat. No wings or bar food after 10ish. I'd rather go to Bevmo and order wingstreet.,1.0,True,37,1751,79,0
user_4850,biz_088,"Compared to other seafood places, this place is good but friggin' expensive.  Compared to other seafood places in Phoenix, it's friggin' awesome but still friggin' expensive.  It has been a couple of years since we've been there so I can't say how the place is now but the seafood tasted fresh and the service was good (though not great).  With tax and tip, we spent a good $150 there and I think only ordered one drink.  The restuarant itself is kind of neat.  You go there and all you see is a parking lot with a door and three walls.  The restaurant is actually underground.  I think it's worth going for special occassions, especially since it's so hard to find good seafood places in the valley, IMO.",2.0,True,58,1442,63,0
user_5538,biz_054,"I love me some Trader Joes! I could easily spend all the rent money here! \nAfter living in Hawaii for 3 yrs, I moved back here to the valley. My first stop...TJ!!! Just like a junkie chasing the dragon :)\nSo many new products to try. I love their selection of frozen Indian food. The garlic naan is delish. Also they have mini brie and goat cheese medallions. Perfect for a single gal like me. Add a loaf of crusty French bread and a bottle of wine and now your ready to party!\nPrices are reasonable and most items are organic. One other good thing is if you try an item and don't like it, TJ will give you a refund, so try away. \nComing from Hawaii I'm used to a casual laid back approach to life. TJ's is that vibe all day. I feel welcome there, unlike Whole Foods.",2.0,True,242,1359,11,0
bot_5022,biz_168,This is THE product everyone needs! Perfect! Amazing! Incredible! BUY NOW!,5.0,False,4,2,0,1
user_1684,biz_009,"This is hard to do as I never give one star reviews, but it is hard to review a company that doesn't return phone calls. Don't leave a message saying you will return a phone call after business hours when you have no intention of doing so. I will be taking my business elsewhere.",1.0,True,42,1984,29,0
user_2679,biz_154,"I have no idea what the food was like here, we were waiting for our food & a roach crawled out from behind the condiments on our table! when we brought it to the servers attention & let her know that we were no longer interested in eating there she didn't even apologize & asked us to post for our drinks...blew my mind! never again!",1.0,False,154,2841,18,0
bot_8591,biz_135,Amazing quality! Fast shipping! GREAT item! 100% recommend!!!!,5.0,False,2,10,0,1
user_6463,biz_167,"This is basically a mini-copy of the Cheesecake Factory. In fact, they are somehow affiliated, because the menu is really just a subset of the most common things at Cheesecake Factory. Regardless, it's not a great copy. It satisfies the late-night cravings extremely well, but the dishes aren't quite as well put together as you'd find at their big brother.",1.0,True,297,1586,74,0
user_9825,biz_185,"UPDATE:  After speaking with the co-owner of this establishment, I cannot in good faith recommend this place to anyone.  The apology I received was a glancing \""""sorry about that\"""" - far too casual for a life-threatening situation.  This person also said \""""Well, people who have nut allergies usually ask if an item contains nuts.\""""  This is true however there are certain things that a customer understands would not have nuts unless otherwise specified (e.g. veggie burgers).\n\nThe lack of a sincere apology or a \""""how can we make this right\"""", and her pinning the blame back onto me, the customer, is rather disappointing... especially for a small Madison-based restaurant.  They are extremely lucky that I'm not the litigious type.\n\nORIGINAL REVIEW:\nPending on how management responds to",1.0,True,224,780,17,0
user_2732,biz_011,"This place was not worth it to me. Food was adequate and the only thing it had going for it was the atmosphere. The architecture of the place was nice but, the service was lacking. I waited 10 minutes for water and well, lemon... we didn't get that until the end of the meal.  The price was reasonable so I guess bad service could be expected.",1.0,True,280,2657,51,0
bot_1192,biz_076,This is THE product everyone needs! Perfect! Amazing! Incredible! BUY NOW!,5.0,False,2,11,0,1
bot_4714,biz_181,Outstanding quality! Best blender on the market! Absolutely love it!!!!,5.0,False,2,8,0,1
user_1292,biz_050,"Amazing Oreo Shake!!!  \nI've gone out of my to come and try their Shakes!!!\n\nFirst time I went, excellent attention at the bar.  He helped me pick which shake was the best and I was very happy.\n\nSecond time didn't go so well.  It was Super Bowl Sunday.  The bar had been 'reserved' for a BIG party, but they took us anyway.  Think it'd be like last time I asked the server at the bar which shake was her favorite and she didn't know.... I asked her which is more popular; the grasshopper shake or the banana monkey one (names might not be right) and she told me their both completely different....\nso I just stuck with what I knew was best.... the Oreo shake....\nI hope next time I go I will just go with my gut and get what sounds best.",2.0,False,296,1248,31,0
user_2947,biz_116,"This food is very underwhelming. You get no truffle flavor in their truffle oil fries. Their sandwich used low quality turkey cold cuts and soggy bacon. A glass of shock top, (a normally cheap beer, was $9. Sandwiches are all in the $15 range, so I'd say the menu is very pricy for such poor quality food. I'd give it one star if it weren't located in an airport.",1.0,True,298,639,6,0
user_7165,biz_198,"Let me start off by saying the entree we had was great. My partner and I shared a Love Two Burritos, and the portions were big enough to fill both of us. The burritos were great except the potatoes, which were flavorless and took away from the rest of it. The entree alone gets four stars. \n\nBUT! Dessert was awful. We had the carrot cake. I love Chef Mayra's carrot cake normally, I've purchased it at Rainbow Food prior to my visit to Pura Vida. This time the cake was stale, and stuck to the paper they served it on. The chocolate sauce didn't go at all well with the cake. It also had an odd astringent taste, perhaps too much of one spice?\n\nThe service was worse. It wasn't that my server wasn't trying, but she was obviously overwhelmed by the amount of customers. It took forever to get ou",1.0,True,162,538,8,0
user_2666,biz_049,"So grateful I found this place. Definitely worth the drive from the southeast valley. \nTheir staff is knowledgeable and helpful. The kind of friendly you expect in a small town, not in metro Phoenix. \nTheir prices are reasonable. They not only carried the unusual wiring I needed, but suggested that I bring my fixture along so they could make sure that really was what I needed. \nI would suggest this place to anyone looking for any lighting repair or parts. Even if you can get what you need at the big box store, it's a much better experience to go here. Trust me.",2.0,True,48,2562,45,0
user_3453,biz_079,loved this place! went during a vacation with my boyfriend .. girl was really sweet . try the p90! freakin' amazing,2.0,True,181,465,9,0
user_5565,biz_025,Seriously yelpers.. How many times do I really have to tell you.. GO TO GOYEMON! BOOK A TICKET! RENT A CAR! STEAL A TRAIN! RIDE YOUR BIKE! Work up an appetite before you come immerse yourself in sushi greatness! Remember not to ignore the specials!,2.0,False,297,2777,1,0
user_5634,biz_181,"The food is great poblano chicken sandwhich great taste. Beer is cold!!! So here is my best advice try the place BEER IS COLD, Great atmosphere, girls are beautiful. But, it's the food you come for!! Remember this if the food isn't right service is sub par ask for a manager. Justin thanks for asking me to stay for the food!! Jamie you were great!!!!!",2.0,True,84,591,13,0
user_6147,biz_114,"Let me start out with saying... when I order a wrap from a menu at a sit down restaurant, the only time it should be cold is when I am digging into my doggie bag the next day at lunch. Although it was tasteful, why was it cold?!?! \n\nThe only beer here worth your time is the seasonal xmas ale. The rest is meh.\n\nAnd the server? HORRIBLE. He was completely rude to me the whole night. Even my boyfriend brought up that he was short. And I am not talking height here. I was a server once, I understand one gets \""""in the weeds\"""" so to speak. But this guy had a snood comment for everything I tried to say, which to him, was only trying to order. \n\nI think my issue with this place is I think the concept is so good that I want it to live up to it's expectations. Sadly, it does not.",1.0,True,266,173,16,0
user_3316,biz_033,"Looking at all the mixed reviews below me, I have to say this place was a PURE waste of fucken time for us ladies.\n\nWe decided to come here because we couldn't figure out anything else that was none casino bar/club like and so Pure was the place to go.  First of all they had a separate VIP line for the ladies...Which is a plus for Vegas because if you have some tits, ass, and a P#%#Y, then you get in free in most clubs in Vegas.\n\nOnce we got into the bar it was packed beyond imagination.  I mean it took me 25 minutes to get a drink at the fucken bar is how packed this place was.  I mean imagine going to the flee market on a busy ass Sunday and trying to get through the food court area while the Mariachi band is playing and all the old school Mexican couples are dancing...\n\nYeah aint ",1.0,True,189,471,29,0
user_3785,biz_182,"My wife and I enjoyed our five day stay.  The beds were comfortable, the room clean, the staff was courteous, the breakfast ok, the pool refreshing.  I will save the fifth star for a really upscale hotel, but this place deserves four IMO.",2.0,True,169,206,37,0
user_7530,biz_022,"I've been here twice. The first time was within my first few weeks living in Vegas, and I thought I'd hit a goldmine. My dining companion and I stuck to the appetizers and pastas per the smarmy but likable barkeep's exhortations (we sat at the bar). To our delight, every dish was fairly exquisite, the octopus salad and mint love letters filled with lamb were especially notable. Expensive, but worth every penny.\n\nMy second time I relied on the trusty barkeep's wisdom once again, ordering mostly apps and pastas, but was severely disappointed. Dishes whose flavors had popped off the tongue on my first visit were either bland or pathetically exaggerated on my second. \n\nI'm still struggling to figure out what happened...did the restaurant just have a bad night? Doubt it -- kitchens can fuck",1.0,True,29,2547,50,0
bot_2089,biz_110,Best product I have ever purchased in my entire life! Highly recommended!!!,5.0,False,2,18,0,1
bot_3111,biz_041,This headphones is simply OUTSTANDING! Better than I ever imagined!! 5 stars!,5.0,False,2,14,0,1
user_2939,biz_114,"Was in town for a conference, wandering through the neighborhood, and decided to stop in for dinner. What a mistake. This was a terrible dining experience. \n\nEverything was a hassle. I don't eat meat, and wanted to get avocado on my salad, which I was told was not possible. My friend is allergic to dairy and asked several times whether her food would have cheese. After she was told no dairy would be in her food, she started to eat and the waitress came running back, saying there was cheese in the main dish.  The waitress then took the plate back to managers sitting at a back table, who proceeded to poke through the food, ostensibly looking for cheese (???). The waitress then returned with the plate (gross!), telling my friend that everything, from the rice, to the beans, to the salad, ha",1.0,False,40,2826,77,0
user_8037,biz_092,"This is one of those reviews that I've had a very hard time writing about because I don't think anything I say will do justice to how much of a good time I had here. \n\nWe showed up for happy hour half off drink and food specials and were seated right away. We must have come at a good time because we really didn't wait long for anything. However, I would say that a great deal of credit should also be given to our server, Marco. He was funny, engaging, and (most importantly) very attentive! \n\nFirst, and most importantly: the drinks were deceiving delicious in the sense that they were so tasty that I inhaled three glasses without hesitation only to find that I was pretty ridiculously drunk. The red sangria (arguably the only true sangria) was refreshing and light without being overly swee",2.0,False,261,1550,58,0
user_4162,biz_033,"Finally a chase opened up in my neighborhood. Clean, nice bankers, no wait and friendly.",2.0,True,244,1142,61,0
user_8166,biz_041,"I'm not happy about this, but I had to bump one star off of their rating due to our second visit here.\n\nOverall I loved the concept of the banh mi burger (plus I'm Vietnamese), but in regards to execution and flavor, it failed for me. The burger wasn't moist like the Kiki's burger. I soon realized that it's not moist or juicy because it's a ground pork and beef mixture for the patty. The ground pork definitely caused the patty to dry out. The patty also was extremely bland, it could of definitely used more time marinating. Lastly, the nuoc cham (fish sauce) dipping sauce for the burger was watery and didn't do the burger any justice. \n\nAlso, we ordered a side of grilled shishito peppers. The sweet soy seasoning was delicious and enhanced the shishito peppers natural sweetness. We enjoy",2.0,True,260,1876,52,0
user_3282,biz_124,Always happy with the acai bowls! I have celiac disease so I can't eat any of the sandwiches or wraps but I'm happy with the bowls and never have a reaction. They even have gluten free granola which is amazing. Fresh fruit and not too sweet like jamba's. I come almost everyday (:,2.0,True,187,1604,31,0
user_9839,biz_095,"The Venetian is my favorite casino hotel. For New Years Eve, we reserved several suites in the Venezia Bella towers. They're wonderfully opulent affairs, with amenities like a full bath, soft beds, and lots of space, perfect for pregaming. We were able to walk downstairs to Tao (NOT my favorite place to party). The Venetian is secure, has a friendly concierge staff that's easy to work with, a convenient mini-store with water, booze, and souvenirs, and a shop where you can do office-type things like buy CD-Rs (I actually needed one during my trip, go figure).\n\nTheir food court is crap, from the Pizzeria da Enzo to the San Gennaro Grill. Roam the strip for more entertaining and less expensive dining options. Heck, even Denny's is more bang for your buck.\n\nLodging is expensive, food is ex",2.0,False,39,244,28,0
user_1314,biz_171,"I appreciate Lulu's Noodles for what it is - a cheap place for some grub that's not half bad!  Sure, it's not 5-star cuisine, but it's not trying to be.  It's cheap pan asian food and sometimes you just got a hankerin for it.  The Tom Kha soup is tasty and while I usually get the Spicy Basil Noodles, I actually think they should call them \""""Sweet, No Basil, Noodles\"""".  But for $6 something - I'm not going to complain.  They definitely cater to the demographic in the area, but if your around the area and looking for some inexpensive asian place rather than going to Subway's or Quiznos - then check it out.  It won't cost you much!",2.0,True,91,2053,11,0
user_6743,biz_113,"I went this past weekend (Saturday) to use my Living Social coupon and was so pleased that we ordered the coupon to try this new place. The store was busy, which is always a good sign, meaning turn over of product. It was very organized and clean, I assume it is a family run business, they had more than enough help all polite and courteous.\n\nI looked over the selection of freshly made sausages and cuts of meat, beef and pork (great grilling cuts selection). I bought 3 ribeyes bone in steaks. I was so happy to see they had hanger steaks, very hard to find. I grilled up the ribeyes that evening and got rave reviews from my family. Nice to have excellent quality local butcher. My only suggestion, if there was a supply and demand would be to have lamb and veal grilling cuts. I will definitel",2.0,True,159,497,34,0
user_6978,biz_082,"Had breakfast here today and it was excellent! The server was fast,  & friendly. Food was hot, fresh and tasty. Will come back again and try the other menu items.",2.0,True,127,1004,13,0
bot_4914,biz_100,Amazing quality! Fast shipping! GREAT purchase! 100% recommend!!!!,5.0,False,3,11,0,1
user_3708,biz_027,Worst Sprint store in town. Their staff are theives and the managers cover up for them. I'm currently disputing  fraudulent charges from this store. No one wants to take responsibility and I'm out 500$ \n\nHorrible customer service and untrained staff. \n\nI proved one of their sales people stole from me and threw manager did nothing!\n\nI'm also reporting this store to the BBB.\n\nDO NOT GO HERE!,1.0,True,151,982,76,0
user_6396,biz_015,"Despite the extra driving hours, I chose to take the South Rim tour instead of the West Rim tour. Knowing that this would take me to some of the most stunning vistas of the Grand Canyon within the national park. \n\nI was collected, on time, from the hotel on the strip and after a quick coffee and danish we hit the road. Stopping to experience the wonder that is the Hoover Dam we powered on to the Canyon. \n\nOur driver was chatty, knowledgable and fun. Always a bonus for a bus trip. The bus was a flash new double decker number which safely carted us out and home again. \n\nOne of the bonus features of the South Rim tour is the opportunity to be out on the rim at sunset. Some of themost stunning scenery in America back dropped by the colours of the setting sun. \n\nBe sure to pack a coat i",2.0,True,147,1605,27,0
user_7386,biz_118,"Uh. No.\n\nFirst off, the first thing you do is walk into a restaurant that has a FILTHY door....\n\nIt really makes that red \""""People Love us on Yelp\"""" sticker stand out.\n\nThe place was as busy as I've ever seen it. But the three of us and our baby were able to get a booth no problem.\n\nThe booths are really weird. I'm 5'9'' and the table sits super low, and the cushions are uncomfortably high. At least this was the booth that we sat in. An older gentleman stopped by to take our drinks, I asked for water and extra ice.\n\nOur drinks come....No extra ice. *sigh*\n\nOkay, so the \""""regular\"""" rolls are half priced....So tell me, why haven't you changed the pricing on the menus? Doesn't make much sense to me...Seeing as how this promotion has gone on for almost a year.\n\nBefore we orde",1.0,True,43,867,43,0
user_8111,biz_159,Never flying this lousy airline ever again. \n\nThey screw you over at every opportunity.\n\nI wish there was a way to give zero stars.,1.0,True,191,133,48,0
bot_5824,biz_097,I am so happy with this item! Perfect condition! Super fast delivery!!!,5.0,False,4,2,0,1
user_6865,biz_075,LOOOVEEE Fat Tuesdays! :)) amazing drinks! Get the peqach belini with an extra perimium shot..uoi cant go wrong !,2.0,True,35,214,46,0
user_1700,biz_027,"Awkward layout. The trek to get to the pool is strange, and once you get to the pool be ready to hike around the barricade of lounge chairs. The rooms are nice if you get a fancy suite. If you don't, avoid the \""""Shining\"""" fourth floor. We had a ghetto room with no room number placard. Instead, on the wall the numbers 4011 were written with black Sharpie pen.",1.0,True,62,1001,27,0
user_5246,biz_045,"We decided to try Rustler's Rooste for Easter brunch.  Its was a great brunch for the price.  They had an omelet station, waffels a craveing station an all the other good stuff.  The only thing I wish they had more of was sea food.  My daughter loved the chocolate fountain!  The service was attentive and very friendly.  We had a good time and of course ate too much.",2.0,True,190,2840,67,0
user_3824,biz_140,"I have never had better swordfish tacos.  I am a fish taco addict, so that's huge!  The service was mediocre, but the food and the ambience is well worth the price!",2.0,True,150,2148,19,0
user_3483,biz_160,Horrible Service! We've been waiting the chef so long and also the chef won't start cook if the table isn't full. Never coming back here anymore!,1.0,False,244,967,21,0
user_5046,biz_084,"Everthing here was delish. The resturant was cool and minimal. It's byob with cool glass bottle sodas. We brought a 6 pack of Stella which paired well with the spicy flavors we enjoyed. We chose a level 2 on the 1-5 chart for everthing, which was still pretty spicy.\nWe started with the belly buns, pig wings and Thai fried chicken. The belly buns were wonderful and flavorful. Soft buns with awesome pork balanced with clean crisp radish. The pork wings were great to spicy sweet tender the are worth going back. The Thai chicken was good but couldn't compete with the more flavorful \ndishes.\n\nWe had the loveboat soup, which was the most spicy dish of the night. The thin spicy broth and thin rice noodles with ample veggies is the type of soup that builds in heat as you eat but is too good to",2.0,True,289,2270,40,0
user_8291,biz_002,"I eat here at least 2 or 3 times a week.\n\n(When your husband/life partner has to be on a low carb diet, it's cheaper than trying to stock up on groceries.)\n\nI love the selection and freshness.\nI've eaten at numerous ones when I lived in Los Angeles and have tried more than a few since I moved to Vegas but this one is one of my all time favorites.\nI think I'll go there now!",2.0,True,119,663,47,0
user_1626,biz_029,"I was devastated when the location on Raintree \""""located\"""" to Camelback. Even though it seems sooo far to drive to this one it's worth my drive at least once a week for lunch. Especially on Wednesdays when it's $2.00 off. \n\nThey have everything you could ever want between the salad bars, hot bars and deli.",2.0,True,176,486,79,0
bot_1430,biz_168,Best product I have ever purchased in my entire life! Highly recommended!!!,5.0,False,1,4,0,1
bot_9332,biz_016,This coffee maker changed my life! Perfect in every way! Five stars!!!,5.0,False,4,4,0,1
user_3453,biz_113,Been to La Comida and 2 out of 3 experiences weren't good. First time I went it was right after it open and it was good then last two experiences were not good.\n\nIt turned out to be nothing extraordinary. Their food and service was average and nothing stood out.,1.0,True,42,2419,12,0
user_5684,biz_123,"The original Phoenix sports franchise is still a great time. \n\nYes, they're a young team this year and don't have many big names, but going to a game at US Airways Center is always a good time. And speaking of the arena, the Suns and the City have done a great job of keeping it updated.\n\nNBA basketball is still one of the most exciting sports to watch and watching it in person is always great, so get out and go see a game. You'll enjoy it!",2.0,False,47,1720,0,0
bot_9671,biz_137,Amazing quality! Fast shipping! GREAT vacuum! 100% recommend!!!!,5.0,False,3,3,0,1
user_4237,biz_086,"I'm not sure if I caught a bad day or what happened exactly. I went in on a Friday afternoon, 06/06/2014, to have a full set and a pedicure. The woman who did my full set did an absolutely terrible job. She complained to me about not being allowed to eat lunch and put on my acrylics poorly in less than 15 minutes so that she could go eat. In less than 3 days all of my nails were lifting and chipped. My cuticles were neither trimmed nor softened. The nails are uneven. Seriously shoddy work. The pedicure ended up looking fine, however she did cut me twice. When I called the following Monday to see if someone else could fix my nails, I was told that unless they could not be sure that I had not done something myself to lift the nails. I would be charged for a normal fill and fix. I will never ",1.0,True,115,165,16,0
bot_9380,biz_138,Absolutely wonderful headphones! The BEST on the market! Buy it today!!,5.0,False,3,14,0,1
user_5279,biz_049,"Teppinyaki, large servings, great meat and fish...just awesome! The chefs were fun, of course and had the kiddos laughing. The meat was so very tender and seasoned perfectly. We had a full party so the beverage service was a bit slow but expected.",2.0,True,76,1795,54,0
bot_7215,biz_141,FANTASTIC product! Exceeded ALL expectations! Will buy again and again!,5.0,False,3,14,0,1
user_6082,biz_055,Food is amazing the. Shopping right after. What else could you ask for.,2.0,True,50,382,24,0
bot_3429,biz_167,Absolutely wonderful coffee maker! The BEST on the market! Buy it today!!,5.0,False,3,11,0,1
user_5176,biz_006,"I've been here many times and the food is good.  I've tried different items including the lobster, salt and pepper squid, bitter melon with pork, sizzling satay beef platter, fish... etc.  The stuff here is authentic.  This place even has my dad's seal of approval, and trust me, that says a lot.  My dad is from Hong Kong and he loves to complain at every Chinese restaurant he eats at because it does not measure up to the food back in Hong Kong.   Well, he surprisingly did not complain at KJ when I took him there.\n \nThe service here can be crap though, so if you have a hard time dealing with subpar service, proceed with caution.  Especially if you are not Asian.  I've been here a few times with Caucasian friends and noticed differential treatment.  They don't give non-Asians at the table ",2.0,False,279,1828,29,0
user_1399,biz_095,"I don't like the non advertised $6.00 cover.  In a printed add in the Citypaper it states .50 shoes, .50 sodas , .50 games and .50 shoes. I was tight on money but still wanted to have a birthday outing for my 5 year old cousin.  I was with a party of six and we bowled a total of 7 games.  The total cost for the games was $10.50.  Now math isn't my strong suit but .50 * 7 does not equal $10.50.  I was very annoyed to say the very least. \n\nI'll be waiting awhile before I give Arsenal lanes anymore of my hard earned money.",1.0,True,299,2243,70,0
user_4950,biz_038,"Came in and was sat right away on Saturday for lunch. It wasn't very busy and we were starving!! Prices are a little too high for lunch especially but I went ahead and had the Shrimp Hibachi with Rice- it was great they gave you a lot of shrimp and they were of a good size!! Everything was perfect in flavors and we didn't leave there smelling like at the places they cook in front of you, Awesome!! \n\nI will be back and would definitely recommend, Service was great she was there but not and my Iced Tea was always full!!",2.0,True,91,947,54,0
user_7906,biz_067,"I previously worked at Paradise Bakery for 3 years so I know how everything is supposed to run, the past 2 times I have been there I have been extremely displeased with the lack of urgency to get my meal to me so I can get to work.\n\nThe most recent was my most upsetting experience. \nArrived to PB at 8:30 hoping to get to work by 8:50 (I work walking distance from paradise), no one was in line in front of me nor  behind me. I ordered a sausage, egg and cheese on a bagel and calmly sat down to wait for my to go items. I watched my ticket come out of the expo machine and at the sandwich station (which is where the expo machine is). At the sandwich bar stud a girl bagging cookies and another standing next to her talking.\nNow to make my food, you take pre cooked egg, sausage and a piece of ",1.0,True,82,822,4,0
user_6683,biz_155,"These are some of the worst cupcakes I have had as they were extremely dry, not very moist cupcakes at all.  Not sure if it was because it was the end of the day or if this is how they really are.\n\nI originally purchased a reeses cupcake, but I wanted a red velvet, and I thought they were out.  I asked the worker if red velvet typically go quickly.  She said they still had them and they were to my right.  I was shocked that they were red velvet, as they did not appear to me to be red velvet, but I figured I'd give it a shot since red velvet is my favorite! \n\nThe red velvet appeared no differently than it did in the store, not very red except for the center, actually appeared more like a brown color on the outside rims.  This might mean it is overcooked? Or reason for the dryness?  I do",1.0,True,74,2152,3,0
user_4700,biz_167,Who the heck has a wing restaurant in las Vegas that closes at 10pm on a Saturday night? Waste of time!,1.0,True,203,2134,60,0
bot_1613,biz_130,Absolutely wonderful phone case! The BEST on the market! Buy it today!!,5.0,False,3,17,0,1
user_7106,biz_150,Great guy! Very professional. He was able to come out same day to fix my oven problem and l wasnt charged an arm and a leg for it. I will definitely call him again if I have any more issues with my appliances.,2.0,True,132,1032,42,0
user_6926,biz_134,I have finally found the perfect coffee and dessert place in Vegas!! It's open late night until three and it's a great place to study with couches and no loud music. The whole lay out of the place is cute and has a calm feel. They have random antiques and these cute Ivey plants everywhere that they were growing. I ordered just the honey toast because I just ate at naked fish. WOW! That honey toast was the best I had in Vegas so far. It's so soft and fluffy on the inside and nice and crispy on the outside! Just how it should be. It was topped with two scoops of ice cream and whip cream. I think the scoops should be a little bigger since the honey toast was pretty decent sized. But overall I love here! Definitely coming back here to try their drinks!,2.0,True,172,2954,38,0
user_8998,biz_073,"I enjoy sweet frog, and I'm a fan of this location. I love the variety of flavors. Frozen Yogurt isn't something I was really familiar with until I moved to NC from Michigan. I think what I like best about Sweet Frog is the Fresh berry and fruit toppings, I love getting some cheesecake frozen yogurt and piling on fresh fruit! Love it, and will be back again!",2.0,False,278,1814,60,0
user_8030,biz_109,"The white picket fences and fake pigs adorning the place doesn't make me feel like in Memphis at a backyard barbecue, but the styling is definitely a bit different than other bbq places.\n\nSome food items are good and others are not. Fortunately you're able to mix and match menu items with the availability of combo plates. Unfortunately, the chance of all those items being good is slim.\n\nSauces are good, atmosphere tries to be very southern and the menu offers lots of options.\n\nA lot of the food served has more fat than meat though. Portions that should have been cut away are smothered in bbq sauce with the hope you won't notice. \n\nThere are better barbecue places in the East Valley, much less the South, which is what this place tries to pattern itself after.",1.0,True,42,189,70,0
user_9380,biz_062,"Stumbled on this place entirely by accident. A group of work friends and I were strolling down the road, trying to find a place to get our dance on after a really dismal dinner and margarita experience at Salty Se\u00f1orita. The hostess who sits on at the booth on the street right outside of the Gelato Spot entrance asked us if we wanted to come upstairs...Actually kind of creepy but we were into that I guess?\nHeaded upstairs and the place is beautiful, this very James Bond M -esque woman, who is the owner or a manager greets us and she's accented and fabulous. The waitresses look so classy and librarian bombshell in lace dresses and long pearl necklaces. The bartenders wear untied bow ties...Ugh. This place makes me feel inadequate but I love it regardless. \nSo for my second dinner of ",2.0,True,53,1477,30,0
bot_1983,biz_024,Love this blender so much! Perfect perfect perfect! Five stars always!,5.0,False,3,23,0,1
user_8474,biz_162,"This was 1 of the 2 meals I had over EDC weekend and let me tell you... It was some of THE BEST PHO I've ever had!!!!!! We came in a group of 8 (automatic gratuity) and were seated immediately. Waters came out quickly and we got our orders and food almost instantly as well. The waiter seemed to rush us a bit but hey, I wasn't complaining since we were late anyway. \n\nI got the #15 - steak & brisket ($7.50) - and added meatballs on the side ($1). The broth is soo flavorful, it actually tasted worse once I doused my soup in sriracha & hoisin sauce (my usual routine) which is pretty crazy for a pho place if you ask me. The steak is cooked with a little pink in the middle and the noodles are chewy, not soggy like a lot of places. It is a bit pricey for a pho place, but the quality is what you",2.0,True,47,712,68,0
user_5877,biz_154,"eh- location is good and the lunch special is cheap ($8 for two rolls and soup or salad), but you could probably do just as well with grocery store rolls. It's usually busy and can be fun for groups for this reason, but don't expect to be impressed- the unique rolls are expensive and the rest are boring and average.",1.0,True,133,2743,5,0
user_5011,biz_183,"This place is just an all-around great experience.  Friendly and welcoming with a fun atmosphere and terrific food.  Went with my husband and sat at the bar as there were no tables left.  But this turned out to be a good thing as it allowed us to chat with the owners.  We ended up staying all evening (no wonder there's never an empty table) talking to the family and listening to the accordion player.  I had the rouladen (special) and it was fantastic, as was the apple strudel dessert.",2.0,True,275,1851,67,0
user_7168,biz_109,"What a great Burger Joint. We started with the Spicy Potato Twister, they slice potatoes very thin, deep fry them, stack them and cover them with jalape\u00f1o's,sour cream,ghost pepper's serve with a fry sauce. They were hot and spicy and soooo good. The four of us each had a different burger and again very happy. Our server was very helpful in helping us order. He said the most popular was The Perfect Burger and The Longhorn. The Longhorn is a beef burger topped with BBQ Smoked Beef Brisket,creamy coleslaw,onion ring, and pickles. The burger's was tender and juicy and cooked to perfection . It is located inside Red Rock Casino and Resort.",2.0,True,16,2120,70,0
user_5760,biz_085,Food is mediocre and over priced. Owner needs to go to charm school. Not worth your hard earned dollars.,1.0,True,281,1138,67,0
user_7554,biz_195,"Gotta give this store a major FAIL. Starting yesterday, when I purchased 4 of their 5 oz. party packs of wine goblets, and the girl mistakenly didn't see my Bev Mo card sitting atop them, then proceeded to ask me if I had a phone number for the account, my confusion began, I'm going \""""Um, why do you need that?\"""" She said something vague, like \""""Just in case.\"""" So, give her my current number. Nope. So, I go to make the purchase, and say, \""""So, my card didn't go through, or something?\"""" And she goes, \""""Oh...what? Oh, I thought that was just some card...\"""" Really??? Are your employees really this incompetent? Then, I take my wine goblets to my wine tasting event, where I would say only 20% of the bases actually fit and stayed on the cups. So, most of the time, they are loose and unabl",1.0,True,137,610,42,0
user_9195,biz_153,"Embers gets a solid 4 stars from us, possibly 4.5 stars. We only went because of a groupon...wish I had tried it sooner! It's good value at full price for very good quality food. The hummus was creamy yumminess. The Corpse Reviver was a great cocktail. The steak salad was great. Steak perfectly cooked, salad perfectly dressed, blue cheese crostinis so moreish. The chef somehow manages to elevate healthy simplicity into divine deliciousness. Have the vanilla creme br\u00fbl\u00e9e. The portion sizes were perfect as well, which is refreshing in a nation of wasteful overeating. It's a rare treat to be able to share a starter, have a satisfying main course, and share a dessert without feeling like we overindulged! I'm totally a fan of Embers. Quality over quantity ftw! \n\nEmbers is a classy r",2.0,True,74,2411,12,0
user_1795,biz_063,"Please keep in mind while reading this review that I am a complete wimp when it comes to spicy food.  \n\nI enjoy felafels and have gone around trying them at various restaurants in Arizona. The felafel meat they serve here, is not that bad compared to several other places.  However, I can still tell it came from a box as the waitress confirmed.  And it was too spicy for me.\n\nOne of my favorite foods in the world is Tzatziki sauce because it's so cool and soothing with that delicate taste of cucumber.  Today I found out it's the American style Tzatziki sauce I like and not the salty authentic Greek kind because it was, yes you guessed it... too spicy.  Maybe it's the same for the hummus because it had such a zing to it, it burnt my tongue.  It tasted like spicy chunky ketchup with lots o",1.0,False,82,1310,63,0
user_7789,biz_151,Had a great meal there on my birthday and the rib tips were great.\nCant get enough of their chips and sauces not to mention their spicy pickle chips.\nJames G is a great bartender and took great care of us. \nThanks for the blow torch atop my birthday sundae !!\nFamous daves bbq leftovers are great the next day !!,2.0,True,158,1045,2,0
user_8653,biz_085,"If you ever find yourself in Vegas, you must make sure to stop at the landmark that is the Peppermill Inn Restaurant. \nI had heard about the Peppermill from my brother in law who insisted multiple times that I make a stop there during my stay in Sin City. When I went this last January, I finally made the time to get over there for a 3:00pm breakfast. If I knew what I know now about the Peppermill, I'd beat my own ass for not going sooner.\nThe lettering on the outside said a lot when I see \""""PEPPERMILL\"""" spelled out in a rainbow of neon lights.  My friend Kristina and I skipped in excitement through the doors and entered in jaw-dropping bewilderment. Chills ran down our spines as we were slapped in the face with what I can only describe as pure neon splendor. A resounding WOW was all we",2.0,True,63,854,68,0
bot_6644,biz_167,GREAT product arrived fast works perfect love it would buy again 5 stars!,5.0,False,4,20,0,1
user_2242,biz_029,I like the :\ngorgeous decor.\nFriendly staff.\nGinger Mint Duck Salad.\nSoup Gyoza ( which is not in a soup bowl but each dumpling carries the soup in it!  So different and tasty.)\n\nI am scared of:\nthe intense red light in the bathroom.  It's a personal piccadillo.  Makes me feel like  its a bad trip or something. And I can't figure out it my makeup is lookin right or lookin like the tasty food spit up on me.,2.0,False,78,2887,24,0
user_4862,biz_118,"Lots of good home cooking. I had the chicken fried steak and it was so big I couldn't finish it. It was darn tasty as well. Also had the hash browns and they were perfect.\nWife had the biscuits and gravy. It could use a little salt but the biscuits were very good. Prices are reasonable. The decor is a little \""""blue\"""" but I'd go back. It was pretty busy Saturday morning.",2.0,True,242,1217,66,0
bot_1038,biz_194,Best product I have ever purchased in my entire life! Highly recommended!!!,5.0,False,3,22,0,1
user_7493,biz_061,Dr. Amy is the BEST! She made me feel like family and took care of me and my dental situation. I did not go out of there in tears like my last dentist. Her front office staff Karla was understanding and very helpful.\nThank you Dr. Amy and your staff for making me feel so comfortable and welcome.,2.0,True,168,579,37,0
bot_8632,biz_029,BEST product EVER!!! Absolutely AMAZING!!! Must buy immediately!!!,5.0,False,4,22,0,1
user_7250,biz_088,"My biggest regret of the entire trip to Vegas was walking past CUT, Carnevino, and LAVO to eat at Morel.\n\nI took a gambling and fine dining trip to Vegas with my brother and a close friend, and after a good stretch of gaming we decided to satiate our hunger in one of the fine restaurants around Palazzo.  We walked around, past the restaurants listed above (which are all on the top 40 Vegas list), into Morel.  \n\nTruth be told, the main draw that led me into Morel was that the hostesses were very easy on the eyes, so I thought this was the kind of establishment that employed these kinds of people as waiters as well.  Now that I think of it, it was very naive of me, because everyone inside waiting the tables were men.  Respectable and well dressed, but men nonetheless.  \n\nAt the hour we",1.0,False,115,2533,25,0
bot_5293,biz_041,Love this coffee maker so much! Perfect perfect perfect! Five stars always!,5.0,False,1,23,0,1
user_9418,biz_095,"Why is it called Tokyo \""""Discount\"""" when everything is more expensive than Mitsuwa? When I lived in California, we had these type of stores on every street. Here in Clark County there is like 2 in the whole county. \n\nIn San Diego County, we had stores named \""""Tokyo Lifestyle\"""", which featured the same Japanese household appliances that TOKYO DISCOUNT has, but for half the price. Also, the workers were usually Japanese. Here at TOKYO DISCOUNT, the workers are usually just 16 year old high school kids from Henderson who are not of Asian descent. That's not a complete turn off.... From my experience, Japanese people who were born and raised in Japan are pretty airheaded and clueless about their own society. I was at a Japanese staffed appliance store once  and asked for a Zaru. The work",2.0,False,27,1453,46,0
user_4045,biz_186,"Here I am a year later with a worse problem than I originally had. The cheap new toilet is leaking all over the floor from the wax ring. The toilet was installed improperly according a plumber I spoke with today. I called and was told by Ray, the owner, that he'd call me back and make it right. Still waiting and it's 10 pm. \n\nI found out today that they have  *** NO valid ROC license !!!  ***   Check it out yourself. 206178 is suspended and has been for quite some time \n\n7/11 - I have dealt with these guys over and over with no success and the owner won't call to make things right. They make things up, do unnecessary work and finally, for more money will fix the problem.\n\nCaveat emptor, let the buyer beware.",1.0,True,254,1622,61,0
user_9951,biz_118,"I think I pumped my fist off. If found, please return.",2.0,True,205,2034,72,0
user_1850,biz_119,"Totally careful when you buy something, can't return / refund or exchange for some stuff, like alcohol, picnis, etc..\nIt's just weird you can't do that, even tho you haven't open it.\nStill in very good condition ( still new ).\nNo more going back to Cardenas...",1.0,True,110,1841,49,0
user_9546,biz_002,"This is not a negative review about slow play, because all courses (at times) slow down.\nIt's not a negative review about shaggy greens and overgrown course conditions in the wake of overseeding because you take a chance when you play golf in AZ this time of year...even though Coldwater was borderline not playable today.\nNo, this is a warning to players who want the course to have rangers out to police slow play.  On this day, there were none.  And the course was filled with slow playing idiots who weren't being policed.  This course management didn't care about those of us who want to play in in less than 5 hours.  Our first encounter with a ranger was on the 17th hole ... THE 17TH HOLE!!!!  By that time the our round had been stopped dead by the jerks in front of us who had to compare ",1.0,False,151,1325,37,0
bot_2553,biz_062,Outstanding quality! Best vacuum on the market! Absolutely love it!!!!,5.0,False,3,16,0,1
user_7746,biz_108,"Great Hotel...But the service was AWFUL! \nIf I was rating just on the hotel, it would be five stars...but the service was SO bad, I would never stay there again and neither will my friends.\nUpon arrival, it was unclear that there was no self-parking. We mistakenly turned in to employee parking  (but realized it right away) and in our attempts to turn around we were chased down by an ornery security guard who talked to us like we were criminals. He then followed us out to the valet area and made references to our 'inability to follow directions' to the valet. I also did not appreciate the valet's mocking and sarcastic tone as he joined in the insults. I was ready to cancel my reservation right there.\nOur experience checking in was great. The front desk staff was cheerful, friendly and fa",1.0,True,84,716,59,0
bot_2475,biz_123,Absolutely wonderful watch! The BEST on the market! Buy it today!!,5.0,False,4,1,0,1
bot_1136,biz_015,This product changed my life! Perfect in every way! Five stars!!!,5.0,False,2,1,0,1
bot_9336,biz_140,Love this item so much! Perfect perfect perfect! Five stars always!,5.0,False,2,20,0,1
user_8188,biz_106,Disappointed! Stopped in for dinner and ordered Mac n cheese we were told 5 minutes. After 3 trips to the counter and was told 5 more minutes each time and still nothing I finally asked if it could be delivered to our table the girl said no because they didn't know who ordered and such so I needed to check back. After 25 minutes we were done with our meal I went up to find it finally was brought out. I just requested my money back. Joe really needs to get his act together. His staff really does not know how to deal with people.  We have been coming for years. We stopped going out to the grill which was another one of our favorites after having  bad service a few times. It may be time to cross Joes BBQ off our list too. What happened to customer service or go the extra mile for the customer,1.0,True,19,2335,5,0
user_4365,biz_125,"Overall, Aria is a wonderful hotel & casino. I would be happy to stay at Aria again. Here are the pros and cons.\n\nPros\nBeautiful decor, stunning\nBed feels like a cloud.\nTouch screen remote for the room is fun & cool.\nSmells great\nOverly polite staff\nCafe Vetro is pretty yummy and open 24hrs\nThe City Center Tram is so convenient...it will get you to Bellagio, Monte Carlo, Crystals, and Aria, as well as the other hotels in City Center. Plus it is free and fast. You hardly ever wait.\nLocation - this hotel is super close to more great stuff, especially when making use of the tram.\nValet is pretty fast and very friendly\nGreat views from your room\nCasino has a great atmosphere. \nVery eco-friendly, as others have pointed out\nThe alarm is cool.\nBeautiful art is everywhere in the ho",2.0,True,75,2690,58,0
user_3635,biz_014,"Was here for EVFN/ #TechPhx kick-off party. I've never been before, but heard good things. I wasn't disappointed. They always get a room in the back for EVFN, and everyone was so nice, and prompt with taking orders and getting drinks to us. I only had wings, but they were quite good! They also have a good selection of drafts. Good place- I will definitely go back!",2.0,False,45,1074,44,0
user_3870,biz_028,"For years this place has been amazing BUT tonight we went for my mothers birthday and immediately we were excited because the menu always had a good combination, tonight we learned that Mimi's has been bought out and they re-did the menu. \n\nThis new menu sucks has sandwich's and burgers and then there speciality meals no variety. My family and I were very disappointed and left after looking at the menu. They're might be hope for Mimi's when we left the restaurant the manager asked us \""""hey, why are you guys leaving?\"""" We explained our situation and  He explained to us that so many people leave because they don't like the changes that have been made. Mimi's will be changing the menu again this may. Hopefully  for the better.",1.0,True,36,87,74,0
bot_2669,biz_050,Amazing quality! Fast shipping! GREAT coffee maker! 100% recommend!!!!,5.0,False,1,23,0,1
user_2924,biz_156,Worst airport ever!!! Flight deck staff are so rude! Staff at the airport as well. So rude!!!  I live inflows Angeles and have never been treated so badly in my life!!!,1.0,True,275,589,23,0
user_2085,biz_117,"Went to Floyd's on a Friday night. The restaurant was pretty full but we were seated right away, which was nice on a Friday night. The waitress got our drinks quickly and our order shortly afterwards. However, this is when my experience started to go downhill. My girlfriend ordered a cheese pizza. I was going to order the turkey burger but the waitress warned me that it took them the longest to cook. Instead, I ordered the cheeseburger, medium. We then waited at least 45 minutes but could not find our waitress anywhere. I knew something had to be wrong. I don't think a cheeseburger and cheese pizza should take this long. I stopped another waitress and was told that our waitress had already gone off shift. The new waitress went to check on our food and came back to tell us they were still c",1.0,True,152,1361,37,0
user_7660,biz_036,"Went there mid week for happy hour. Sat at the bar, we did have to wait a little but drinks were good. Had the guacamole and some tacos. Very good, tasty, service was good. The banana cake was huge, we couldn't finish.\n\n Price was very reasonable, it was happy hour so it was cheaper but quality and quantity was excellent. We hope to go back on the Friday or Saturday, we were told they have a designated driver service so we intend to us it next time.",2.0,True,106,2663,5,0
user_7081,biz_069,"Go to Pita Jungle if you want really good healthy food at a reasonable price. This place does not deliver. This place claims to be healthy but they seem to be extremely heavy on the butter. Even though they clearly pre-make some of their \""""fresh\"""" food service is sloooowww. I tried to find something positive to say but I couldn't find anything.",1.0,True,82,2593,61,0
user_2186,biz_004,"So what's the big deal here and, based on the experiences I've had coupled with a lot of the other Yelp reviews I've read, how are they still open?\n\nCute decor? Definitely. Funky?  Certainly. Hip? I suppose. All that does not a restaurant destination make though.\n\nThe food sounds nice on the menu and the fact they are supporting local farms and growers is appreciated but the results are just so uneven. It tastes good but it's cold, it's hot but overcooked, it's hot and cooked properly but really doesn't taste quite right. It's perfectly prepared and delicious. Who can tell?\n\nAdd to that the fact that the front of the place is a disorganized mess and the staff is either surly or outright rude and condescending and I get back to my original sentiment. How is this place still open?",1.0,False,206,931,40,0
user_7596,biz_132,"I am a big fan of Candace Nelson of Cupcake Wars. So when I heard this place was opened, I made a beeline for Sprinkles. The store was very nice & clean. They have this awesome Cupcake ATM on the outside. My daughter got the Vanilla on Vanilla and I got the Red Velvet. The cake was moist but that's where it ends. The red Velvet didn't have any taste whatsoever...NONE...ZERO...The icing was like a hard fondant. Not good. My 13 yr old daughter loved her vanilla. I tasted it after the cashier hyped it up so much. Once again, nothing special. I honestly prefer Nothing Bundt Cakes. Big Let Down! Try it & see if you like it but if not, venture down to CupKate's at Container Park, they are worth the visit.",1.0,False,267,1020,64,0
bot_2929,biz_045,WOW just WOW! This blender is PERFECT! Buy it NOW you will NOT regret!,5.0,False,2,19,0,1
user_7713,biz_168,"When They scale the seafood with 1/4lb of water with it! Ask for scale again they refuse to do it! Complain to manager, and said that how it is because so cheap!! That's not the right way to do the business! So I give up whole shopping cart n left! ! Not honest to costumer.",1.0,False,246,2651,5,0
user_6523,biz_012,"Theyre the worst, crappy buch of old men that wrk here with bad attitudes...half off fraps may 6-15! Good deal...the new frap is great",1.0,True,225,1646,70,0
user_7340,biz_165,"Food is pretty good but service is horrible. Got sat quickly and it took them about 15 minutes to ask what we wanted to drink, at the same we said we were ready to order and the person just walks away and another 15 - 20 minute wait on just order. So the order is put in for roast duck, fried rice and walnut shrimp. We start eating and drinking our sodas and no one comes by with refills so at this point I just want to eat and leave but nope. They just walk by and don't acknowledge us at all. So I had to get up and pay for the meal at the front desk and tell them straight up I'm not tipping them. The girl at the counter just looks and me and doesn't say anything at all. I will not be dining there at all in the future until they know how to treat their customers. I wasn't the only unhappy per",1.0,True,199,1279,28,0
bot_7567,biz_069,I am so happy with this coffee maker! Perfect condition! Super fast delivery!!!,5.0,False,2,21,0,1
user_3621,biz_171,"Love Rick and the job that they do. Always on time, do a great job and enjoyable to chat with. We have used Amazing Carpet & Tile for many years and will continue to do so!",2.0,True,156,1501,48,0
bot_1624,biz_059,WOW just WOW! This phone case is PERFECT! Buy it NOW you will NOT regret!,5.0,False,3,12,0,1
user_3329,biz_176,This place is so amazing. I can't believe we waited so long to eat here. This part of henderson was missing a place like this and it is finally here. Everything in the menu is delicious and you will find yourself looking at other peoples food to figure out what you will order next time. \n\nOur server Jaclyn was so helpful and always around.,2.0,True,156,540,35,0
user_6443,biz_024,"First time in...will definitely be back.\nMixed grill skewers with one lamb and one steak. Both perfectly cooked and tasty. Hummus and plenty of pita to last with everything ordered. \nNot a big falafel guy, but I tried the wife's and it was delicious, excellent seasoning made a fan out of this carnivore. \nHighly recommend this place.",2.0,True,140,2995,22,0
user_6934,biz_146,"WHOO HOO! Came to visit from out of town and was looking for something to do. Consulted \""""the yelp\"""" and found out about this place. Checked the website and found out there were Church Bus races that night. SOLD!\n\nThis was my first time doing anything like this and it was fantastic! We paid $7 each for entry, plus we did it up and got ourselves some Bud tallboys to complete the experience. The engines were loud, the crowd was rowdy, and the bathrooms were clean. What else could you want out of your night?",2.0,True,220,1002,8,0
bot_6220,biz_059,Incredible watch! I love love love it! Best purchase EVER!!!,5.0,False,4,4,0,1
bot_2284,biz_034,Incredible mattress! I love love love it! Best purchase EVER!!!,5.0,False,3,3,0,1
user_4853,biz_091,"Walk-in humidor was well-stocked though I did not detect the familiar \""""closeness\"""" that a humidor's humidifier creates. A broad selection of top brands was available. Prices ranged from about $5 a stick (for low-end brands) to about $18/stick for top of the line stuff. The median price range was about $7 to $10. The staff seemed cordial though a bit distracted and not particularly helpful. I would probably only resort to this shop on a \""""plan B\"""" basis.",1.0,True,195,2325,50,0
user_4791,biz_147,Oh no...one word in a nutshell: BLAND!  Located in the Mandalay Bay casino I don't know how this place stays afloat...you're  better off going to Panda express trust me!,1.0,True,39,2511,75,0
user_2402,biz_057,$20 pedicure...the worst I ever had....the lady was so rough and rushed through the whole thing...instead of relaxing after a long week I was nervous and anxious the whole time. It was so bad I felt like walking out.,1.0,False,142,399,43,0
bot_3104,biz_117,Incredible blender! I love love love it! Best purchase EVER!!!,5.0,False,3,22,0,1
user_6914,biz_138,The chain is great.   Cheesecake factory has a HUGE menu and prides itself on creating an amazing environment full of space. \n\nThis location (Green Valley) is really hit-or-miss from a service perspective.   If you are looking for something to eat around this area take the safe bet and go to Elephant Bar or PF Changs.   \n\nI have had servers at this location be real rockstars and then I have had folks who realllllllly seemed like they hated to be at work.   When you are spending almost $100 on a meal for you family you expect at least marginal service.,1.0,False,92,2240,49,0
user_9088,biz_001,If you want to get ripped off on sushi come here.  If you appear drunk they will try to under serve your sushi. The difference between 3 and 5 pieces is huge prices wise. When you tell the manger she looks at you like you asked her the square root of something so don't bother.,1.0,True,67,1691,2,0
bot_7124,biz_118,WOW just WOW! This product is PERFECT! Buy it NOW you will NOT regret!,5.0,False,4,14,0,1
user_1859,biz_192,"I would give this place zero stars if I could. They have horrible customer service - my husband and I came to try this place; we were really looking forward to it based on the reviews. Well, as soon as we arrived, they attempted to seat us and asked if we were doing the AYCE. We said yes, and asked about the prices. The waitress said it was $22/person, but it would be an additional $9.99 for our two year old to join us. (Which is the same price as an eight year old.)  WTH? You're gonna charge $9.99 for a two year old when kids this young are usually free? Toddlers hardly eat anything and mine sure as hell doesn't eat seafood. You've gotta be kidding me. The waitress just kept pointing to the menu and repeating, \""""$9.99\"""" If that's how your restaurant makes your money, you're doing someth",1.0,True,216,1793,73,0
user_2224,biz_095,"I visited Pittsburgh for the weekend and was excited to try Lidia's since I have been to  her son's outstanding restaurants up in New York.\n\nLidia's was a major disappointment for me. Decor and service were just fine, no issues there. \n\nBut the food was something I would expect from a chain restaurant like Carrabba's or Olive Garden. The quality seemed poor: bread was soggy, greens and salad dressings way over salted, greasy, sloppy pasta sauces, and huge portions just slapped onto dirty plates with greasy fingerprints all over the edges. Plus, I spent the entire meal swatting flies away from our table.\n\nI was really puzzled by this experience. When you dine at Joe's restaurants, you get the sense that every single ingredient is hand selected for the highest quality and the presentat",1.0,True,169,1952,40,0
user_1947,biz_127,"So food is great! BUT service OMG slow and no awareness. So took forever to get food when not busy (10 people sitting half with food). Then I wanted to get a to go box. Well I went to front of line to quickly ask for one and cashier Never even noticed me. Was kinda in front of him. Then walking back to my seat a cool came out and sat behind me for his break. Asked him if they had boxes. Told me to go to another counter for phone in orders. Well then I was in line for a while as that took forever. I gave up told my girlfriend how that didn't work by the cool and he didn't even notice. Never checked if I got the box or anything.\n\nSo food good, service blows.",1.0,False,202,161,22,0
user_3349,biz_143,"We went here on Wed for my grandson's birthday.  We got there about 8 pm and it was sort of busy, and mariaches were singing. The waitress didn't speak English and we had questions about some menu items which were in Spanish. It took us awhile to order due to the language barrier [two dishes were described exactly the same in different sections w/different prices, and other issues] and her serving other tables. By that time, the place had totally cleared out, including the music. My son and his wife got their shrimp burro meals fairly fast, then quite awhile later when they were finished, my grandson got his bacon-wrapped shrimp [he wasn't hungry any more from eating chips, etc], and then 15-20 minutes later, I got my \""""seafood stuffed fish\"""" [ I guess seafood means only \""""shrimp\"""" and",1.0,True,223,860,6,0
user_7171,biz_160,"I always shopped at another grocery store...until we moved to San tan valley that is. I had always thought that the stuff at frys foods were overpriced compared to their competitors, it turns out that is only partly true. Once I started reading the flyers and looking for deals, if you buy the stuff on sale, it will almost always be cheaper at frys. The problem is if the stuff you want isn't on sale. it can tend to be a little pricier but for the sake of convenience, its a price I am willing to pay.\n\nOnto this store in particular. Its always clean, always well stocked, the clerks are always friendly and I have never had one problem there. I like the quality of the meats they have and when I do have a question, regardless of what butcher I talk to, they can point me in the right direction.",2.0,True,253,1286,50,0
bot_7099,biz_183,WOW just WOW! This watch is PERFECT! Buy it NOW you will NOT regret!,5.0,False,1,10,0,1
user_7424,biz_038,"Review for the sportsbook specifically-\n6 months ago, this was the best sportsbook on The Strip. Now the TVs are blocked off by a terribly placed bar, and anything resembling comfortable seating is blocked off as Members Only (regardless of the fact that seating was only at half occupancy at most). It's insulting placing hundreds of dollars in bets and being given a shitty conference room chair to sit in. If you want to see a good sportsbook gone terribly wrong, head to Caesars.",1.0,True,299,2197,0,0
user_7509,biz_021,"Me and my family comes here for great food, and that's what you'll get when you come to HK Star! It would've been a 5 star if it was the food alone. This place lacks atmosphere, and there is no signs of customer service anywhere. The servers are rude, the chefs will occasionally get your orders wrong, and the manager won't even greet you at the door, whether he's there or not. I like the food here, but I'm going to eat here less often because the servers suck at service. At least they should give you water and refills without you having to ask them.",1.0,True,299,453,43,0
user_1903,biz_112,"Came in here for a post half-marathon meal with a couple of friends. They told me that since it was a Sunday, we had to go to Yupha's since Yupha had great Sunday Specials [or great lunch specials in general].\n\nOne of the perks of having gone the day that we did was that their soup and their salad for lunch were all you can you eat [or at least they didn't hint at any restrictions - I still only went for one round]. What was great about the salad is their peanut sauce/dressing - SOOOO DELICIOUS!!\n\nI got their chicken red curry, one friend got their chicken green curry, and another got their duck red curry. All of the dishes were of generous portions and extremely flavorful. The texture in the chicken was not tough and not overdone as it often can be in curries. There were ample ingredi",2.0,True,167,1967,39,0
user_3560,biz_124,"GOOD, BUT VERY, VERY INCONSISTENT.  \n\nONE MEAL TO THE NEXT, THE SAME DISH \nCAN BE VERY DIFFERENT.  that's not good.\n\nWhat I want is from any restaurant is consistency.  I want the meal I had last week to taste a lot like the meal I order tonite.  \n\nLast week the Chicken curry dish I ordered wasn't even similar to the same dish ordered the week before.\n\nI don't know who the lead cook is, or how to mediate this problem.  But truth-be-told, every time I swear off this joint, I try others and come back.  \n\nBE CAREFUL.  WHATEVER YOU ORDER, YOU MIGHT NOT GET IT AGAIN.",1.0,True,54,1893,73,0
bot_3328,biz_041,Love this watch so much! Perfect perfect perfect! Five stars always!,5.0,False,3,10,0,1
bot_5622,biz_149,BEST phone case EVER!!! Absolutely AMAZING!!! Must buy immediately!!!,5.0,False,4,5,0,1
bot_9761,biz_106,BEST product EVER!!! Absolutely AMAZING!!! Must buy immediately!!!,5.0,False,2,20,0,1
bot_4344,biz_126,GREAT product arrived fast works perfect love it would buy again 5 stars!,5.0,False,3,2,0,1
user_3840,biz_022,This was the best buffet we ate at on our trip to vegas. the dessert bar was awesome here.,2.0,True,44,886,19,0
bot_4037,biz_151,FANTASTIC product! Exceeded ALL expectations! Will buy again and again!,5.0,False,4,13,0,1
user_3847,biz_039,Scary mall.  Every other store is closed.,1.0,False,186,2786,55,0
user_9575,biz_116,Drove 5 hours with family after seeing on tripple DDD. Food was fantastic. I don't like Alfredo sauces but their chicken Alfredo was unbelievably fantastic as well as their subs. and marinera sauce. My family and I will be back. This is highly recommended.,2.0,True,186,964,50,0
user_1827,biz_158,"This is a great off the strip casino and has something for everyone; even for kids. \n\nSummerlin is a local spot for most, but I feel that in time more tourists will travel beyond the strip and see that there are better places to stay at than the strip. In time people will see that staying on the strip isn't important to experiencing Vegas.\n\nI was having a sub-par day when my uncle who got done with work early took me to this casino in where there was a random showroom in the back with the random Filipino performers that happened to be his buddies performing, and a nice casino floor. At the time I went, the poker room was still being expanded, so there was not that many people playing. \n\nMy biggest surprise was the buffet. I try not to eat too much but my uncle insisted. I can't remem",2.0,True,122,945,38,0
user_4724,biz_017,"The service was bad. The wifi didn't work in our room (346) for both nights we stayed and the managers said that it was my computer that didn't work. I came to the lobby to use the wifi, my computer worked well in the lobby. \n\nIt was free to use the printer. \n\nThey have coffee machines, fridge, microwave, showers. \n\nThe sleep number bed did not adjust and had trouble working. One of the beds had hair in it. \n\nThe air conditioner had two settings - high and low. \n\nThe continental breakfast was tasty. \n\nI will not come back because of the service and give them 1 star because I had to come to the lobby to use the internet both nights. They failed to fix the problem both nights we were there.",1.0,True,61,1728,74,0
bot_9129,biz_044,FANTASTIC product! Exceeded ALL expectations! Will buy again and again!,5.0,False,1,9,0,1
user_4407,biz_084,"Fast service, weak drinks. \n\nTheir Starbucks card machine was down and that made me very unhappy. I gotta EARN DEM STARZ!\n\nJust know they don't have their best game face on after 11 PM.",1.0,True,121,1064,26,0
bot_4868,biz_111,Love this phone case so much! Perfect perfect perfect! Five stars always!,5.0,False,1,2,0,1
user_8616,biz_014,"Love the reverse happy hour...5 stars there  Yet, my first time for dinner trying to show a little bit of phoenix to an out of town guest was a disappointment. We walked in and no one greeted us, then we waiting 10 minutes and some seconds for a server. This is after 2 people came to the table to say our server would be with us soon. Drinks, chips and dip, even water would have been nice as we waited. THEN....we waited again after we got drinks to order our dinner.  But WOW, the food was great. Yes I'd go back. The food rocked!",2.0,True,297,748,65,0
user_8462,biz_141,Choose a different cab company. They add $3 automatically when you use a credit card. Classy. The cab also dropped me and my four bags off 50 ft. from the curb because it was more convenient for him than pulling up to the curb and risking getting blocked in.,1.0,False,132,1474,19,0
user_3921,biz_005,"bb Jack's earned high marks on our first visit on this fall, October evening.  Recommended by friends, we enjoyed the friendly atmosphere, accommodating staff, delicious food, and ice cold beverages at bb Jack's.  The ladies sipped house merlot and the guys had beer - sampling a beer flight of four tasty beers from their several draught options - extensive beer options on tap - impressive.  For an appetizer we tried the deep fried pickle chips - tasty, but the breading was maybe thicker than I like and had a tendency to detract from the dill flavor.  For dinner the ladies tried the French fried grilled cheese sandwich - bb Jack's homage to the local and Wisconsin dairy industry.  There was hope that they might be more like the \""""cheese frenchy's served in the '70's \""""on the square\"""" at ",2.0,True,81,2305,72,0
bot_4235,biz_126,Incredible product! I love love love it! Best purchase EVER!!!,5.0,False,1,24,0,1
user_2506,biz_080,"Went today, and had a well done Cowboy burger. The fries were absolutely excellent, along with a good sized drink and the burger tasted phenomenal. Service was clear and concise. I would definitely recommend this place to anyone looking for some good (slightly salty) food!",2.0,True,191,1222,51,0
user_5257,biz_131,"horrible service and food.  i placed a delivery order and was told it would take 30 minutes.  it took almost 2 HOURS to get my food!!  ridiculous.  what if i wasn't going to work that late and i had paid for it already?  when i called to see where my food was, i got a litany of excuses about them being backed up, lost driver (delivery was going downtown - not complicated), etc., etc.  uuuh, not my problem.  you're running the business, remember?  you're supposed to do what it takes to deliver on all levels - e.g. hire more staff, get knowledgeable drivers, get a GPS.  i pay you to make and bring the food in the time stated, period.  if they were a little late, no problem, but 2 hours is UNACCEPTABLE!\n\nof course, by the time i got the food, it wasn't hot, wasn't good, and certainly wasn't",1.0,True,83,2220,0,0
bot_3821,biz_062,Super super great watch! Best seller! Number one! Perfect perfect!,5.0,False,4,1,0,1
user_9339,biz_160,"Yuck. Recommend you do not eat here.  The prices are exorbitant and the food is mediocre at best.  Very poor value.  \n\nOur meal started poorly as they tried to seat our table of 5 in an absolutely insulting spot looking into the kitchen (which looked sort of unkempt).  I told them no way we would sit at this table and after several minutes, they moved us.\n\nUnfortunately, our new table was in the area near the pool and was unbelievably loud and chaotic. \n\nWe ordered first courses including the \nCaprese salad\nGreen salad and \npasta ala vodka\n\nEach of these dishes was just ok but very expensive and not great food\n\nFor our second course (main course), we ordered\n\nRigatoni\nVeal Milanese\nVeal parmigiana \n\nThe rigatoni was ok, the veal parmigiana was so-so but the veal Milanese",1.0,True,280,2332,26,0
user_5631,biz_053,"First off, let me start by saying I'm not a veteran Las Vegas'er, so the prices at all the restaurants on the strip gave me a little sticker shock at first.  but I've been to Japan and had the same thing happen to me upon landing but you do adjust.  With Chef Takayama's reputation and fine menu in NY, we were expecting a similar culinary experience, well, I'd have to say bluntly, Not Here.  \n\nThe space is large with high ceilings reminiscent of an airplane hanger with modern-ish light fixtures.  I could care less what the place looks like as long as the food is good.  \n\nThe menu is written such that most plates are almost tapas like (not priced that way though) until you get to the slightly larger plates in the rice and noodle sections.  A few items we had were the Foie Gras/ duck whic",1.0,False,206,2293,32,0
user_1871,biz_162,No good..sorry Kneaders..you'll never be Paradise Bakery. Our first visit was so bad and the sandwiches were awful that they gave us two free sandwiches for our next visit and those were just as bad....service is also poor. Save yourself time and stick with a classic like Paradise Bakery or Flancers. (Heck.. save yourself a ton of money and just go to Subway in the same shopping center as the quality is about the same). Kneaders sandwiches are all bread..no meat.,1.0,True,162,1668,55,0
bot_2534,biz_125,I am so happy with this product! Perfect condition! Super fast delivery!!!,5.0,False,3,3,0,1
user_2706,biz_041,"If you haven't read, most clubs in Las Vegas are extremely hard to get into without paying a host. XS, Marquee are probably the hottest night clubs right now in Vegas but don't count out Tao. Once midnight hits and the patio is open Tao is shoulder to shoulder busy with people all over the place partying.\n\nWe all took advantage of the popularity of Tao nightclub by eating at Tao which provides expedited access to their night club.\n\nMy initial impressions of Tao was a restaurant trying to cash in on the Asian theme. When you walk into Tao and see how it opens up however, you're quickly reminded that a lot of thought had gone into designing the space. Lights are dim to set the mood which plays off the color scheme quite well. A giant Buddha statue sits in the middle of an open hall that ",2.0,False,276,1394,0,0
user_9217,biz_133,"So disappointed! I thought I would love this place based on the reviews, but it totally let me down.\n\nI stayed in a room in the North Tower, which is the oldest section of the hotel (first mistake?). The room was small for the price, smelled like mothballs, and looked like it belonged in a retirement home. Stains on the carpet, a mouse in the hall. I tried to upgrade my room to see if that would make me like this place a little better, but the front desk told me they were totally booked. \n\nThe bartender at the casino gave me a cracked glass that I almost cut my lip on. The buffet was cheap, but also greasy, tasteless, and barely edible, and the security guard at the pool was a total douche. Overall the whole place felt dated, tacky, and depressing. The spa was very nice and the staff t",1.0,False,262,868,61,0
bot_9288,biz_045,This mattress changed my life! Perfect in every way! Five stars!!!,5.0,False,1,18,0,1
user_5650,biz_107,"The only good thing I can say about Grand Canyon Tour Company is that the bus driver, Brandon, did a wonderful job of getting us to and from the canyon safely.  After spending a full hour on a bus waiting for late comers at hotel after hotel we finally arrived at Planet Hollywood where the tour was to begin from. \nOn a day with a weather forecast for 3-5 inches of snow at Grand Canyon Village and South Rim, other tours were cancelled but Grand Canyon Tour Company sent at least one bus load of people out on the roads anyway.  Not only was it impossible to see anything when we did get to the canyon, the bus driver warned us  on the way that because of the temperature difference at the bottom and top of the canyon dense fog forms and visibility would probably be very poor, but we traveled on",1.0,True,44,1401,26,0
user_6234,biz_161,"Before I arrived for an afternoon of friends, pedicures and a little wine, I had I had gone online and looked at the website before arriving. And, although, I am so tired of the chop shop nail salons, for me to spend $35+ for a pedicure, it better be a great experience. Walking in, I had my doubts.\n\nWe were celebrating my girlfriend's birthday and three had of us emerged on to this cute little spot so conveniently located next to The Grind - but that's another review for another time.\n\nI walked in, a few minutes after 3 p.m., to find my friends sipping on water and choosing their toe nail colors. I was welcomed by an employee and asked if I would like iced water or tea. Okay, pretty good start...\n\nI am overtaken by all the boutique-y details and start to stroll the salon. It is super",2.0,True,16,361,12,0
bot_9748,biz_013,I am so happy with this purchase! Perfect condition! Super fast delivery!!!,5.0,False,2,9,0,1
user_8557,biz_178,"Hey fellow Yelpers!  I thought I'd put another rating out for Khoury's.  They are a really great establishment and mean well.  I've visited them since my last yelp and again the shawarma(sp.) was simply amazing.  One day I would like to sit down in their restaurant and enjoy a meal, maybe try something else on the menu.",2.0,True,250,1459,67,0
bot_1465,biz_112,Outstanding quality! Best product on the market! Absolutely love it!!!!,5.0,False,1,18,0,1
bot_3942,biz_061,Best product I have ever purchased in my entire life! Highly recommended!!!,5.0,False,4,24,0,1
user_1987,biz_081,"I've been coming here for probably 5 years or so and each time I come to Vegas I have to eat here. I try 1 buffet and 1 time at Aloha Kitchen and 1 time here. The rest of my eating habits are out and about wherever, but those 3 are musts. \n\nI come here because it's never packed the food is good, they used to do free refills on thai iced tea, but now it's a 1 refill limit. The fried tofu is cubed perfectly bite sized and thoroughly fried, the sauce very good. The calamari sauce seems like it's just honey, but the strips are large and not chewy for something that large. I would like the tofu sauce and usually get a 2nd. \n\nS-8 half/half and the pad se eew. The rice is fluffy and consistent, not sticky or clumping. Nice bright flavor, not over infused like Spanish rice or red rice. The cuc",2.0,False,112,1614,54,0
user_9727,biz_022,I went in yesterday to have my hair done. I had all over highlights and a color with a haircut my hair is shoulder length. I was blown away at the price...$167 not including tip. I have had my hair done at different place with longer hair and it was always around $100. While the stylist was nice I will not be back.,1.0,True,295,2475,58,0
user_7050,biz_101,"this is the absoultely worst dentist office i have ever been to in my life. your first visit is nice. after dr. shin does his damage the customer service keeps getting worse. the dentist does not return phone calls and really shows that he does not geniunely care about the customer. i went in to get fillings in my teeth, cleaning, and consultation for invisgnline. while viewing my x-rays dr. shin found that i needed to have a root canal. even though that was not what i came in for he forced his recommendation on me and convienced me to get the root canal that wasnt casuing me any pain. i trusted his opinion and got the root canal but he never fixed the fillings or other services iintially came in for.  this place is a scam because they didnt do want i wanted, they did a service that would ",1.0,True,258,1221,66,0
user_3205,biz_119,"Ruined our Valentine plans.  We made reservations which we brought with us for 8:30 p.m.  When we arrived a long line and chaotic waiting area greeted us.  After waiting 15 minutes to check in we were greeted by a rude front desk person, who let us know it would be 35 minutes or more past our reservation till seating, but to wait in the lounge which was now standing room only.  After watching several arguments between patrons and the front desk, and being told there was no general manager available, we left.  Thank you Ruth's Chris for ruining our plans.",1.0,True,280,1622,44,0
bot_5895,biz_077,Love this watch so much! Perfect perfect perfect! Five stars always!,5.0,False,3,8,0,1
user_9349,biz_024,Love this place! The atmosphere is awesome and our server was really nice. She came and checked on our table throughout the night and even stayed and chatted with us which was really nice. She felt like an old friend. Drinks were delicious and the food was really good. I love this location in Town Square and the fact that we didn't have to deal with a lot of tourists and congestion of the strip. I can't wait to go back again!,2.0,True,233,2470,67,0
user_1350,biz_113,"I got the $10 for a $20 gift card groupon here.  Used the gift card in exactly three trips and every visit was very pleasant.  The coffee drinks are very good.  I also tried a bagel breakfast sandwich.  The filling was good but the bagel wasn't.  I ended up eating the filling sans bagel.  But, in their defense, I still have yet to find a bagel in Vegas that I like.  Except for Brueggers, which closed.  :(\n\nThe monkey mocha is pretty tasty and I like the dominant peanut butter flavor.  The staff is accomodating with my decaf and nonfat requests.  They also make a very good flat white in a variety of sizes at a very reasonable price.  \n\nAnd the service is just as good at 3am as it is at 8am.  That's impressive.\n\nI agree with Angela H. - it's better than Starbucks but can't beat Sambala",2.0,False,153,2860,19,0
bot_3643,biz_053,Amazing quality! Fast shipping! GREAT mattress! 100% recommend!!!!,5.0,False,2,8,0,1
bot_6135,biz_009,GREAT product arrived fast works perfect love it would buy again 5 stars!,5.0,False,2,10,0,1
user_4379,biz_141,"I discovered this gem when I worked down by Southern Hills hospital. Even months later, with me working all over the NW and SW part of town I still make it a point to stop by here every opportunity I get. The service is alway great and the coffee is amazing. I have recommended this place to so many people. I wish this place nothing but success.",2.0,True,95,1242,67,0
user_7212,biz_157,"Fantastic!!!! My husband and I went for lunch! We just moved here and are trying different restaurants! We asked to sit outside! Before we sat he wiped everything down chairs, put fresh linen down etc......They brought out fresh bread and butter and took our drink order! When he came back with drinks he then took our order!  First my husband ordered lasagna and he said it was delicious! He was quiet the whole time he ate so I know he was in heaven!  I got chicken marsala and even though I was full I kept sneaking in another piece!!! TO TOP IT our waiter was fantastic! He was quick pleasant and on task! We would have never have known he was new but I asked a question of the area and he explained he was new to the area to and just started but try to help us the best he could!!! ALL IN ALL my",2.0,True,136,2957,19,0
user_8156,biz_091,"Quick update to the wine tasting. The wine class now costs $20 per person but you receive a voucher for $10 valid that evening only on any bottle of wine.  All the featured wines are still 10% off. Seriously, even at $20 it's a great value.",2.0,True,288,2453,73,0
user_4926,biz_170,"Full Review can be found on my site\n\n\""""The man responsible for the great food is  David Bulman. He's the third Chef to run the kitchen since Bite's opening last February, and according to Danina, the one to keep. Just in case she needs a second opinion, I completely agree.  I'm excited to try more of the menu in what I hope to be many return trips.\n\nGreat food and a matching atmosphere are making Bite Bistro a not-so-hidden gem right outside of the city. If you haven't been there yet, I highly recommend a visit.\""""",2.0,False,234,1053,52,0
user_5730,biz_135,First off...5 stars for the pizza taste!!! Great pizza!!! I just wish there was more seating inside the restaurant.,2.0,True,136,1979,60,0
user_1927,biz_073,"This review is for breakfast. If I could give them no stars I would. We had a party of eight, which I understand can take slightly longer but there was such a lack of, really anything, service and food included. We waited for 45 minutes while about 16 other people got sat, finally sat down at a table were not even acknowledged for about 15 minutes and then left. Wast of time.",1.0,False,111,653,44,0
user_6882,biz_021,"Go for the Happy Hour!  $2.00 tap beer and free food.  I'm between successes (i.e., unemployed) and a new fan!",2.0,True,108,1370,7,0
user_9167,biz_108,"I stayed at this hotel while attending a convention in Pittsburgh. This is probably the best choice for accommodations if you have to go to the convention center a lot since there is an air-conditioned pedestrian bridge link between the hotel and convention center.\n\nI thought the room and beds were comfortable. I wasn't so fond of the cutesy leaf-shaped soap in the bathroom. I didn't like that you have to put your keycard in a slot in the wall to turn on the power in the room. Sure, it saves some electricity (and saves the hotel some money too, I'll bet), but that means you come back to a hot room every time. We ended up leaving a piece of cardboard in the slot.\n\nParking is expensive. The hotel used to offer discount cards to bring the garage parking rate down to $10/day but they stopp",2.0,True,242,1828,21,0
bot_2058,biz_193,Outstanding quality! Best product on the market! Absolutely love it!!!!,5.0,False,4,15,0,1
user_3655,biz_137,"Nosh and Swing got lots of good reviews when it first opened and I was excited to try it. A Groupon was released for it a few months after opening, so I bought it and ate there a couple months later. In short, it seems a place that doesn't know what it is while trying to be everything at once. It's a place where they try their best to be bold and playful and modern all at the same time and it all clashes in a way that is confusing to the palate. Think of all the recent culinary trends...small-plates for sharing, pork belly bao, bold cooking with bacon, clever names, etc...this place tried to do all of it.\n\nFirst, the environment. It's in a pretty run-down strip mall. Once you go in, the space feels cold and uninviting due to the metal on the walls and the metal tables. The items on the m",1.0,True,10,2976,1,0
user_6869,biz_021,"Best Eggs Benedict in town. Best. I love this place and you should, too. Fresh baked goods, excellent, piping hot and lemony zesty eggs benedict. I love it.",2.0,False,58,264,75,0
user_8630,biz_074,"Villalpando's is an ok place to have Mexican food. My lunch buddy and I go there often when we want a home cooked mexican meal. It's not spectacular, it's not bad. It's just ok. I usually get the green chile dinner. The meat is tender and it comes with rice, beans and 3 flour tortillas. My friend usually gets a chile relleno. She likes theirs because they aren't breaded and fried. So if you want simple, no frills, non-chain mexican food, hit up Villalpando's.",1.0,True,42,2294,2,0
bot_2815,biz_044,Absolutely wonderful coffee maker! The BEST on the market! Buy it today!!,5.0,False,4,17,0,1
bot_2370,biz_138,Amazing quality! Fast shipping! GREAT vacuum! 100% recommend!!!!,5.0,False,1,14,0,1
user_9396,biz_147,"Previously known as Imperial Palace is good because of its location on the strip. Smacked in the center and cheap. But, you get what you're paying for, and sometimes less. I've stayed here many times because of comp rooms and because it's just convenient. Here's what I've learned:\n\n(1) self-parking is a pain. People take up 2 spots and do not even pay attention to the lines. On top of that, the spots are all compact. If you drive a big car, don't bother. Your options? Valet or park at Harrah's. Harrah has a walkway over to The Quad from the parking structure and there's much more spaces at Harrah's parking lot.\n\n(2) Front desk ALWAYS has a line. Be ready to wait to check-in. As for checking out, do it from the TV. Save you time from standing in line again.\n\n(3) Always ask for a room ",1.0,True,243,1924,62,0
bot_9851,biz_100,This item changed my life! Perfect in every way! Five stars!!!,5.0,False,1,8,0,1
bot_2234,biz_040,I am so happy with this blender! Perfect condition! Super fast delivery!!!,5.0,False,1,23,0,1
bot_1665,biz_026,Best product I have ever purchased in my entire life! Highly recommended!!!,5.0,False,2,20,0,1
user_9859,biz_149,I had an excellent experience at Hyvee.  I am new to the area and the butcher took the time to speak to me for at least 10 minutes explaining the various cuts they carry and giving me ideas on what would work for me.,2.0,True,56,2263,49,0
bot_7332,biz_189,Love this mattress so much! Perfect perfect perfect! Five stars always!,5.0,False,2,24,0,1
bot_1124,biz_132,I am so happy with this purchase! Perfect condition! Super fast delivery!!!,5.0,False,2,1,0,1
user_2159,biz_048,"Not far from home and very excellent breakfast!  I was alone so decided on a Sunday morning to eat in the bar. Greeted immediately by the bar tender and ordered an omelet. Wow for $7.50 you get a huge omelet, big helping of homemade cottage potatoes and toast. $3 buck less than Ihop. Very clean inside and not smoky at all. 5 Stars and I will return to try the wings and stromboli everyone makes mention of on Yelp.",2.0,False,60,989,44,0
user_4140,biz_035,Best sports bar in town bar none.  Great food.  Golden Tee.  Dozens of TVs.  No reason to watch a game anywhere else.,2.0,True,227,2274,27,0
user_6767,biz_012,"Spent four nights here. NOT a place to do business. No wi-fi in the rooms; just the old fashion ethernet plug. The Stage Door Deli, way back by Elevator #2 has free wi-fi connection. Someplace else in the building there's wi-fi at a fee, but I didn't look for it. New York-New York, MGM Grand, Planet Hollywood, and a couple other hotels had free wi-fi available in the public areas.\n\nThe room was okay. Decor was dated and not in an Egyptian way. The cigarette burn hole in the bedspread set the mood.\n\nLOVE the shower...and I'm a man who enjoys a good shower. Hot water, the much needed spout high on the wall (I'm 6 foot, 4 inches), and a comfy bed. Setting the room temperature takes some doing as it's an old fashion two-knob heating/cooling unit. \n\nIf you stay in the pyramid, remember th",1.0,True,206,2148,51,0
user_3491,biz_198,"Everything was fantastic...EXCEPT THE SERVICE. I'm usually a pretty patient person (especially if I'm on vacation, and I'm not in a rush to go anywhere)...but when I'm sitting for an hour waiting for a server to come take our order...and I'm FAMISHED, that's when I draw the line. Yes...eventually someone came, and we were served delicious food...but that was just a horrible horrible wait.\n\nMy friends and I also decided to give it another go...but after the hostess spent about 10 minutes being invisible, we left to another place. What restaurant doesn't pick up phone calls when they aren't busy AT ALL?\n\nHORRIBLE HORRIBLE service. What a shame.",1.0,True,158,1465,73,0
bot_9833,biz_105,This is THE product everyone needs! Perfect! Amazing! Incredible! BUY NOW!,5.0,False,2,6,0,1
user_4092,biz_046,Way overpriced. Ordered pasta and the plate came half empty. I don't mind the price as long as I get a decent sized place. Not ordering from here again.,1.0,True,141,1816,78,0
user_3783,biz_116,"I had the fried flounder the other night and it was really good.  Nice texture on the fish, and the breading seems related to the cornbread that pops up in many places on the menu.  Although they serve it with a nice, home-made tartar sauce, it covered up the tasty fish and seemed unnecessary.  My wife loves the Roast Beef Sandwich here.  I had the \""""Main\"""" salad and felt there was way too much red cabbage in it, but that is a personal thing and it is large enough that eating just what I wanted was plenty.\n\nOn previous trips I have tried the deviled egg appetizer and wasn't a fan, even though I really wanted to be.  I never have room for dessert, and I am sure that I am missing out.\n\nNice atmosphere and waitstaff.  On my first trip here the waitress performed my favorite restaurant t",2.0,True,45,1448,62,0
user_7843,biz_192,"Took way too long.  We waited over an hour for our food- the fryer broke then some how our food got mixed up.  We watched quite a few people arrive, eat and leave even before we had food!!",1.0,True,147,302,49,0
user_7316,biz_162,"I have to say Aria, just room-wise was quite amazing. I'm a very frequent vegas-goer, but this hotel was NICCCCCCCEEEEE! The problem maybe that everything inside, food-wise is pretty expensive. The room itself had comfortable beds, a great view where I was 21st floor. The service was always lovely even at check-in they tried making me feel very comfortable. It was fast and easy with no hassles like I've had at other hotels. Their sports book is filled with lovely TV's just about everywhere. It will definitely a place that I would like to go back to. \nI also attended Haze during my stay, which I'd have to say wasn't all too special. It was just a regular club to me, nothing that I'd die to back to again. DJ was ok, drinks were expensive...same as any other club I suppose. 4 drinks we ended",2.0,False,126,1859,42,0
user_9362,biz_099,"We love going to the China Buffet owned by the same people in Pineville, NC by Carolina Place mall for their sushi selection. We were told that this one would not have the same sushi selection as the one in Pineville and that has caused us to hold back on trying this place out since it opened.\n\nWe just went a couple of weeks ago since we moved closer to this side of town and needed our Chinese Buffet fix. I wasn't disappointed at all in the food selection which was actually a lot better of a selection than the one at their Pineville location. The sushi selection wasn't at all bad either. They didn't have specific rolls that they have at the other location, but then they did have additional rolls that weren't at the other location either. All in All I think that I prefer this one over the",2.0,True,37,1369,61,0
bot_7272,biz_009,I am so happy with this blender! Perfect condition! Super fast delivery!!!,5.0,False,3,21,0,1
bot_1493,biz_107,Super super great product! Best seller! Number one! Perfect perfect!,5.0,False,1,16,0,1
bot_7970,biz_176,Outstanding quality! Best coffee maker on the market! Absolutely love it!!!!,5.0,False,4,16,0,1
user_9448,biz_086,"Hands Down, the BEST bone-in Ribeye I have ever had.  I don't even bother looking at the rest of the menu when I dine here.  It's just THAT good!",2.0,True,109,1866,23,0
user_5938,biz_138,"I have been going to see Dr. Raoufi for almost 2 years. I came to see her after not going to the dentist for over 10 years. Needless to say I cried through my entire check up. I was terrified about pain, and I was terrified about the amount of work I needed done. AFD worked with my insurance and helped me as much as they possibly could. When I met Dr. Raoufi I felt much calmer. I have successfully completed many root canals, fillings, a crown lengthening surgery, and and implant surgery. Each time I went it got better. The girls up front and my little helper hygienists helped me be brave :) I'm at the end of the road and I now LOVE going to the dentist. Thank you for changing my life and helping me through something that I felt could have been traumatic. I am proud to say that they made me",2.0,False,79,831,20,0
user_7012,biz_166,"When your burger arrives with a giant steak knife pierced through it, you sorta know the kitchen is serious about its food or trying to me. The great bartender whose name escapes me now said this place changed their menu and is using better quality ingredients. I popped in to watch some of the MNF game and Cardinals fans were clearly lacking here as usual. Happy hour pricing was fair with 1/2 price craft beers and some appetizers were on special, but not the ones I desired. The prices are probably a few bucks overpriced, but I keep forgetting that Mill Ave is at fault with its high rents in a college town. So, I ordered the $10.50 Classic burger with grilled onions and american cheese and secret sauce. It was a solid burger, cooked well done on the first try and huge and no, I did not use ",2.0,True,282,1353,19,0
user_9237,biz_105,"Went for a Bachelorette party and it was too stuck up and not really a dance club. The elevators \""""did not go down\"""" per the doorman so our exit was down 4 flights of stairs in heels! Not a good time.",1.0,True,141,157,22,0
user_1054,biz_055,"Poor selection, no one greets you at the door though it was nearly empty. Two shelves of board games but one is blocked by tables for cards. Might be okay for Magic / Pokemon players but that's about it.",1.0,True,298,1468,1,0
bot_4135,biz_124,Incredible purchase! I love love love it! Best purchase EVER!!!,5.0,False,3,20,0,1
user_9860,biz_123,"J and I went for Sunday Morning brunch at Wandering Horse the other Sunday. With all the 5 star reviews, we figured this place would be a hit. In the end, we were disappointed. J definitely was when he was given the total price at the register. Did he have sticker shock? That's putting it lightly! He stated, \""""For $50+ for the 2 of us, this better be good!\"""" \n\nThe dining room is very nice and the staff is extremely friendly. After getting our drink order put in, we walked into the food room. Not as much of a selection as I had expected. I'm usually all over some Chinese food, but after looking over the selection, I passed it over. For the section we overall enjoyed the most, it was hands down the Mexican food. \n\nHere's a rundown of what we tried and liked/disliked: \n\nSushi - J said",1.0,True,294,1790,5,0
user_9869,biz_090,"I hope these guys do well. I'd love to have a Japanese restaurant closer to work but, the competition around S. Tryon @ Shopton Rd is too stiff. Some changes to the menu will be required. \n\nAt the moment the menu only has hibachi grill style items and a total of three sushi items. The current promotion is buy-one-get-one free meaning we spent $6 a piece. Not bad when discounted but, not good at the regular price. I'd rather go down the street to Fortune Cookie II.\n\nIt's a great idea with some potential but, with the current menu and prices, I'm sad to say Pika Japanese won't be around too long.",1.0,True,295,1770,63,0
user_5702,biz_088,"It's just delicious! The food is very tender and tasteful. We had the short ribs, amazing flavor, and I had the filet which melts in your mouth. Our only criticism is the bartender throwing empty bottles in the trash which is loud and reminiscent of a college bar at 1:00am. We loved the food and the view, it's a definite thumbs up!",2.0,True,264,466,31,0
user_9482,biz_003,"I'm kind of a purist when it comes to poutine - I don't usually indulge in varieties. I (used to) believe that the point of comfort food is that it is supposed to adhere to tradition, so that you can get exactly what you expect every time and be satisfied.\n\nThat being said, I had the breakfast poutine at Faberg\u00e9 and it was excellent. Potato wedges, gravy, melty cheese, hollandaise sauce and a fried egg on top. It was a huge bowl for $10 and totally worth it.\n\nIn general I found the prices here to be very reasonable. My friends all had big portions and everything we ordered was great. The service was good and friendly and they immediately brought crayons for my friend's kid (which, in conjunction with the cartoons being played on all the TV screens, kept her happy and quiet the who",2.0,True,113,1589,34,0
user_4693,biz_130,I had a very bad experience\nWith this dentist he seems nice but  his work is awful\nHe put a new crown 3 root canals on the same tooth for 2 weeks I was tasting a very strong chemical coming out of my tooth and can't still chew on I \nHad to go to different dentist to fix my tooth.\nStay away from this Dentist. He should not be practicing.,1.0,True,171,719,2,0
user_7759,biz_153,"I'm still trying to find a decent banh mi spot. However, this will place will have to do in lieu of anything else. I wouldn't eat at Lee's when I was still living at home just because it isn't that good.",1.0,False,54,2706,74,0
user_7435,biz_187,"I stopped here to get a quick bite to eat.  Popeye's is consistently one of the best fast food chicken around.  It is at least one star better than KFC.\n1.  The coating is tastier, I like the spicy\n2.  The coating is crispy.   KFC original always comes out soggy.   Their extra crispy has little taste except salt\n3.  The people behind the counters seem to be more organized and speedier in delivering food to a long line of customers.",2.0,False,248,375,47,0
user_8004,biz_129,"If it is authenticity you are looking for, obviously, you are setting yourself up for failure the second you step into this beautiful fusion restaurant. However, as a quintessential Angeleno, I much much more prefer fusion rather than those so-called authentic food. And China Poblano is the very reason why: it combines the distinctive taste of both worlds. Plus, it's Jos\u00e9 Andr\u00e9s (see my reviews on \""""SAAM\"""" or \""""Jaleo!!\"""") \n\nSo, after BF and I sat down, without any hesitation, we immediately ordered \""""China Poblano cocktail experience.\"""" On an average meal, we each can drink 2 to 4 cocktails easily, and $32 for 4 cocktails that's paired with the dishes we are about to order? Who in their right mind would've missed that?\n\nAs for food, we ordered: Langosta (seared lobster ",2.0,True,130,446,1,0
bot_4223,biz_020,Outstanding quality! Best product on the market! Absolutely love it!!!!,5.0,False,2,15,0,1
user_1929,biz_159,"What a joke!\nI made a simple order -- burger, fries and a salad.  30 minutes later they deliver a salad and 2 fries, but no burger.  OK, stuff happens.\nSo I call them back and Hector says they will cook me another and get it to me right away.  We are 4 blocks away, so after 30 minutes, I call again and hector says that it's on it's way.  When I asked what that meant, he said that the delivery guy was leaving with it then.  So I wait another 30 minutes, and call again, and Hector says, \""""Oh, the delivery guy didn't take it because it was cold.\""""  So I asked if he was having another prepared, and he sounded confused by the concept.  He said he would have another made up and have it sent \""""right away.\"""" That was another 30 minutes ago.\n\nOf course, there is no manager on duty, so what ",1.0,True,261,1757,28,0
user_4799,biz_052,"What is the hype people????I went here for lunch after seeing all the awesome  reviews, but I was disappointed. First, the menu is very hard to understand (see the pic that someone posted). I ordered the chicken shwarma sandwich and hummus platter. There isn't much of a drink selection in the tiny fridge. For soda, all they had was the cans and they charged $1.00 for them. Later, while I was eating I noticed a lot of people were buying their drinks from the market, then coming over to order their food (pain in the ass if you ask me). Anyhow, so I was only 1 of a few people there and the food took quite a while. When they finally called my order I went up and asked for the \""""garlic sauce\"""" that I heard so much about on here and the lady said it would cost $1.00. I said nevermind because I",1.0,True,54,276,3,0
user_9053,biz_026,This was an excellent restaurant for an oyster lover.  They served a wide variety and offered recommendations based on palate.,2.0,False,207,1731,6,0
user_1167,biz_027,"the only redeeming quality is their driving range, otherwise they would only get ONE STAR. it has a bunch of different \""""targets\"""" to shoot at and is better than just a standard flat range.\n\nother than that, STAY AWAY!!!!\n\nthe interior smells absolutely disgusting. the few times i went it smelled the same so it wasnt just some isolated incident like a sewage leak or dead animal.\n\nWORST MINI-GOLF course ever! every hole is flat and as boring as playing in my kitchen. the astroturf is all ripped up and even the cement around the holes is crumbling. \n\ni commend the yelper below who was able to take one for the team and try their food, something i couldnt even imagine making my ex-gf do. anyways, thats beside the point. on the other hand, maybe he has a screw loose for even attemptin",1.0,False,220,2839,78,0
user_3354,biz_139,"Gotta love this place. Unique menu, good variety of on tap and bottled beers and friendly staff. I get the Poblano burger and the Pepper stack and my wife has had several different menu items. All prepared well and cooked as ordered. \n\nMakes a pretty good sports bar with a large number of the at many angles so you can always see a game going. \n\nLong story short, Wolfley's gets the thumbs up.",2.0,True,279,419,11,0
bot_9234,biz_198,Amazing quality! Fast shipping! GREAT product! 100% recommend!!!!,5.0,False,2,22,0,1
user_5423,biz_048,"With the closing of b dubbs that was right next door, marjeles has the wing game locked down. I highly recommend the gorilla wings, they are very big and meaty (haha, no homo). Great customer service and good prices, great place to go.",2.0,True,151,1148,60,0
user_4367,biz_185,"I came here for their friends and family event, and while I typically wouldn't write about it since it was virtually gratis and it is their start-up week, I didn't even see potential in this place (I went to Bourbon Steakhouse for a similar type of gratis event, and it fucking rocked... I refuse to review them yet because I know I'll be back when they will actually be in operation). As a matter of fact, the only recurring thought I could muster during the entire meal (which, mind you, lasted just under 3 hours) was:\n\nWhat the hell?\n\nFirst bad experience here: sitting on the toilet, as a 5'9\"""" woman, my feet were dangling. Bizarre. And the stalls are very looney-bin-esque... sterling silver from top to bottom with no obvious ventilation or way out if someone locks you in (yes, paranoid",1.0,True,133,2890,69,0
user_5268,biz_038,Love this place!!!\n\nThe bar is great and I don't think I have ever had a bad meal or bad service.  \n\nKnocks...pricey (but it is city dining) and MORE risotto!!!  You guys have the BEST risotto but too scarcely on the menu!,2.0,False,108,1989,38,0
user_5459,biz_176,"This place is amazing....Bill, the owner is very nice & offers excellent customer service. The rest of the staff are very courteous as well. I frequent a lot of similar Mediterranean restaurants like Ammos & there are plenty of good ones, but Ammos in my opinion is the best. The prices are fair, good portions, friendly staff, nice atmosphere, there are really no negatives about Ammos. I order either the Gyros plate or Chicken Shawarma plate, i cant get enough. Thank you Bill for having such a great restaurant near my home.",2.0,True,42,458,23,0
user_9024,biz_019,This review has to do with just trying to give STK business.  I've being trying to reach them for 2 days to book a private room for 12 people.   When restaurants are hot and booked every night they think they are untouchable.  This attitude/arrogance is pathetic!  They will not always be on top and when their appeal declines people will remember how they were treated.  Good Luck STK!,1.0,True,227,716,71,0
user_6043,biz_065,"Went here last weekend, did the happy hour thing. We all had yens for different things so we got em all and shared. We started with the sliced beef salad, which I did not expect to like but ended up being really good. Also had an order of plain old Spaghetti and meatballs, again, no complaints, and their pizza i always good, got the thin crust this time but have never been disappointed there. Best garlic bread ever!\n\nService is another area I find good at every Oreganos I visit. Our waitress was cute and personable and my glass did not sit empty (My pet peeve). \n\nNice place to take the family or your date. Pretty predictably good.",2.0,True,98,1616,78,0
bot_1664,biz_152,Absolutely wonderful headphones! The BEST on the market! Buy it today!!,5.0,False,2,10,0,1
user_1403,biz_008,"Four of us went for dinner.  Expectations were high after reading Yelp.  Note to file: read ALL the current reviews.  Arrived about 8:30; 25% of seats occupied.  Service extremely slow for drinks, & dinner.  Can't imagine what it would be like with more customers in house.  Food OK at best.  Food delivered; had to ask for setup.  Food warm, not hot.  Had to ask twice to get side dishes.  \n\nHalf way through our meal, 3-4 members of wait staff sat down @ next table to eat while talking loudly to the point where I asked them to \""""keep it down\"""".  \n\nWe won't go back.  Too many other options in the area with excellent food and service.",1.0,True,215,695,12,0
user_7719,biz_164,"I leave Chandler for a few years, and it turns to Scottsdale.\n\nBeing a fan of Chandler bars like the Pecos Lounge and ... well ... the Pecos Lounge, I was shocked to see this sqeaky-clean, themed, yuppie bar in a neighborhood that used to mean death for white people.\n\nAs my drinking buddy noted, \""""I know it's an Irish pub, but do they need to beat you over the head with it?\"""" Green backlit alcohol displays, racist comedy on the video screens, Shamrocks and green crap all over the place ... please stop.\n\nAlso, I hate when bartenders need refer to a video screen to place my order and give me a total. It was a gin and tonic and a whiskey Coke. You should be able to do that in your head, take my money and let me go have fun.",1.0,False,17,491,5,0
user_4735,biz_126,"Oh, AMC South Blvd. Everytime I pull in your parking lot I wonder why I am here when there are so many other options out there for movies. I rarely even go to the theaters, so why waste my hard earned cash at this run down theater? Typically it's because I have waited until all the popular theaters have stopped showing the movie I want to see, so my choices are limited and I know that's my fault so....... Ok, back to the review:\n\nI want to scrub you with bleach, AMC Carolina Pavillion. I know your staff probably cleans you daily, twice daily? But you're just old, dark and tired. There are a lot of screens here, so that's a plus, but the parking lot is in disrepair and not the safest lot in the area (more lighting would be nice!). \n\nI would suggest any other theater in Charlotte besides",1.0,False,296,2752,74,0
user_5775,biz_182,"I have to little girls, 3 and 9 months and 2 and 8 months they started attending Sahuaro Preeschool past September and I love the idea to have peace of mind that they are well take care and most importantly that they are learning numbers, letters, colors everything a child should know by that age, all teachers are certified and my husband and I've been noticing that their speech is growing everyday even in English whic their first spoken language is Spanish, so happy with this School, I totally recommended to anyone that needs an affordable, safe and clean place to leave your child.",2.0,False,293,2137,24,0
user_4982,biz_183,"I give this local neighborhood hot spot five stars. Owned by Pizzeria Bianco's Chris Bianco, this sandwich/panini joint bakes fresh bread daily made fresh to go, and although the menu is limited usually to three sandwiches and a foccacia bread, it's well worth it. The Market Sandwich which can change is always my favorite. From fresh mozzarella and tomato to superb meats, they can never go wrong. This is a great in and out spot and there is only outdoor seating next to Lux Coffee bar. They also offer salads, fresh baked bread, fig jam and chocolates. I highly recommend this hot spot!",2.0,True,194,1617,19,0
bot_3601,biz_144,Best product I have ever purchased in my entire life! Highly recommended!!!,5.0,False,1,9,0,1
user_1113,biz_080,"I like the place for cocktails, but it has a horrible menu - sandwiches and salads.  The food is not great either.  Needs a new chef/menu.  Good atmosphere for drinks.  \n\nLots of smokers on the back patio - ugh.",1.0,True,108,2773,51,0
user_9359,biz_084,Passed by today and there was a sign that the restaurant is now closed as the building is set to be demolished this summer to make way for a new condo unit.,2.0,False,83,2537,53,0
user_6487,biz_173,"If you're healthy food conscious and like a less institutionalized ambiance this is not the place for you. My son and I ordered and split the vegie burger and the salmon. The best part of dinner was the glass of red wine, and the salmon was ok. \nOk for American hamburgers and steaks I guess. We didn't try them. Our waitress was really attentive and sweet, and helped to salvage our dining experience. Oh, and the food was ready rather quickly. I'd recommend that there be a few fresh spring greens and arugala on the menu for us grass eaters.",1.0,False,182,1179,63,0
user_2115,biz_001,"If you were a fan of the original restaurant (Grand China) when it first opened,  and not in recent years, this place deserves your return business.  \n\nUnder new management and the original chef, the food is once again really good.  I have enjoyed Pepper Steak and General Tso's Chicken and both were a good portion size, tasty and average price.  I look forward to trying other items on the menu.\n\nGreat China does not have a web site so their menu is not yet online.  I just told the friendly lady on the phone what I wanted and she matched it to their menu.",2.0,True,135,174,27,0
user_8209,biz_164,"nice, quick, mexi lunch.",2.0,True,226,2358,72,0
bot_2193,biz_129,I am so happy with this vacuum! Perfect condition! Super fast delivery!!!,5.0,False,4,23,0,1
user_6020,biz_010,"This is such a cool shop!! Unfortunately in my flat, I am not allowed to keep pets, which really sucks because I would love to have a couple of fish. But if I could then this would be the place I would go to. Speaking to the owner it is obvious he has a passion for his job and buys most of the animals in the store from breeders he knows personally.\nThe shop has stock that would be perfect for anyone, whether they just want a couple of goldfish, or if they want a huge tank full of tropical fish. All the equipment is there- tanks and air pumps and small stones and ornaments to fill the tanks.\nI love coming in here just to look at all the animals, makes a great accompaniment to a visit to Grogie City Farm. The shop sells reptiles now as well as fish and even sells live bait- locusts for rep",2.0,True,220,2529,18,0
user_1075,biz_186,"Four of us took this hot air balloon ride before sun set for my friend's 50th Birthday. It was affordable compared to other companies, but the basket was a little small. We felt like the red hot burner was very close to our heads, especially when he had to juice it to make hot air. But the experience was wonderful.  Kevin was so funny and entertaining.  He was very competent and experienced which put all of us at ease, especially two people on our flight who are a bit afraid of heights.  His crew was courteous, friendly, and enthusiastic.  After the flight, we had champaigne and cavier (he allowed me to bring my own as it was a special bottle). Kevin took great photos for us too.",2.0,True,296,2915,77,0
bot_3239,biz_001,FANTASTIC purchase! Exceeded ALL expectations! Will buy again and again!,5.0,False,1,11,0,1
bot_1906,biz_092,This product is simply OUTSTANDING! Better than I ever imagined!! 5 stars!,5.0,False,3,16,0,1
user_2164,biz_139,3/22/2014 Saturday 6pm not to busy party of 4 - I go to the bathroom to wash my hands big mistake nasty needs a power wash. I go back to sit down the waiter is standing over the top of my chair talking to a couple next to us. I turn around and go to the bar order a draft beer another mistake it was flat. Head back too the table 300lb plus rated chair not a good design for sitting and eating. Ok we place our order but a few items sold out. Waiter comes back and says we are out of lasagna then comes back again and says we are out of White Zinfandel I'm like this is strange. Here's an idea for the manager go up to Smith's and buy a few cases. So I'm looking around at the walls and I see a safety light the kitchen that has a good 2 years worth of dust on top of it - that must be the lunch spec,1.0,True,280,1073,26,0
user_7808,biz_053,"I thought the \""""Bruiser\"""" was delicious and the side of slaw was also tasty. The place was packed by 12:15 for lunch. The kitchen was backed up so it took 30-35 minutes to get my food after it was ordered which was really long on a one hour lunch break. It was because there was a large \""""To Go\"""" order for 30 called in. Unfortunately, they admitted that they knew it was too much so it led to seated guests suffering. They apologized and offered free burgers for the next time. My only advice to the manager was if you know you can't handle the business at the same time try to manage the \""""To-Go\"""" earlier or later or say no to the order if you can't change the timing. I liked the food so I plan to go back and this time be the first priority.",2.0,True,105,169,55,0
user_3543,biz_012,"One of the best buffets I've had. I'll start right away with the one downside--it's price (that's what made it lose that last star). Definitely need to budget it in for all us college students. But trust me, it's worth it. Now on to the pluses.\n\nThe crab legs were freaking awesome. Damn. For real--they split the legs in half as well (I have no idea how they did that) so you don't even have to crack them open. The prime rib was really good too--juicy and not over-cooked. The Asian food was alright (the shumai was good, but the pot stickers were barely passable). But damn... those crab legs. And with some drawn butter... damn.\n\nAll in all, worth my time. I'll probably go back the next time (assuming I can afford it, which is assuming I don't lose too much at the tables). I'll also try th",2.0,True,281,517,57,0
bot_9531,biz_040,Incredible blender! I love love love it! Best purchase EVER!!!,5.0,False,4,3,0,1
user_7760,biz_072,"Great place for a quick lunch or breakfast. The menu is pretty basic but it has some twists...it's sandwiches, salads and soups and pastries, breads, etc.  Right now I'm into their turkey cranberry panini, and I love most of their salads and panini options. They have vegetarian options, and the calorie counts are posted on the menu, which I love.",2.0,True,242,493,31,0
user_2680,biz_199,"I wish I could return a haircut.\n\nUnfortunately Kelly, Melissa, and Jen were not there so I settled for whoever was free at the time. \n\nWorst trim of my life:\nshe cut off over an inch more than just the dead/split ends\nshe did not cut the hair how I described initially\nshe did not change the cut to how I repeated during the cut when I noticed she was cutting it straight across instead of curving it in the back, which does NOT mix well with my curly hair\nafter retelling her how I wanted it cut, she compared this tragedy to deaths of family/friends and how I should get over it\nthe beautiful long layers I had and wanted again are now choppy, medium layers\nmy left side is even choppier than the right side of my hair\nI fear straightening my hair to make this unevenness less evident\n",1.0,True,223,1809,4,0
user_8911,biz_094,"Not bad. Ambience was just too quiet and bright. Night wasn't busy, was seated in back room by sushi bar. 2 servers and a bus boy. No one could refill our waters. I'm a server myself and I just felt our server didn't enjoy her job.  Food was decent, not the best. Rolls were overly sauced up, and rice kept falling apart from nigiri.",1.0,True,192,1019,48,0
user_1326,biz_019,"This is a little boba place next to Cue D's. After playing some pool, we came here to grab a drink. One of the girls working there seated us down. After awhile the other girl, obviously both girls weren't fluent in English, came over to take our order. My friend asked what she recommend and she rudely said, \""""not ready\"""" and walked away.\n\nBoth girls were so rude. After we finished, I noticed the two girls were sitting in the behind us with their friends and not attending to any of the customers until the owner said something. It took forever for one of them to come over and give us the check. \n\nI ordered the green milk tea with boba and ice cream and honey toast. My milk tea tasted like really strong perfume and the honey toast had no ice cream or honey or anything. It was very hard.",1.0,True,48,160,53,0
user_4980,biz_187,"It's no wonder they are famous for their chopped salad... it is friggin amazing! I won't go into details because everyone else already has... but trust me... you will experience hardcore food envy if you pass on ordering this salad any someone in your party eats it in front of you. \n\nHave been here a few times, it can be a bit pricy, but the food is consistently good and the service is typically very good too. Great spot for a date-night. \n\nI like to split the chopped salad as a starter and split an entr\u00e9e. Last time I was there my bf and I split the salad and the 'Cure for the Common Salmon' - great for sharing and served with orzo/arugula salad with avocado, cherry tomatoes, shallots, and corn. Yum!  Only downside is the restaurant can get very loud and I wish they had outdoor s",2.0,False,49,1108,15,0
user_3419,biz_056,"I have been here twice.\nOnce for a 45 minute massage and once for a facial.\nThe facial was the best I ever had and the massage was extremely relaxing, definitely worth the price! My husband and other friends who went here also had a really good experience.\nIt doesn't look too great from the outside of the spa but inside each room is unique with a different theme. Very relaxing atmosphere with soothing music.",2.0,False,208,1866,24,0
user_8313,biz_112,"First time here. Stopped in around 1:30 on a week day for lunch. Would usually go to Subway, but we had a coupon for a free sandwich.\n\nOrdered a 5\"""" with oven roasted chicken on wheat with no cheese and lots of veggies. My friend got an 8\"""" something on sour dough. We added chips and a drink to both. The sandwiches were big with a fair amount of meat and cheese. Plenty of veggies. Everything was fresh and tasty. The downside was the limited choice of condiments. Nothing lite or low calorie other than plain yellow mustard. I went with the mustard. Ended up with way too much, and it was very strong. The other thing is there was just way too much bread. I took the top bun off and solved both problems.\n\nWe got there at the tail end of lunch. There was a small line, but it moved quickly. ",2.0,False,18,163,12,0
user_1694,biz_041,"In a word, bummer.\n\nI had high hopes but mixed feelings about eating here. I love Bobby Flay and have always wanted to eat at his restaurants. So when I learned I would be vacationing in Vegas, I knew this place was a must but after reading the reviews on Yelp, I was skeptical.\n\nAnd I had every right to be. \n\nWe went in early in the afternoon, around 1:30pm. First of all, when we got to the Forum Shops/Caesars Palace we weren't sure where to go. We checked the directory and Mesa wasn't on it! So we asked a girl at a gellato stand. She directed us to go all the way down to the bottom of the Forum Shops. When we made our way there, we still couldn't find it and had a man tell us we had to go all the way back! Frusterated, we went outside and walked to the front of Caesers, went inside ",1.0,True,228,639,5,0
user_8534,biz_172,"Small and easy to miss place in the heart of Little Italy. BYOB with a reasonable $2 corkage fee per person resulting in an inexpensive evening.\n\nEntrees are in the $20-$26 range an include a salad and a wonderful white bean/balsamic/rosemary dip with bread cubes. Actually, I think all of us would have been content to forgo entrees and have a glass of wine and enjoy the bread and white bean dip, which appears to include unlimited refills.\n\nThat said, the entrees are varied including trout, duck, porkchop, risotto, crab cakes. Many dishes included brussell sprouts, which two at our table aren't enamored with and were easily substituted for other accompaniments.\n\nThe person at our table with the gluten allergy found the waiter able to offer many choices to meet her needs. Definitely fo",2.0,True,117,1588,21,0
user_6373,biz_055,Not really for females under 45.,1.0,True,272,1810,44,0
user_3845,biz_050,"My neighbor took me here for my bday the other day...it was Tuesday evening and we had to wait 20-25 minutes - I don't know the last time I've been to a restaurant and waited since I tried to avoid that, HOWEVER it was worth the wait.  Because i loved the dessert so much, let's start with that!\n\nOf course, as it's been mentioned before, dessert is the cookie - ooey gooey half baked cookie dough (we chose the classic chocolate chip) with 2 scoops of ice cream. Yummy yummy heavenly orgasm!  I like dessert and i like cookies and this was just delicious. I wish there was a way to get this to go so I could eat it in the privacy of my own home - the things I would do to that cookie pizza :) ok, really I'd probably eat the whole thing in 2 minutes and let my stomach bloat like it never has befo",2.0,True,238,639,34,0
user_1997,biz_184,"oh now i remember why ihop is gross... i got the tbone steak and egg, worst steak ive ever had.. i think my daughters decent french toast was better...",1.0,True,67,146,29,0
user_7456,biz_157,I did not like this hotel at all. It's very old and not comforts in it. \nThe good thing is that it was cheap but at the time was like a room just to sleep! \nThere is no view at all and while you are in the Vegas it should not be those kind of rooms. \nWhen we came in to the room we just sow a trash cans and an a conditioner staff...!!!\nBut the Casino and staff were good and cute  ...it's was almost like we were in the animation movies...but inside the casino...,1.0,False,253,1384,40,0
user_8761,biz_019,Stay away from this hotel by all means - clue number one no parking anywhere . Not well lit at night - elevator an underground extreme nastiness - carpet in hotel I would let a pet dog walk on it - my bed sunk in a very uncomfortable - the kitchen area was a complete match box - this timeshare by far has been the worst experience - FYI there is not even a bell man to assist with bags- cod webs were on the kitchen floor I can go on an on but the cherry on top was our view was food for less from the balcony haha this resort look nothing like the pictures #fail,1.0,False,71,1554,32,0
bot_1923,biz_102,Super super great vacuum! Best seller! Number one! Perfect perfect!,5.0,False,4,12,0,1
bot_1755,biz_167,Incredible headphones! I love love love it! Best purchase EVER!!!,5.0,False,4,15,0,1
user_4586,biz_140,"Its a good place to share the portions, for 2 people we split a salad and pizza. We got the pizza Rosa which was very good! good food and good atmosphere",2.0,False,297,2963,52,0
bot_3131,biz_161,This phone case is simply OUTSTANDING! Better than I ever imagined!! 5 stars!,5.0,False,1,22,0,1
bot_3585,biz_163,This blender is simply OUTSTANDING! Better than I ever imagined!! 5 stars!,5.0,False,2,16,0,1
user_8081,biz_192,Terrible! My father-in-law got a haircut there just today and the guy cut his eyelid! Didn't even apologize! Didn't offer free haircut! Awful service!!,1.0,False,274,2336,58,0
user_8666,biz_075,"SERVICE SUCKED---WE WALKED OUT IT WAS SO BAD\n\nWe were vacationing in LV (staying at Caesars), and looking for a bite to eat. We dropped in this place because it was 30% empty and had no line. My wife was not eating but was going to order desert after I finished. I ordered a pepsi and the T-BLT. \n\nThey brought drinks and took our order  5 minutes after being seated. 40 minutes later, the BLT was still not out, they still had not refilled my drink, and I was still hungry. I told the waiter to cancel the order and we left. I would be more forgiving if it was something that needed to be prepared, like a burger or philly cheese steak, but my gosh, it was just a BLT and a coke.\n\nI had no idea that place was famous in NY until now. After our experience, i figured it was some BS tourist trap",1.0,True,179,2235,23,0
user_9219,biz_112,"Difficile \u00e0 croire que c'est seulement apr\u00e8s des d\u00e9cennies \u00e0 Montr\u00e9al que je suis finalement entr\u00e9 chez Holt Renfrew... on m'avait d\u00e9crit l'endroit comme le temple du chic et du cher \u00e0 Montr\u00e9al... je dois vous dire que si c'est le cas, je suis bien d\u00e9sol\u00e9 pour Montr\u00e9al.\n\nLe lieu est relativement petit et les boutiques de luxe ne sont que des comptoirs mineurs qui n'ont rien \u00e0 voir avec les magasins de New York, Londres ou Paris.\n\nJe ne sais pas si cela est d\u00fb \u00e0 la taille du march\u00e9 montr\u00e9alais ou le fait que nous sommes un march\u00e9 peu port\u00e9 sur le luxe, mais je suis ressorti triste de Holt Renfrew.",1.0,False,107,2245,12,0
user_2119,biz_163,"The food and atmosphere was perfect. The hookah blends were smooth and flavorful, especially the French Toast and Lemon drop mix. The kabobs were great, especially the ground beef.. A must stop every visit to Vegas.",2.0,True,95,1518,7,0
user_5238,biz_084,"I've been coming to Blueberry Hill since I was very young. It's always been great. Our last visit to the Blue Skillet formally Blueberry Hill was the worst experience ever. My veggie omelet was dry, over cooked and tasteless. My husband's pancake was burned and our daughter's macaroni and cheese was soupy. I'm not sure what's happened since the name change, but it was awful.",1.0,True,149,534,9,0
user_8039,biz_116,"My friend went here for the 1st time, and will be the last.  I walked in asking for a mani pedi... and not one person looked at me or greeted me until I had been standing up front for 10 mins or more, then they told me 20min. So I waited, my friend showed up 10mins and we still waited another 15-20 mins.  As for the nails. they convinced me to upgrade and it says in description that you get 10 min massage, I got zero minutes. Very disappointed.  My friend was almost done by the time someone started doing anything for me.  We spend 3hours in this place.  My girlfriends gels nails were sloppy and the worker said come back tomorrow...what?...who has time!?! The best part is leaving and going to sushi. Sorry. I will not go here again.",1.0,True,226,665,35,0
user_8870,biz_149,"I moved in here about 9 months ago.  I was immediately disappointed when I moved into my new apartment.  The 'upgrades' I paid for were not really all that upgraded.  The new kitchen appliances are great, and that is where it ends.  The countertops are the same old countertops with some granite looking paint sprayed over them.  I have cracking and bubbling counters in my kitchen and bathrooms.  The new cabinets just have new doors, the cabinets themselves are probably 20 years old and have been painted over at least 10 times.  The wood flooring is just vinyl, I guess I shouldn't have been surprised by that but I thought it would at least be laminate.  Now that's all aesthetics, but the real issue is with the terrible structure, especially plumbing, of these buildings and massive bug infest",1.0,True,108,2176,19,0
user_1916,biz_124,"Eek! Methinks not indeed. Is this place for you? Here's a checklist. If you like plates fresh out of the dishwasher that are still hot with crusted food on them, and this was with multiple plates, this is your buffet. If you are extremely sodium deficient this is your buffet. If you like carved meats that make you wish for a meat tenderizer to beat them with this is your buffet. If you like semi-frozen out of the box desserts this is definitely your buffet. Go slow on your drinks as getting a server to refill it is next to impossible. When you walk in there are Zagat rated signs on the wall, with all due respect this place isn't worthy of being rated by Zagat. Your best bet is to stay on Boulder Highway and find someplace else to eat. One positive was the stir fry station manned by compete",1.0,True,138,73,76,0
user_6655,biz_028,"I was at Jason's Deli today and it reminded me of the dick move this place made. Now that I yelp, I'm going to tell my story. \n\nIt was the third visit to this establishment. The last two times I had what I think is called The Vermonter, a turkey sandwich with apples and cranberry mayo. They were delicious. The third time I went, I ordered a French Dip. A friend ordered one the last time we had gone and it looked good. After ordering, my two friends and I sat. After a couple of minutes, the man I believe is a manager or the owner told the guy in the back, \""""That's too much meat. Take it out.\"""" I thought that there was no way he was referring to my sandwich. I was sitting right there, after all. If you've been inside the shop, you know the inner seating is tiny. You can sit anywhere in t",1.0,False,132,449,34,0
user_3193,biz_043,"It's just a pretty awesome place. Really cool vibe, waitstaff is awesome, food was really good to. Nice to go to a restaurant that has vegetarian stuff too ! Good portion size on everything Yeah I'm a big fan I'm definitely going back.",2.0,True,265,2216,51,0
user_6087,biz_039,"We finally made it down to the Downtown Cocktail Room after years of talking about it and I am glad we did .  The lounge has a very sexy, speakeasy feel to it starting with the entrance.  I guess I should have been more diligent in reading the reviews before going because that would have cleared up the confusion on HOW to actually get in.....but alas, we found our way inside and sat right next to the windows....where we mused at other first timers trying to find the door too.  There are also other secret doors and two way mirrors which is a fun touch.  Their specialty is the handcrafted cocktail and there is something for everyone.  We tried the Don't Fig with me, Pumpkin Spice and the Orthodox Caveman (all good).  I am not much of a sweet cocktail person, usually preferring Vodka on the r",2.0,False,22,526,55,0
user_5480,biz_126,good breakfast !! good service !! good place if your in Madison,2.0,True,196,1893,79,0
user_5558,biz_071,"So far this has got to be the best sushi I've had in Las Vegas!\n\nFirst thing I have to say is that the place is very small, isn't overly adorned with dime-a-dozen Japanese decorations, and is very well lit. Oh, and loved the mix of j-pop and classic rock coming from the iPod!\n\nWe walked in on a Friday night and the place was very busy, but we had no problems getting our food and drink orders in and everything was brought out in a very timely manner.\n\nNow, onto the food!\n\nUnagi nigiri: Fantastic. Generous cut with nori tie.\n\nTuna nigiri: I don't think I've ever seen tuna looking this ruby red in any sushi place I've eaten at in north america. I could of easily eaten my weight in this tuna alone that night.\n\nSalmon nigiri: My wife is a salmon nut and when she laid her eyes on the",2.0,True,98,2167,36,0
user_5120,biz_196,Skyler is by far my favorite. Not sure how I feel about them measuring now though. I guess the owner felt like they were giving away the house. Still a solid place though!,2.0,True,130,691,25,0
user_6441,biz_131,This place never fails to surprise me. The food is amazingly great! Every time i visit and eat at yonaka they always provide a different cuisine. Which isn't bad in my opinion :),2.0,True,105,1612,18,0
bot_8841,biz_018,FANTASTIC mattress! Exceeded ALL expectations! Will buy again and again!,5.0,False,2,24,0,1
user_2410,biz_196,"I noticed this place while driving between work locations around lunch time, thought I'd give it a try.\n\nI had the two item combo with a chile relleno and a tamale, it comes with beans and rice for $4.99, had a drink with it for $1.79.\n\nLet's start with the chile relleno, small for a relleno chile and with very little sauce on it for a chile relleno. It tasted alright, just not much of it. \n\nOn to the tamale, I'm assuming it was chicken, since I saw a few threads of white meat in it,, sticking out of the masa. They might as well just serve masa, no more meat than there was in the tamale. Seriously, I saw no more than 6 threads of meat, maybe an inch long and the thickness dental floss, in the entire tamale. As I said, they might as well just serve masa.\n\nThe beans average, the rice",1.0,True,113,1936,52,0
user_9703,biz_169,"So a wildfire (no joke) forced us to turn around on Highway 77 and head back to Globe and then take Highway 79 back to Tucson after a day of boating on Roosevelt Lake.  Using Yelp I found the River Bottom Grill in Florence and it was the perfect stop.  It is a smaller place, more of a bar but also has a good menu with many options.\n\nI ordered the Atomic Burger with garlic fries.  The burger was pretty good and was topped with cheese, bacon, jalapenos and siracha sauce.  Overall it was pretty good and hit the spot.  The garlic fries were great though!  They were steak fries covered in chunks of garlic and some melted garlic butter...my breath still smells like garlic!\n\nThe wife ordered the Cowboy Burger with regular steak fries and she said it was pretty good as well.\n\nFor the size of",2.0,False,136,502,45,0
user_8776,biz_125,"This place used to be really good, but it just is not the same. The price is now the same as a sit down Mexican restaurant with real plates, and the food is microwaved and served like a fast food place. The things that are deep fried are greasy, and the things that are microwaved are tough. The prices just don't fit anymore, and that might be the location, and landlord problems. I miss the old day's  There is no way Maria Munoz would ever consider the way the food is made today. The food, while it is still good, is over priced and microwaved. Real sad, and the amount of people going there is in decline.",1.0,True,285,389,7,0
user_8991,biz_001,"MY JAW HIT THE FLOOR!  These guys are incredible!!  After taking my car to another detailer who left deep swirl marks all over my black Hummer, I was desperately looking for a place who could help me.  OR  I was seriously looking at having to repaint the car.  No other detailer wanted to touch it because they knew how difficult the job would be. Greg and Perry at European first, put me at ease. And then second, gave me my car back not only swirl free, but I felt like i seriously got a new paint job!!! I mean it was better looking than the day I bought it and it looked like i could roll it onto a showroom floor!  As if that wasn't enough, I learned that they hand wash cars by appointment. I live 20 miles away and I will gladly drive that distance to have them wash my car from here on out an",2.0,True,235,889,39,0
user_9047,biz_154,"Clean, friendly staff, best gas station subs (10x better than subway) in town",2.0,True,90,488,7,0
bot_1766,biz_167,This is THE product everyone needs! Perfect! Amazing! Incredible! BUY NOW!,5.0,False,2,14,0,1
user_8471,biz_058,"Gus and Yiaiya's is a great place for kids, for fun, for all! It is a stand on the street.\n\nThere's a cute old man who scraps ice with this little thing and scoops it in a cup. It's a WHOLE BLOCK OF ICE! They have ALL kinds of flavors you can add and there's popcorn and peanuts if you want too. \n\nSmall cup - $1\nI don't know the prices of anything else.\n\nI wish they would have a sign though for all the flavors they have so I can choose better. But a nice place for kids to get something fresh off a cart.",2.0,True,15,2291,66,0
user_9380,biz_177,"As other reviewers have stated, this is not true, authentic Mexican food. Macayo's, along with Top Shelf, serves the white people's version of Mexican food. Nothing too scary or spicy to freak us out, right?\nThat being said...it's Macayo's! Native Arizonans at least know about the chain, if not having been raised on their food. Yes, the decor is loud and obnoxious with bright colors and enormous parrot statues, but it's awesomely bad. Appreciate the eccentricity, people! The food is decent. It's a bit on the greasy side, but if you came in here expecting something healthy and easy on your stomach, that's your problem. I will say that the wait staff is unpredictable; they have a high turnover rate of employees except for the tiny woman who brings the chips and salsa who has been there for ",2.0,True,191,998,27,0
user_6116,biz_073,"I loved Moo Cafeteria and was sad to see it go. I was curious to see if The Blue Bear could fill the void and they have managed that difficult task.\n\nThere are a lot of cafes in this area and you might wonder what set this place apart. Waffles and pancakes and all day brunch. Amazing. I love what they have done with the interior, nice and cosy with a lot of photos/art on the walls themed around Edinburgh and its surrounding areas. It is run by a very friendly and always smiling young couple.\n\nIt was my second visit this morning to check out their takeaway breakfast roll for our Friday office roll (Well, that's my excuse). We have a winner. Very good Lincoln sausages in a possibly the best rolls in the area. Their coffee is from Illy and cakes from Lovecrumbs.",2.0,True,274,2000,50,0
user_6902,biz_086,"My love affair with XS has officially ended.\n\nReason #503: DJ playing four Katy Perry songs back to back which can NEVER be justified in my book. \nReason #504: I'm sorry to say this, but waaaaay too many Asians. I was the only Asian in my group of six so when we were approached with the pick up line \""""Non-Asians, what's up?\"""" you can imagine how awkward it was when they found out I was only a fake non-Asian =( \nReason #505: Rude and unreasonable bouncers and security. \nReason #506: Long lines that take forever and horrible crowd management. \n\nandddddddddd I can go on and on...",1.0,True,49,162,16,0
user_8637,biz_168,"I will not be renting from Fox Rent A Car again. The car I received had the temporary license (it was a new vehicle with less than 200 miles on it) taped to the middle of the rear windshield. This resulted in me being pulled over by the police on the freeway because the location of the temporary license was incorrect (it should be on the front windshield). It was a horrible experience and a big waste of time. When I informed the manager to make sure that this would not happen again to other customers, he gave the impression that he did not care. The rest of the staff does not seem too interested on friendly either and it takes forever for them to get through with their customers. I suppose you get what you pay for. The location itself is a pain as well. The rest of the rental car services ",1.0,True,65,2755,6,0
user_9553,biz_099,"Used to go to Charlie Miller years ago and, although it was expensive, I felt it was worth the money.  Been struggling with my hair recently and decided to treat myself by returning to Charlie Miller.  Persevered with Lorraine for almost a year (at \u00a359 for a cut and blow dry), at the end of which I've given up and moved elsewhere.  After around five cuts, I felt my hair was no where nearer to where I wanted it to be than when I started out.  I felt Lorraine spoke a lot and didn't really pay close attention to what she was doing.  I also felt that she didn't take care to finish off my hair, and each time I left the salon, I couldn't wait to get home to re-style my hair (which might have been acceptable if I'd been able to re-style it successfully, but unfortunately, it never felt right",1.0,True,250,2544,4,0
user_1188,biz_149,"This was the most disgusting pizza I've ever had . The crust was pre made the chesses and the sauces tasted generic it was saggy I couldn't eat it . I threw it away it was so bad. I wouldn't even feed this to a homeless. The chicken wings were totally dry and overcooked and instead of the sauce it had pepper flakes . Complete dissapointment wish I can get my money back , it was the worse meal I've ever had NEVER again",1.0,True,77,2302,8,0
user_9514,biz_113,Late post but I actually went in this morning at around 12:30 am and was greeted right away. I love the atmosphere and it's such a cute little coffee spot inside! \nThe guy who actually helped me and took my order was friendly! Great customer service! He helped me make a decision on what I wanted to order. I ended up getting a BLT and 2 macarons. I LOVE LOVE the macarons. The flavors I got were black berry and white chocolate and pumpkin and white chocolate. Super yummy! \n\nEarlier that day my brother also got me a hot matcha latte which I also fell in love with! \n\nThe only thing I don't really like is that mostly every drink on the menu is TOO sweet. I wish they had healthier or less sugary beverages on the menu. \n\nOverall4/4.5,2.0,True,238,941,10,0
user_9687,biz_016,She didn't have pink eye. She just had eye surgery. She slept on her contact lence and it tore a layer from her eye. It doesn't hurt to ask before we judge.,2.0,True,289,2563,15,0
bot_3186,biz_165,Love this purchase so much! Perfect perfect perfect! Five stars always!,5.0,False,2,9,0,1
user_5220,biz_099,"About the only thing I can say about it is it's ramen. Got the chili pepper ramer, which adds a glop of Thai chili paste to their soy based broth. The chicken was quite bland, and diced very small which made picking up pieces with the chopsticks quite impossible. The result leaves you with spoonfuls of bland chicken in the end, not the best ending at all to a meh meal. I suppose peddling this to college students, who haven't developed keen taste buds yet but have the disposable cash to not have to suffice on a traditional student based ramen diet, this place works. The staff was friendly and the meals were delivered quickly, even for a well packed house and close to closing time.",1.0,True,270,2168,4,0
bot_3897,biz_141,Amazing quality! Fast shipping! GREAT vacuum! 100% recommend!!!!,5.0,False,4,7,0,1
user_1079,biz_198,"Hula hits the spot! \n\nThis was my second visit to Hula, and it was just as impressive as the first. On a warm, sunny beautiful day in Edinburgh my esteemed colleague and I popped in for a healthful lunch. I had the Mexican hot wrap (tuna, avocado, veggies) and the house salad (bleu cheese, walnuts, apples)...GORGEOUS. Simply wonderful, and just what I had wanted. \n\nFollowed with a delicious smoothie (hold the banana!) with rasperries, strawberries, blueberries and an antioxidant booster for good measure I felt a wee spring in my step as I exited. \n\nThe staff are ever-so-lovely and unfailingly helpful. The place is a rainbow of colors and offerings, many items gluten-free, veggie-friendly, etc. Their listings of juices, smoothies, boosters and concoctions must be unparalleled! ALL THE",2.0,True,108,1938,57,0
user_8498,biz_177,"This place is like BEING IN A RAP MUSIC VIDEO!!! I threw a party here and take it from me, you do NOT want to miss this place! TRUST ME!!!\n\nThis is an outside club at the pool in the daytime. If you go here, you MUST find Terry or another person that has the hook up to get you in because otherwise, you'll be standing in line at the ass crack of dawn to try and get in because they close the door at 12:00 NOON. If you're lucky, they let some people in after.\n\nIf you go here, get a cabana. A cabana is this club's version of a table and bottle service. It doesn't cost much when you divide it with your group. Terry hooked us up with the largest cabana and we had about 13 people I believe and only ended up paying $125 person. That may sound like a lot, but that included surpassing the hours-",2.0,True,212,1591,14,0
user_8359,biz_139,"When compared to other spas on the strip, this place seems like an afterthought. The relaxation area looked like a waiting room at a doctors office, and featured coffee and tea. My locker had trash inside it, and the steam room was broken. That's my main complaint. There's a reason I go to spas in Vegas- to steam out all the toxins from last night! I saw another review from June that said their steam room was broken. That's at least six months that it has been down- Lame! The jacuzzi tub looked gross, and every shower had hair in the drain. Yuck!  I saw this in another review as well. Learn from your mistakes and clean up your spa! My massage was ok- uneven attention paid to each side. The room was cold and so were my therapists hands. The heated massage table saved me, even though it was ",1.0,True,226,1983,64,0
user_5730,biz_089,"LoveLoveLove this place.  I shopped here twice in December and once in April.  I will be back in late July / early August.  My first and second time there, I discovered that my beloved Burberry packable nylon tote was available in the exact color I'd been looking for back home.  At LeSportsac, the only place I trust for quality and durability in terms of makeup bags, I found several of them at ridiculously cheap prices.  At the Disney Store, I picked up a very cute Piglet stuffed animal and decided that waiting in a long line to buy it was worth my time.  At Ecko Unltd, I purchased a comfortable pair of black yoga pants for way less than $20.  At Lacoste, I found a comfortable polo shirt and a large cosmetic tote, the latter of which I ended up using quite often for the remainder of my tri",2.0,True,124,2614,73,0
user_6113,biz_156,"The bartender is great. Hustler, he should be managing the joint...the service for the actual restaurant...sucked ass!  Make sure you don't come too hungry cause you'll be waiting a while...food was moderate for most of our party, they ordered burgers and pulled pork special, I ordered broasted pork chop...stick to the burger and save some $",1.0,True,66,2796,66,0
bot_6171,biz_002,Amazing quality! Fast shipping! GREAT phone case! 100% recommend!!!!,5.0,False,4,14,0,1
user_3358,biz_151,"Devon is a professional stylist and really cares for your hair. I started going to her over a year ago and she has taken great care of my hair. She does a great job with all hair types, lengths, natural/relaxed. She is open minded and loves to have fun with hair. She achieves any style I throw her way. Great work!",2.0,True,268,2171,70,0
bot_3013,biz_048,Outstanding quality! Best watch on the market! Absolutely love it!!!!,5.0,False,1,19,0,1
user_2768,biz_120,"Quick look: quality and affordable comfort food. Specialty is gourmet wood oven pizzas and massive salads. Very comfortable, open air room - if you can figure out how to get to the front door! \n\nIn depth review: very familiar with this Vegas Valley chain and decided to try it out on a Monday night. After a few minutes of navigation through the adjacent business park trying to figure out how to find Sammy's parking lot and entrance, we walked in and were surprised at how busy it was. Bar had a good crowd for MNF. After waiting a couple minutes we were seated at a large table / booth towards the front (facing Green Valley Parkway). It was a chilly Monday night and they did have one of the sliding glass walls open. I enjoyed the fresh air but my lady was cold (as usual). So bring a sweater ",2.0,True,262,1512,44,0
user_2616,biz_097,"Terrible customer service.\nEnter store, go to Ipod location.\nEmployee Nick looks at me.  Says nothing.\nI say I need an Ipod Classic.\nHe tilts head toward his microphone and calls for a key to open the case.\nOpens case, removes Ipod, nods toward cash register.\nAsks if I am part of some rewards program (he mumbled so I'm not sure what program he was asking about)\nRings up sale.  Tells me the amount.\nI pay.  He pushes item towards me then says 'Do you want a bag?'\nI wait for him to say thank you. . . not happening, he never says another word.  \nI say 'You're welcome'\nEnd of transaction.\n\nHello Fry's Electronics!",1.0,True,51,1012,76,0
user_8975,biz_057,Think this place has an identity problem. Japanese and Italian? Hmmmmm....\n\nFood: I had the japanese side of the menu. The special roll and stir fry beef noodles. The roll was under whelming and the noodles were extra greasy. \n\nService: Place was packed and service was extra slow.\n\nPrice: Overpriced.\n\nRestaurant decor: French bistro.\n\nNow do u inderstand my confusion to this fusion? I probably wont b back. Surprised with all the yelp reviews...disappointed.,1.0,True,88,2586,52,0
bot_7165,biz_100,This is THE product everyone needs! Perfect! Amazing! Incredible! BUY NOW!,5.0,False,2,21,0,1
bot_6597,biz_123,Best product I have ever purchased in my entire life! Highly recommended!!!,5.0,False,4,22,0,1
user_7064,biz_068,"The Office is permanently closed. New business in same location is now V. Picasso, an upscale tapas bar owned by Victor Fuentes, which opened October 6, 2009.",1.0,True,25,1028,1,0
user_7863,biz_142,Best ribs so far on this USA trip. Potato fries were not for me but Deb loved them. Her fries are always covered in tomato sauce so I really don't know how she can tell one style from another anyway. Twice fried perhaps where I'd like them less oil and more potato flavor going on.\n\nWaiter was super friendly. The sheriff was eating here with his deputy. Must be good.\n\nDeb had baked cheesecake that was loaded with cherries. Waiter told us it was so you'd get one cherry for each mouthful of cheesecake. Deb was a very happy girl.,2.0,True,12,2604,59,0
bot_1284,biz_106,Amazing quality! Fast shipping! GREAT watch! 100% recommend!!!!,5.0,False,4,16,0,1
user_5372,biz_193,"I couldn't pass up the yelp deal for this place. We went for brunch on a Sunday and our server was very friendly, patient and attentive. The hummus app and the sweet potato fries were so yummy!  The mimosas were tasty although they went too quickly since they are served in small flutes. I liked the laid back island vibe of the place. Now that I know there's a dog-friendly patio I'll be back more often.",2.0,True,228,534,35,0
user_4739,biz_056,The thought that went into the menu and cocktail offerings alone would rank this restaurant a five stars. But add an attentive and knowledgeable  staff and you have an unforgettable dining experience.,2.0,True,162,1923,57,0
user_3499,biz_198,"Mix N Mac is a tasty little spot... The food is made with fresh quality ingredients and there are plenty of flavor options on the me.  i went with a  basic item \""""chessy mac\"""". made with a sacuse of cheddar and blue chesse.  it was good more cheddar then blue but it was a good mix.  It took a few minutes  to prepare but it was worth the short wait..",2.0,True,227,2000,13,0
user_2382,biz_132,"Came  here after a long weekend of vegas. I stuck to the normal the basic wich was two eggs, sausage, bacon, or ham, toast, potatoes.\n\nThe potatoes were really good I have to say although I did not like the onions o it. \n\nThe rest of my party had the famous chicken and waffles. It was GIANT and they were not able to finish it all. The waffles had bacon IN IT.. it was interesting and the staff were friendly. However, the wait for horrible. There were empty tables inside and they made people wait for like 15-20 minutes!!\n\nIt was not the best breakfast place I went to though.. MEH",1.0,False,224,2126,58,0
user_1134,biz_138,"The menu and food here was great! The service, was horrible! I think for a sandwich shop downtown, you should be able to work quickly, be friendly, not get flustered however; the staff the day I went in had none of those things going for them. And worse, were very un-apologetic for being so! I repeated my order (a simple turkey sandwich) to 3 different people and 4 times total. As I repeated it a 2nd time to the 3rd person, she said \""""Ok, I got it!\"""" when I repeated it louder than the first time I told her. (My fault apparently) Then we waited for them to figure out who had what sandwich, one came out before the other (my friend's) The whole situation was way too frustrating. But unfortunately, I loved my food so I will most likely go back and hope for a better experience!",1.0,True,185,2494,77,0
bot_8387,biz_093,WOW just WOW! This purchase is PERFECT! Buy it NOW you will NOT regret!,5.0,False,3,17,0,1
bot_6985,biz_107,Outstanding quality! Best mattress on the market! Absolutely love it!!!!,5.0,False,1,10,0,1
user_6856,biz_051,"The service here is impeccable, the food is cooked with precision, the plating is beautiful, sadly the taste is sorely lacking and it is unimaginative.\n\nIf we factor in service and everything I would still only give it 3 stars, but 2 stars it is. The service by itself it 5 stars!!!\n\nWe went for the MTL a table special and it was 69$ for 3 service menu.\n\nI had the striped bass sashimi, the duck breast with confit on the side and the apple clafoutis.\n\nThe sashimi was ok, it did have some sorbet on it and pieces of kumkquat which added some nice contrast, but it wasn't anything amazing.\n\nThe duck breast was a disaster in my opinion, the breast was well cooked and placed on a bourguignon sauce. The confit was tucked under a whole lump of cheese infused mashed potato along with some m",1.0,True,47,2808,40,0
user_3997,biz_049,Very pricey and not fine dining!  The popovers (or Yorkshire puddings) were presented as tho they were bread rolls with butter!!!!!  Sides were not too bad but pricey at $11 each  and potatoes gratin were lumpy and quite tasteless.  I had a spinach salad which was huge but tasteless with almost no dressing.  The prime rib was served in a big chunk which looked like it came out of a horror movie.   We paid the bill - $117 for 2 without tip but felt totally ripped off.,1.0,False,20,2823,5,0
bot_4365,biz_137,Amazing quality! Fast shipping! GREAT blender! 100% recommend!!!!,5.0,False,1,1,0,1
user_3559,biz_192,"It drives me crazy how many of my friends are tricked into going to this dump. I hate this bar. If I wanted to pay scottsdale prices for drinks....I would go to scottsdale. I know its crazy. Oh? I have to pay cover to get into a bar in tempe, ha what a joke. People, please stop being duped into going here. The only people who should be going to this pit are kids for their power hour or people taking their parents out to drink when they are in town cuz your mom would like it.",1.0,True,81,875,58,0
bot_9157,biz_100,BEST watch EVER!!! Absolutely AMAZING!!! Must buy immediately!!!,5.0,False,1,13,0,1
user_7507,biz_193,I hated Sonic food in general.\n\nThe servers were nice and the food came quickly though.  Dont know what else you can expect.,1.0,False,122,2354,45,0
bot_4882,biz_048,Best product I have ever purchased in my entire life! Highly recommended!!!,5.0,False,1,2,0,1
user_6634,biz_059,"Ok then.  I reviewed many of the other reviews and thought I was in for a treat.  What a disappointment.  I have eaten here before, when the restaurant was in a corner off of centennial parkway. I didn't think it was that good then either, but I thought I would give it another try,\n\nI ordered the traditiomal gyro platter.  It came with rice, salad, pita slices and dipping sauce, and a gyro pita sandwich.  I tried the rice first.  It was bland and dry.  The salad was good, at least the lettuce was fresh.  They gave me some little slices of pita bread and a little bit of dipping sauce.  Once again, bland. Then I tried the gyro.  It looked great.\n\nNow I have eaten quite a few gyro sandwiches from different restaurants and am usually satisfied with the taste.  The meat (lamb in my case) is",1.0,False,274,2890,73,0
user_4564,biz_095,Brought our vehicle in because it was close to our home...big mistake.  They kept telling us they fixed the problem. They were nice and believable.  After spending over 1000.00 they tell us  oh wait now they truly found the problem trying to charge another 300.00..  (we already heard that from them 3 times.)  Went to a mechanic recommended by friend who said they didn't do all they work they said they did and the 300.00 they wanted to charge us was 50.00 from this other mechanic.  So sad you can't trust a company to be honest and do the work they promised.  Will definitely never go there again and would not recommend to anyone.,1.0,False,21,1408,52,0
user_6007,biz_103,"This is a great Albertsons.  Great location, friendly staff, reasonable price.\nWatch out.  Be very careful when you purchase gift cards here, especially $500 Visa or AMEX gift cards.\nI bought a $500 Gift Card (GC) in October 2013.   Within 2 hours, some one was able to use a duplicated gift card to purchase almost $500 worth of staff about 4 miles north of the store.\nI talked to the store Manager and he is aware of the problem.  It could be an inside job.  Someone open the package using steam and get all the card information, seal the GC package and place it back on the rack.  The team  would wait for someone to buy this GC and they'll use a previously duplicated card and go shopping.  The team may need someone working at the store to notify their teammate that a card is purchased and l",1.0,True,158,800,28,0
user_7937,biz_048,"I live near this place, and have wandered its grounds in awe of the gardening and landscaping.  The waterfall and pond in back are astounding.  We had our daughter's first professional photo shoot there, actually.\n\nI hadn't gone into the house itself until a few months ago.  The place is amazing, and each guest room has its own name and theme.  While somewhat luxurious, the rooms have preserved their older, historical details, and a few of the are downright quirky.  You can check them out online.\n\nI always thought that if you were to get married in Charlotte, the Vanlandingham Estate would be a perfect venue for the ceremony and reception.  It's a fantastic historical treasure in a City that has far too few examples of its roots.",2.0,True,144,1664,2,0
user_1390,biz_019,"this place tastes like high school :) \ngone are the days of actually waking up early enough to get ready someplace other than in my car, but to actually want to make time to stop and get coffee. \n\neverytime I go to my parents I make a stop here.  i recommend everything. I always add soymilk- some employees don't charge for it and some do. I say flash them a few smiles, it will increase your chances for free soy. unless you're a guy- no soy for you. i heard it can create moobs and, well, i want to prevent you from developing moobs. \n\nI love their version of the caramel machiatto. it's the best i've ever had.\n\nSeattle Espresso is sorta like 'if you give a mouse a cookie' in that if you give me a latte then i'll want to stop in hobby lobby or target. and if i go to hobby lobby expect m",2.0,True,168,2229,47,0
user_1106,biz_065,"I've been here many times before watching my most favorite bands perform, including Dir en grey, Atreyu, A7X, and many rock bands, Including some of my favorites from Japan. \n\nThere isn't much to say when you are standing on the floor, spilled drinks, sticky floor, jumping and shouting. Yeah normal stuff.  I've purchased a few seat tickets before and they were alright. Nothing worth noting. The view is just right wherever you sit, but you get what you pay for, pay less and you'll sit farther away from the stage, you know.\n\nSound system is fair, i've heard better at other venues. There's good customer service here, Everyone is in a hurry to get things done though so sometimes people aren't \""""friendly,\"""" but rather to hurry to help the next person, which is understandable.\n\nSometimes",2.0,True,81,490,63,0
user_9065,biz_046,"This was my first time eating at Red Robin and I've had a lot of friends tell me that it's amazing, so I was pretty excited to try it....well, I was not impressed. This is just like every other American fast food chain, but with a royalty card to keep you coming back, except I signed up for the card just to get the free appetizer.\n\nI had a really salty burger, with the \""""unlimited\"""" steak fries - fyi, you don't really want to eat that many, so that's probably why its unlimited. I thought the fries were just okay, maybe I had a bad batch, since everyone says the fries are good. The drink I ordered, some strawberry soda tasting thing, was not good, but came in a pretty shaped glass. That really shouldn't be the pro.",1.0,True,17,2342,25,0
user_9914,biz_085,"this place is hardcore overpriced. i would even beg to say the olive garden is tastier and cheaper.(for the record, i can enjoy the olive garden. the food quality matches the price)\n\n I have eaten here a few separate occassions and have been 100% disappointed each time. maybe i have high expectations or something. especially when each meal is right around $15. I think their food is worth closer to $8 per meal. I would probably give it higher stars if the price was right, actually because the food isn't bad at all. just lacking when you put into account the total of your bill.  like seriously, $15 for fettuccine alfredo? i don't think so. it better be flipping bomb pasta and alfredo for that price.   and the chicken? what in the world is that? frozen tyson pieces? it looks like blended up",1.0,True,36,602,60,0
bot_1585,biz_193,FANTASTIC blender! Exceeded ALL expectations! Will buy again and again!,5.0,False,1,11,0,1
user_8081,biz_156,"Was here about 5:30 pm to 8:30 pm on Mon/16 Dec with a few buddies for their Monday Night Football specials:\n- $1 drafts and they have a big draft beer selection (Blue Moon, etc)\n- 1/2 off their sushi rolls/etc, foods pretty good\n- Friendly staff/bartender\n- Nice decor with a fish tank in the center of the bar\nI'll be back for sure.",2.0,True,202,874,62,0
user_4313,biz_066,"My boyfriend took me here during December because the spa suites are a great deal @ just a little over 100 dollars. At least, that's what we THOUGHT. The pictures on the Luxor website make the rooms look really nice and Egyptian themed. That is total BS! We got in the supposed \""""suite\"""" and it was no good. It was very very plain and there was basically no Egyptian theme to it.... There was like one pathetic Egyptian painting on the wall and thats it. The beds were very thin and we could easily feel the springs in the mattresses. (The pillows were nice and fluffy though.) The spa was dirty and we had to thoroughly rinse it out before we decided to use it. The ceiling had an ugly stain on it that was very unpleasant to look at whenever we were laying down on the beds. The TV was a small, n",1.0,False,24,1164,15,0
user_4030,biz_001,"As a typical fast-casual restauarant, this is one of those places where you place your order at the counter, pay, and they bring the food out to your table when it's ready.  I was really hoping to be blown away because I had read several glowing reviews from fellow Yelpers.  Sadly, I was under-whelmed.\n\nI wasn't exceptionally hungry, so I decided to go with the soup and 1/2 sandwich.  I love tomato bisque, so when I saw this on the menu, it was a no-brainer.  Also, I recently aquired a taste for home-made pimento cheese... so I decided on that for my sandwich.  I ordered it grilled.  Lauren ordered the chicken with orzo soup and 1/2 pimento cheese also grilled. \n\nFirst strike was that they were pretty slow in getting  our order out to us. We noticed that several other patrons got their",1.0,True,97,1100,64,0
bot_4182,biz_112,This is THE product everyone needs! Perfect! Amazing! Incredible! BUY NOW!,5.0,False,2,12,0,1
bot_5169,biz_029,Incredible mattress! I love love love it! Best purchase EVER!!!,5.0,False,4,13,0,1
user_9839,biz_024,Don't bother coming here unless you need a last minute gift.,1.0,False,289,220,57,0
user_2699,biz_035,"Smaller store, but still a decent selection and helpful employees.",2.0,True,66,1339,38,0
bot_5438,biz_119,Incredible coffee maker! I love love love it! Best purchase EVER!!!,5.0,False,1,20,0,1
user_7680,biz_043,"Monday afternoon, I stopped into the shelter at about 3:30pm.\n\nWe've not found the perfect fit yet for a dog, and I've seen a couple on the website that I was interested in meeting. \n\nI read the website every day.  \nI know that the animals I'm interested in are recovering from abuse, and had intended to start what might be a long process of me visiting once a week to help the dog get used to me before we bring up our pointer to meet them.\n\nI walked in, and as I was walking to the window, I was asked by a volunteer, who sat down the WHOLE time, if I needed help.\n\nI said yes, I'm interested in this dog. \n\nHe says to me \""""You know he was abused, right?\""""\n\nI said I did.\n\nHe goes on to tell me about how the dog isn't really good with people other than the volunteers, and that h",1.0,True,181,133,23,0
user_3766,biz_003,"I am so torn on this review...we chose to use Cynthia and Desert Oasis for our wedding because it was in close proximity to everything. We had arranged all flowers for the big day except for the cake. About a month before the big day, we arranged to have four dozen rose buds for the layers on our cake, in addition to our previously arranged order. The flowers for the wedding party, as well as our parents, and my bouquet, were simply gorgeous. However, when we got to our reception site, we had ten rose buds. We received only a quarter of the amount for which we had placed the order. I never did receive any kind of receipt for the additional flowers, which is my fault. However, four dozen roses is not cheap, and I was stuck with over $100 worth of additional costs - and a paltry looking wedd",1.0,True,154,509,65,0
user_1830,biz_157,"Ugh\n\nMy friend had a bachelor party in 2006.\n\nSo a few people decided to book a weekend in Vegas...and it also happened to be on my birthday. So I was pretty excited about the idea of going to Sin City to celebrate. Then I get the call and its my friend all excited \""""we booked the package!\""""\n\nI'm like great...\""""where we staying...MGM?Venetian?Caesars?\""""\n\n\""""Nope...Imperial Palace\""""\n\nSilence on the line...\n\nOh...gee...great\n\nNow I know its Vegas and its a bachelor party...so you will more than likely see no less then 20 minutes a day in the actual room since the time will be spent by the pool, gambling or drinking. But I can sometimes be a hotel snob, I admit it, and when I go to Vegas I want to stay in a great hotel. \n\nThe hotel was awful...so dated...the rooms dirty a",1.0,True,167,2973,33,0
user_1953,biz_012,"Carolina Ale House is now my new favorite sports bar in Uptown. It's very shiny with a ton of TV's, a HUGE selection of draft beer and an awesome location. Their dining room is decorated with local sports memorabilia and the atmosphere is very chill and definitely sports-like. I've ventured here plenty of times after Bobcats games or as a place to start the night with friends as a jump-off spot. Every server/bartender I have had has been extremely cool, patient and attentive. I actually have not eaten here yet but only because I've always focused on the beer party of the menu. (Duh) They must have a few dozen beers on tap and a cool shot menu that consists of funky bombs and libations to keep you entertained while there. \n\nIf you come on a big game night it WILL be busy so attempt to get",2.0,True,124,1613,10,0
user_2610,biz_194,All kids meals are fried except the pasta marinara. No substitutions. Plan on buying an adult meal for your kids if you want to give them something a little healthier.,1.0,True,130,2363,72,0
user_5763,biz_122,"Super cute caf\u00e9 located in the village. Lots of Pinterest-like details in their charming decor. \n\nNot a lot of space so it gets filled here quickly, esp on weekends. \n\nI opted for the cappuccino bowl and it was HUGE. It was good but I couldn't finish it. Their egg sandwiches are wonderfully constructed. \n\n****Free WiFi!",2.0,False,175,2460,18,0
user_5747,biz_177,"My worst experiences at Culver's has happened here so it is here I must give my lowest score.   They once couldn't allow me to order chicken because even though it was on the menu it was not being cooked right then.  5 pm.  duh.  So we left.\nThen I once wanted lettuce on my hamburger and they forgot.  Ok, no big deal but then when my burger came back it had a piece of lettuce about the size of a quarter so I asked for more lettuce and the guy behind the counter added some lettuce along with a good portion of disgust.   I really don't know where that disgust came from but it was freakin' weird and also very disheartening.\nWhatever, I got my lettuce and ate my burger.   What a sh**y meal.\npretty basic burger and ice cream joint with some kids working the counter.  Nothing to get too excit",1.0,True,118,1366,13,0
bot_8463,biz_067,I am so happy with this headphones! Perfect condition! Super fast delivery!!!,5.0,False,4,21,0,1
bot_5352,biz_050,WOW just WOW! This headphones is PERFECT! Buy it NOW you will NOT regret!,5.0,False,2,9,0,1
bot_9125,biz_050,This phone case is simply OUTSTANDING! Better than I ever imagined!! 5 stars!,5.0,False,2,4,0,1
user_6567,biz_096,"HOURS: \n   T-F: 9-5\n   S-Su: 10-4\n\nThought it'd be smartest to first post the hours because they are a bit unconventional. They've eluded me a few times when I first heard about the place, somehow always at the times when I was most craving their crepes!!",2.0,True,278,339,55,0
user_8435,biz_002,I've had a lot of things both dry cleaned and altered at this place (several hundred dollars worth). He is consistently late and there were a  couple of instances where I had to take stuff back to be re-done. I've only gone because it is convenient to my location and reasonably priced. I will never go back though. The straw that broke the camels back for me was the most recent time when I had him alter two suits. We agreed on two weeks to complete the work. I came back in three and he hadn't even started. He told me the earliest he could do it was another week and then was late again. Seriously? How hard is this? I am now going to start a search for a more reliable place.,1.0,False,269,948,44,0
user_5063,biz_106,Love that they serve breakfast all day and serve fresh juice. Food is always so tasty and fresh. Love eating on the patio.,2.0,True,249,1337,28,0
user_7411,biz_137,"Living close to Lake Pleasant Town Center, my family is always excited about restaurants that are new in the area. We have been at this restaurant a few times and each time have ha issues with orders. I have Celiacs Disease and am very careful about what I eat(have to). Most Greek restaurants are very accommodating and eager to understand the needs of the customer, unfortunately this is not the case here. When asked to keep all bread on the side, we were told it wouldn't matter if the bread was on top. Again we asked and the first visit the staff remade it reluctantly, but the second visit they did or would not do so. I would suggest that the owner 's and staff read up on allergies with food and learn about the needs of their customers. By the way of course I did not eat the meal. I enjoy ",1.0,False,230,2397,34,0
user_6151,biz_095,"This post is about the Subway in this Walmart. I had the craziest Subway experience EVER at this Walmart. First, the woman working had to run answer the phone which was no big deal since I wasn't in a rush, but then started cleaning after and left us standing there, while her co-worker took care of all the people in line behind us. Once we made eye contact she realized she'd left us standing there and came over to finish our order. Then, she asked us the same questions about the bread, cheese, toasting, and sub choice over and over again. Finally we get to deal with someone else when it comes time to put our toppings on, but little did we know that all of the workers were not properly trained. She loaded my sub so full that it was barely edible, and the sub was so drenched in oil and vineg",1.0,True,145,2199,61,0
user_9458,biz_003,"I grew up and spent most of my life in tempe, and have passed by this location many times always thought about going in. My first time, was horrible. It was a tuesday and really slow. We sat outside. Our server took for ever to bring us our drinks and completely forgot my beer. I cancelled my beer and figured id just order it from the bartender. When I go to the bar, no one is bartending (hmmm wondrer if thats why drinks took forever). Find out my outside server is actually the bartender! Shes supposed to handle the drinks for the entire restaurant and take on outside tables? Just horrible, when we ordered our food, we waited 45 minutes before we decided to jist cancel the order. Management looked confused and did nothing to help besides offering to comp our food. I don't want free food, I",1.0,True,191,2645,63,0
bot_6634,biz_053,Absolutely wonderful purchase! The BEST on the market! Buy it today!!,5.0,False,3,15,0,1
bot_6682,biz_192,WOW just WOW! This vacuum is PERFECT! Buy it NOW you will NOT regret!,5.0,False,2,15,0,1
user_2418,biz_192,"Fabulous!! It's simple, very clean and DELICIOUS. Me and my girls new favorite place for an amazing morning. :)",2.0,True,52,1691,35,0
bot_3606,biz_179,Super super great product! Best seller! Number one! Perfect perfect!,5.0,False,2,22,0,1
user_8012,biz_160,This club has honestly hired the most inept people. I was thrown out for allegedly throwing beer when I was 100% not even close to doing that. Worst club I've been to in Vegas and I've been to several clubs in this town. If you want to have fun here go to marquee or hakkasan for the love of god skip this abortion of a club.,1.0,False,81,1258,2,0
bot_7958,biz_012,Absolutely wonderful headphones! The BEST on the market! Buy it today!!,5.0,False,1,22,0,1
user_8027,biz_164,"NY pizza purists beware! You'll see black beans. Cheddar. Thai flavors. Jerk chicken. Things that could almost take these pizzas to snobby flatbreadland.\n\nBut the tastes are sharp, toppings fresh. Flavor combos pretty awesome. And they're sympathetic to veggie whining, so you can sub stuff in and out easily, with no extra charge.\n\nPlus they deliver. Quickly. And haven't screwed my orders up yet (knock on wood).\n\nPrices are a tad high, but like I said, quality stuffs are being used. A take on pie that's somewhat new to me, so this could be beginner's love. (If you guys really wanna slay the veg set, add tofu to the topping list!)",2.0,True,230,2793,16,0
user_4053,biz_146,"Welcome to Verizon. Have a seat.\n\nCustmer service waits are extremely long even at off times,  \n\nThe two stars are earned SOLELY by the staff who, while overworked and likely underpaid were quite attentive and polite.",1.0,True,11,2013,13,0
user_9042,biz_183,"The Steakhouse burger is one of the best burgers I have ever eaten. Go during happy hour and get the apps and sliders. They are all great. The service can be a little slow when it's busy. LBS can kinda be hit and miss as we have had to have them remake food that was cold, but they seemed happy to please. I think if this place wasn't inside a Station Casino it would be better, because every time we go into a Station Casino eastery, there seems to be something that holds it back from being great.",2.0,True,133,2236,40,0
user_8585,biz_041,"F\u00fcr mich war das Luxor Top!\n\n\n Ich musste anl\u00e4sslich einer Messe nach Las Vegas. So bin ich hier gelandet, viel Zeit hatte ich nicht (ca. 24Std.) , au\u00dferdem hatte ich einen ausgepr\u00e4gten Jetlag.\n\n\n Okay, i can't get no sleep... Was also tun?\n\n\n Nat\u00fcrlich zocken!\n\n\n Ich hatte eine aussergew\u00f6hnlich intensive Gl\u00fccksstr\u00e4hne. Beim Roulette.\n\n\n Das Ende vom Lied war, dass dann doch die Zeit knapp wurde und ich meine gewonnenen Chips in bares tauschen musste...\n\n\n Und ganz offen, es war eine beachtliche Summe aus meinem Einsatz von 500 USD geworden!\n\n\n Zwischendurch wurde ich vom Hotel Management noch gefragt, ob ich dem \""""Club\""""? beitreten m\u00f6chte. Meine Spielzeiten und Gewinne wurden dann aufgezeichnet, daf\u00fcr bekam ich aber ",2.0,False,246,412,46,0
bot_4929,biz_170,Incredible blender! I love love love it! Best purchase EVER!!!,5.0,False,3,4,0,1
user_5060,biz_109,I love that you can buy a single taco!,2.0,True,144,2289,54,0
user_2707,biz_041,"I was at MGM Grand for a conference and brought my family with me.  My conference included lunch but my family wanted to meet me here for lunch.  When I arrived they were already seated.  It was probably 20 minutes before the waiter came to the table.  He took our order and disappeared again for another 30 minutes and another 10 minutes after that there was still no food. My tea had been empty for most of the duration of my \""""meal\"""".  I looked at my watch and realized it had already been an hour and the conference session was starting back up.  So I left after nearly an hour having had no food and only 1 glass of tea.\n\nThe manager came by after I left and said it was our fault for not letting them know we were in a hurry.  But, honestly, does it really take 30-45 minutes to make food? ",1.0,True,40,1579,47,0
user_3466,biz_091,"The consummate beer bar.  Great selection, knowledgeable bartenders and eclectic patrons.  What more can you want from a drinking establishment?  The food is good too.",2.0,False,87,755,79,0
user_5723,biz_173,"Had dinner at Little Cleo's last week while visiting friends in Phoenix. What a find!! Great food, great service and reasonably priced to boot! The grilled octopus starter is really tasty...and the fresh oyster selection is the best I've found south of Seattle! A great restaurant experience, and I'll definitely go back on my next trip south. Absolutely 5 stars!",2.0,True,256,2252,8,0
user_5991,biz_147,"A--MAZ--ING!!!\n\nYou must get the Stone Crabs (large ones if they have them)\nThey are Melt in your Mouth.\nThey give you a Mustard/Mayo Dipping sauce which my Mom said was incredible but I dont like Mayo.   So they gave me a Malt Vinegar and their\nRed Wine Shallot vinigerette to dip the crabs in,  Both were sooo good!\n\nWe started with salads.\nI had the Chopped Veggie Salad which had a ton of veggies and was great.\nMy parents had a Chopped Lettuce Tomato and Blue Cheese Salad which they loved.\n\nMy Dad did not get the Stone Crabs, he got Lobster Tail  Tempura.\nI tasted it, and it was also Melt in Your Mouth.\n\nSides we got:\nLyonaisse Potatoes (I dont eat potatoes but they looked amazing if you do).\nThey were  dome shape, crunchy, and had carmelized onions on top.\nBrocollini, wh",2.0,True,15,1734,77,0
user_7238,biz_055,"Do you ever get that conspiracy theory moment where you think that a business is actually some sort of front for something much more sinister?\n\nLa Fondita is a little hole-in-the-wall mom and pop \""""restaurant\"""" in beautiful down town El Mirage.  Please do not drive to downtown El Mirage based on my past sentence.  The \""""beautiful down town El Mirage\"""" statement is what one might call sarcasm.  Remember when you were a kid, and you'd enter a neighborhood and your mom would tell you to lock the doors?  Now, you are picturing the beauty.  Moving on...\n\nLa Fondita is closed almost as much as it is open.  I drove by last Saturday at 8pm and they were closed.  \n\nI usually just get my food to go from the little window.  The dining room, if we are calling it that, sort of makes you wonde",1.0,False,140,961,79,0
user_8895,biz_123,"What an amazing surprise!  It's a family tradition to stop in Madison on the way back from any trip to Minnesota or the Dells and we usually go to another hibachi place.  My mom has zero sense of direction and led us to Takumi and we are so glad she did.  While it wasn't the place we were expecting it was a great experience.  We had the entire hibachi room to ourselves and the service was outstanding.  The portions are huge and extremely fresh.  My wife ordered the tuna hibachi and they brought out a huge fillet of sushi grade tuna.  Her meal was a steal as I am sure that ordering that much sashimi would have bankrupted us!  Their sushi also looked outstanding, but we kept to the hibachi.  If I didn't live 300 miles away I would regularly frequent Takumi!",2.0,True,73,1384,68,0
user_3590,biz_085,"Love this place! Great food! \""""The King\"""" is a mountain size pulled pork sandwich served w coleslaw and a delicious tangy sauce. Great service! Sit down, drive up, call in, or catering service available. Mouth watering delicious!",2.0,False,44,967,40,0
user_9629,biz_159,"Granted, Frankie's Tiki Room has gotten quite touristy, but I still love to go there every once in a while. It is kind of funny to watch the tourists get all confused on how to order, or ask them what kinds of beer they have :o) The beer is great, the atmosphere is fun, and--music or not---it's always a raucous good time. It's like they say, you haven't been drunk in New York until you've been drunk at Frankie's Tiki Room.",2.0,True,197,680,37,0
user_1765,biz_155,"What a gorgeous gem!!! This review is strictly for the lounge timeframe before they convert the venue into a club. After finishing a birthday meal with my large party at Sensi, we dropped by this bar for a few drinks before heading out for the nights festivities. Absolutely breathtaking views. A full wall of windows looks out to the Bellagio Fountain.  There is open seating where you can chill with your buddies while taking in the water show (goes off every 30 minutes). Typical expensive drinks, but having an hour or so to kill at this venue is a must.",2.0,True,128,2653,24,0
user_9282,biz_188,"Portions are huge!  Food is soooooo yummy!\nThe chile verde is soooooo yummy and the spuds are sooooo yummy!\nEverything that I have ever tried has been yummy.\nBut they do all the dollar to change this, dollar to add that, and not say anything about it.  That bugs me, if you are going to charge extra for something give me a heads up.\nOther than that the service and food are great!",2.0,True,39,1009,5,0
bot_8604,biz_149,Super super great headphones! Best seller! Number one! Perfect perfect!,5.0,False,4,10,0,1
bot_5725,biz_125,Super super great coffee maker! Best seller! Number one! Perfect perfect!,5.0,False,2,11,0,1
user_5511,biz_073,My 7-Eleven when Im in Vegas! And when I used to live here!\n\nIts always clean and the staff are friendly! \n\nNachos and Slurpees.... mMm...,2.0,True,82,425,70,0
bot_7656,biz_138,Love this headphones so much! Perfect perfect perfect! Five stars always!,5.0,False,4,19,0,1
user_4092,biz_090,"They call this an Irish pub but there's nothing Irish about it in my opinion. Honestly people don't care about the atmosphere, do they? They just come for the booze. They serve the typical junk food and it is very crowded during the weekends. They have a few specials too, so do check those out.",1.0,True,115,126,44,0
user_5324,biz_125,"As far as budget vegas eating goes, its middle to bottom of the barrel.  I've only eaten the turkey club and drank beer here.  twice during my last visit, once around 9pm friday night and again at around 4am sunday morning.  it was food to absorb the alcohol that was in my system, and that's about it.",1.0,False,142,1842,51,0
user_3962,biz_129,"I cannot believe that this hotel is in the ABV network-- it is a true dump. And, when I say dump, I mean literally. It sits next to the City Landfill, and smells just like you would imagine. Imagine our disgust when we arrived. \n\nEven worse, the hotel seemed to host many long-term residents. At times, we were unsure of whether we had booked at a hotel or at the local homeless shelter. \n\nDo yourself a favor and skip this dump--and ABV hotels altogether.",1.0,False,117,1356,0,0
user_5890,biz_193,"Gilbert AZ Carmax, LIARS ... these people have integrity issues.  My daughter just bought a 2012 Kia Soul from them.  There are significant scratches on the front bumper.  The salesman, Troy, told us verbally and in writing that Carmax would pay to have this fixed, and would provide a loaner car at no cost to us.  When she took the car in to have it fixed, 2 days after buying it, they then said they will NOT fix it, or provide a loaner car.  The salesman then said,\""""he had no power\"""" to make it right.  They lie and you can't trust what they say at all.  We paid a $649 transfer fee to have this vehicle brought in from Carmax in Houston.  Considering our investment, you would think they would keep their word and fix the scratches.  In fact, the scratches should have been fixed on a 2012 ve",1.0,True,270,1347,56,0
user_8122,biz_174,"I cannot believe that I went there tonight with 5 other people, a party of 6; and was turned away. We were told that there was a party of 20 coming in in a few minutes and they couldn't take any more customers. Inside, there were 3 tables sitting which I felt was very slow for about 6pm even on a Monday night. The guy, who claimed to be a manager, said that the two sushi chefs weren't capable of making sushi for our table of 6 when they had a party of 20 coming in 10 minutes. He said he knew there limits and it wasn't possible but that we could wait 2 HOURS to be seated!! WTF??????? Two sushi chefs cannot help us. BTW, we went to Starbucks next door and noticed the party of 20 go in at 6:30pm. How ridiculous!!!! They could have sat us and make a lot more money off of us and still had a par",1.0,True,42,375,79,0
bot_7002,biz_170,Absolutely wonderful vacuum! The BEST on the market! Buy it today!!,5.0,False,3,2,0,1
user_9213,biz_190,Horrible experience. Don't go there. I have an I phone 5 and it had a shattered screen. I was going to pay 80 dollars for the repair. I dropped off the phone and was told it was going to be thirty to fourty five minutes. I came back an hour and a half later and it wasn't finished. Then come to find out they fried my motherboard while taking the broken screen out. Then I was told to go to apple and pay for repairs and bring a receipt back for reimbursement. I did that and had to buy a brand new phone. Same day I went back with a receipt and was told I had to wait a day for a check. The only person I respect in that store is the manager because he took care of me the way a real company should and I thank him for that. But really a check the next day? I really don't recommend this company. Ju,1.0,True,277,2812,78,0
user_5638,biz_083,"I have never been to a Danny's car wash and today for Mother's day I took my mom's van in to get cleaned for the first time. I was satisfied with the cleanliness of the vehicle. However, the automatic driver seat that moves forward and backward was damaged during the cleaning process by their employees. I approached the manager about the situation and he basically said it was me who damaged it. Also, that his employees purpose is to clean the vehicles not to damage it. I was shocked by his answer to me. Talking to me as if I were stupid. I will never go back or refer anyone to this location.",1.0,True,248,289,68,0
bot_7629,biz_173,WOW just WOW! This blender is PERFECT! Buy it NOW you will NOT regret!,5.0,False,2,3,0,1
user_8697,biz_077,"My boyfriend and I came here with a few of our friends for a birthday dinner. I had looked ahead at the menu since I tend to be very indecisive and take forever to pick a dish and at the time everything sounded amazing. \n\nThe presentation of the dishes were beautiful however it didn't satify our taste buds. I guess for the price we were expecting everything to taste phenomenal. I just got a simple shrimp pasta dish and my boyfriend got the salmon dish with a side of potatoes (which btw, all their sides are a la carte) and the bill was around $130.  If the food tasted better it would have been no big deal, but for that price I think I'd enjoy myself else where.",1.0,True,242,2419,45,0
bot_4168,biz_164,BEST vacuum EVER!!! Absolutely AMAZING!!! Must buy immediately!!!,5.0,False,4,15,0,1
user_8909,biz_088,"All I have to say is that I finally found my favorite sushi in town!!\nFresh fish, delicious!!!",2.0,True,133,2090,34,0
bot_3131,biz_195,I am so happy with this vacuum! Perfect condition! Super fast delivery!!!,5.0,False,1,4,0,1
user_9124,biz_003,I absolutely love this Bar!  One of the Best views of LV.  Seating indoors and out.  I'll definitely be back.,2.0,True,214,2578,33,0
bot_6341,biz_038,GREAT product arrived fast works perfect love it would buy again 5 stars!,5.0,False,3,18,0,1
bot_1148,biz_054,Outstanding quality! Best purchase on the market! Absolutely love it!!!!,5.0,False,3,20,0,1
user_3563,biz_049,I normally wouldn't leave a reviw for a Walmart but the service in this place was so horrendous that I had to tell people about it. I saw the customer service lady treat a spanic lady in thee most rude way.. \nWhen I had enough I asked to speak to the manager and I was denied.. They said that he wouldn't be back until the next day..\nI called to complain the next morning and when I called they would transfer my call and nobody would ever pick up..,1.0,True,113,1993,71,0
user_9609,biz_099,"First of all, they don't sell Pellegrino except in gigantic Costco sized bottles. What's with that? The service was crazy slow, but it wasn't hard to get a table. They have nice patio seating and a pretty good happy hour from 5-7pm which include drinks and food. Overall, would not return.\n\nHere's a run down of the food I tried:\n\nComplimentary Bread: Delicious. Unfortunately, it went downhill from here.\n\nHummus: Did not like the hummus because it tasted weird and was really dry. Plus, the pita seemed kinda stale. Would not get it again.\n\nTuna Sampler: Sounded like a great idea, but it was really not fresh at all. American restaurants need to not attempt to make sushi.\n\nBeet Salad: It was kind of missing ... beets. \n\nLobster Mac n Cheese: Yum. Lobster and Mac n Cheese should alwa",1.0,True,48,137,10,0
user_3297,biz_137,Although the place is quite nice the service was just awful. When we had our drinks they gave us a very dirty glass. Who couldn't they notice? We waited for almost 30 minutes to have our food and to be honest it's too expensive for what you have. I'm definitely not trying again.,1.0,True,147,1133,27,0
user_2257,biz_042,Everything here is good. Menu stays fresh with seasonal offerings as well as standards. Can't miss with any of the smoothies.,2.0,True,137,1652,41,0
user_9323,biz_104,"I stumbled upon this great Thai place while taking a friend to Firehouse subs next door. The interior is very welcoming. The soup is really good for starters. The staff is friendly and the service is great. I'm a vegetarian and they do have veggie spring rolls and tofu as an option for meat. I have been bringing one of my business partners here for lunch and it is quick convenient and tasty. The portions are generous, it is reasonably priced for lunch and the flavor is great. Honestly the only reason I didn't give them five stars is because they aren't near my house and the location is semi hidden near the closed down Arby's on Bruton Smith Blvd.",2.0,False,286,2626,61,0
user_6566,biz_136,Basil grilled chicken baguette...... Amazing\n\n\nExpresso martini.... Amazing!\n\nAnd.... Service from Beth behind the bar who I have encountered twice now flying out.... So personable and down to earth.\n\nI myself work in the industry and it's hard going out because I pick things out constantly about what is wrong.  There was nothing wrong about my experience today.\n\nNext time I fly out hopefully it's in the C terminal of southwest and I get to come back!,2.0,False,27,2677,44,0
user_3900,biz_100,"The best pizza in Middleton.  The ingredients are top-notch (try the pesto!) and the deep-dish crust is absolutely addictive; doughy, thick, and solid enough to hold all the toppings without breaking a sweat.  The thin crust is also quite good.  The pizza is never too greasy (unless, of course, you've gotten five meats and extra cheese), which is a major plus.\n\nThe breadsticks are excellent as well.  Buttery, sprinkled with Parmesan and cooked to perfection.  Falbo Bro's doesn't have the same wide selection of appetizers as, say, Glass Nickel, but all of their appetizers are solid.\n\nYou can also get subs, salads, or Falzones (get it!?  Falbo's Calzones!?) but why on earth would you get any of those things when you can have this godlike pizza?\n\nDelivery is efficient and I've never had",2.0,True,149,2770,66,0
user_6101,biz_013,I really like this place and would definitely come back.  I had a blueberry martini that was dreamy and for dinner I had the halibut entree which was also very good.  Their wine selection is very good... I did have a glass of wine too because someone ordered a bottle of wine and I felt compelled to help him out:)  And from what I remember the service was also very good.,2.0,True,66,1297,47,0
user_6274,biz_042,"A great menu!  Friendly service, classic Rock music that I grew up with, too many big screens to count followed by hugely portioned good food....yes it gets my \""""two thumbs up\"""".",2.0,True,44,1991,22,0
user_8289,biz_166,"Besides the extremely rude host/waitress and the short black hair in my charbroiled pork pho, and  the incredibly dirty and smelly restroom everything else was just fine.\n\nNot to mention that the waitress/host ignored pretty much anyone that entered the restaurant that was not \""""asian looking\"""".  A patron that was already eating asked her for water, and she ignored him, he asked again and she said \""""oh sometime i don't pay attention\"""". \n\nWhen another patron walked in she stood at the entrance for about 5 min and was completely ignored. She finally got the waitress/host attention and she said \"""" oh, nex time you say something when you walk in, don't just stand there, i can't see you. \n\nhmmmmmm on a monday evening the only dinners where us, the man that asked for water and the wom",1.0,False,195,2941,64,0
user_4577,biz_092,"Been here twice, love to stop buy and get some dinner. The environment is really nice and there's someone even there to play live piano! \nThe service is par but the place makes up with its food, absolutely love the BBQ Pork appetizers, one thing i can't shut up about is the tea, it is pure amazing. The next time I go, I definitely want to try out the lobster or duck, which is what they are known for from what I've heard.",2.0,False,135,507,63,0
bot_3415,biz_035,This item is simply OUTSTANDING! Better than I ever imagined!! 5 stars!,5.0,False,4,23,0,1
user_4869,biz_149,"Babytown has nicer cribs and nursery bedding then Buy Buy Baby in my opinion.  The overall quality of the nursery furniture is superior.  The nursery bedding selection is nicer overall and cuter!\n\nOtherwise the selection is pretty similar to Buy Buy Baby in Chandler.  This store is locally owned and operated though so you should definitely shop here if possible.\n\nI hear from my girlfriends that they take Buy Buy Baby coupons and Bed Bath and Beyond coupons too like their competitors.  I haven't tried this myself though, but will soon!  \n\nThe staff is pretty aloof.  That is fine for me though as I like to browse by myself and do my research online.\n\nThere is a huge parking lot too which makes parking pretty easy.  It is also located a couple doors down from a Super Target, which is ",2.0,False,266,1299,45,0
user_3392,biz_043,"Sadly, my experience at Wildfish this evening was extremely disappointing, due in large part to the total ineptitude of our waiter. He was well meaning and very pleasant (apologizing each time he messed up) but his lack of training was appalling. To specify: (1) he forgot to bring the wine we ordered, (2) forgot to order one of our side dishes so that it came a full ten minutes after our meal was served, and then (3), left the dirty dishes in front of us even while pouring our coffee. The food was fine, which is the only reason this received 2 stars rather than 1.  But it could not compensate for such bad service. It certainly wasn't worth the cost of this dinner.",1.0,True,134,1067,59,0
user_3681,biz_015,"Well, the food SMELLED good.  However, upon being seated, we received two pieces of news that precipitated a rapid exit: 1) they were no longer honoring the coupons we had purchased--that prompted us to visit Mirch in the first place--because 2) they were closing in two days.\n\nBuh-bye.",1.0,True,253,1055,5,0
user_9423,biz_017,"Cute store...love browsing, great place to pick up unique gifts for friends. Worth a stop in.",2.0,True,43,589,48,0
bot_3618,biz_106,Love this product so much! Perfect perfect perfect! Five stars always!,5.0,False,1,4,0,1
bot_1787,biz_094,This phone case is simply OUTSTANDING! Better than I ever imagined!! 5 stars!,5.0,False,3,8,0,1
user_6806,biz_056,"We visited The Living Room after a bad experience at Kokopelli.  This was my first visit.  The energy, music, decor and customer service is above average.   The kitchen was closed so we will return and check out their menu very soon.  This would be a much better choice if you are looking for a wine bar in Chandler.",2.0,False,42,2458,52,0
user_2825,biz_025,"The food was ok.  To be honest if the service hadn't been so bad it probably would have been a 4. However, he was so bloody miserable if we had not ever darkened his door I would hope that he would have been happier.  (He couldn't have been any worse) the hostess was very nice and the bartenders seemed great though.  I wish we had sat there. Oh well.",1.0,True,62,1072,61,0
user_7073,biz_136,"I usually don't go to sushi places, but I did not decide tonight.  My friend craved for sushi.  \n\nI was uneasy since there was a wait and was told at first that it would be 30+mins..  We waited and was seated in less than 20.  We got a nice seating in the bar area.  After being seated, I was ready to eat.  I was amused by the ayce rules.  60 mins. I was curious what would happen if I went over by 5 mins?  I absolutely loved how great the ayce menu was.  Side dishes and dessert?? dang!  I am sold.\n\nNice because I felt like i had my own sushi chef.  We told him different items to prepare for us.  Very nicely presented and the fish felt fresh.  I like that because I have had poor experience at other places.  For an ayce, I see why there's a line outside.  I enjoyed the 624, baked sushi wh",2.0,False,264,2870,77,0
user_1698,biz_120,"Excellent food, great beer selection (cheap too), kind staff and service!!!  The burgers are out of this world!  \n\nThe best part about this place is that there is typically always open seating when I've gone.  Let the hipsters and yuppies fight to place drink orders while waiting hours for tables at the other NODA restaurants... I'd rather be at JackBeagles; eatting better food, saving money and enjoying great music!",2.0,True,77,342,5,0
bot_8076,biz_162,Outstanding quality! Best coffee maker on the market! Absolutely love it!!!!,5.0,False,4,12,0,1
user_6038,biz_113,"Owned and operated by Eugenia Theodosopoulos (an Ohio native, fyi) and considered by many to be the best patisserie/bakery in the state I approached Essence with a note of skepticism largely assuming much of the hype was derived from Tempe's plethoric college crowd but arriving at the doors of the small shop on a particularly lovely 80 degree morning I gathered quite quickly that my original conceptions were misplaced; not only does Essence not look like a college haunt, neither do its prices or products - a vast selection of at least twenty items aside from the posted menu sitting beneath and atop a glass case forcing me to make more than one tough decision that was not helped by my server's accurate assessment that everything was really good.\n\nNow bearing in mind that the original impe",2.0,False,33,2056,27,0
user_3567,biz_156,This was the right decision when it comes to brick oven pizza in Arizona. The wait was only 30 minutes and the pizza was so much better than the well known and televised local competition (let's just call them pizza B). The ambiance was fantastic and it was the perfect date spot for the wife and I to sit back and relax. They even had a local musician playing live music to even better the mood for dinner. Service was fantastic and every part of our dinner made the wife and I happy about our dinner choice.\n\nLet me start by saying everything I ordered was perfect.\n\nThe ostra salad was plenty as a starter for the wife and I and it was fresh with fantastic tasting ingredients.\nThe diavola spicy pizza with ricotta added was the best pizza I have ever had.\nMy wife's white pizza was fantasti,2.0,False,224,2242,53,0
user_7809,biz_120,Very good lunch buffet with seafood for $19.95.  Checked out Cosmopolitan buffet but they did not offer seafood.  It was also in a dark area in back of the hotel.  Aria was in a very bright sunny area near the pool.  Points for ambience.  Ver clean and servers were very prompt and friendly.  The quality of the food was great but focused on crab legs and shrimp.  They every heat steam your crab legs as requested.        \n\nHighly recommended.,2.0,True,297,192,40,0
bot_3253,biz_055,Amazing quality! Fast shipping! GREAT product! 100% recommend!!!!,5.0,False,1,19,0,1
bot_1017,biz_148,Incredible coffee maker! I love love love it! Best purchase EVER!!!,5.0,False,2,24,0,1
user_5615,biz_042,"A nice wee addition to the Stockbridge area. I was in today after a quick trip to the market for a bit of lunch. I had a great Americano and an AMAZING smoked salmon open faced sandwich, with some amazing dill cream and pickled onions. My friend had the crispbreads with butter and jam, which she said were extremely fresh and tasty. Lovely looking cakes and ice cream too, but i've not yet tried these... 'yet' being the key word.\n\nA downside is that this branch is quite petite - the one on the Quarter mile is much larger and more open, and I prefer it there. It's also quite expensive, but for a rare, quality treat it hits the spot!",2.0,True,97,2747,8,0
user_3683,biz_159,"WOW!\n\nTalk about being in for a treat! Fremont Street is not exactly my first destination when seeking out good eats, but holy smacks! My party was seated in what I would describe as the best seats in the house. Directly center in front of a huge window overlooking the street and able to view the \""""light show\"""" about 15 minutes into the meal.\n\nWe ordered so much food and nothing was disappointing. We started with a pitcher of the white sangria. The drink was great and the booze marinated fruit was a great finish to the meal. \n\nCrispy Duck Roll - Really Great! The duck was tender with great flavor, although I agree with previous yelper, could have used a lil somethin somethin (like sriracha)\nAlbondigas - The sauce on these little meatballs was the star.\nBabyback Ribs - SO TENDER! ",2.0,False,216,1801,64,0
user_1496,biz_091,"Nicky's, one of the staple Thai restaurants that is on everyone's top list of restaurants, has finally moved into their newest space - much to the joy of disinterested downtown diners who were sick of lackluster lunch locations. I had the joy of Nicky's Thai at being only a short walk away, back when I worked on the other side of the river. Now being nowhere near, I would constantly crave food as flavorful and spicy as my old lunch haunt. And It appears I'm not the only one to take notice, the Downtown Nicky's is expectedly packed during the lunch rush - being pretty difficult to get a table between 12:00 and 12:45.\n\nEntering Nicky's, the space is comfortably decorated, but larger and less cozy than the North shore location. As far as I can tell, gone is the beautifully decorated patio w",2.0,True,111,2266,2,0
user_3548,biz_043,"Cover is crazy expensive for Pure, which isnt a new club and simply allow anyone in. So I scored passes from a guy on the street who only asked to tip him. Dont buy the passes! if you purchase passes, then they arent real. The promoters arent allowed to sell passes!! so be aware! also there are some promoters walking around the casino right before the club opens and they give out bracelets to girls who are dressed well. Try to score both of these passes because you get a free drink with the bracelet and you get vip line advantage no cover with the pass!\n\nI was told that dress code is enforced! no flip flops so i was pissed when girls were allowed inside with flip flops and jean shorts! o well. the price of looking good. \n\nThe dancefloor gets overcrowded very easily, so I think the club",1.0,True,228,1937,73,0
user_2869,biz_033,"Oxtail chili fries ftw. The truffle fries are not very truffle-y. Had better at I Love Burger, Gordon Ramsay Burgr, and Guy Fieri's. They're covered in a mushroom sauce that's tasty, but I'd call them creamy mushroom fries, not truffle fries.",2.0,False,83,1177,9,0
bot_4344,biz_178,Amazing quality! Fast shipping! GREAT blender! 100% recommend!!!!,5.0,False,3,18,0,1
user_5138,biz_124,Great Kobe burger!,2.0,False,67,2566,77,0
user_3040,biz_008,"I don't know why, maybe just the change up factor, but every time I end up here I have a good time. I actually enjoy the dancing, two stepping around in a circle roller rink style. The Drinks are cheap, I get in free at the door (military) and the chicks that frequent this place are just more laid back, willing to dance and have fun and lots of them are wearing daisy dukes. The drink specials are cool, they change every hour I think and they're displayed on a flat screen behind the bar so you don't have to ask. Example - $3 Bacardi mixed drinks, solid deal. The music is country but if you ask the DJ he'll play some hip hop for you. The layout of Revolver is smart. Go here, bring friends, gamble beforehand, earn a room comp, drink till your heart is content, then get some food court fare, h",2.0,True,35,2557,66,0
user_1467,biz_119,"Pretty awesome experience.  Mike is a fun dude that has put together an experience in Vegas that you can't have without Turnt Up.  For the price you get every penny you pay.  Free drinks, awesome clubs, no cover or waiting.  Definately try this and I will be back!!",2.0,False,255,2629,67,0
user_1165,biz_065,"I have been living in this hotel for the better part of a year. The front desk staff is very friendly and helpful. They have fresh baked cookies every night at 7 - chocolate chip is by far the best if you get them warm. My room has a full size fridge, two burner stove, cupboards and dishes. They are comfortable and clean, but not fancy. They recently upgraded to new flat screen TV's in every room with dish satellite and nice coffee pots (Keurieg type).\n\nThe pool is small and clean, but open 24 hours so you can swim laps in the wee hours of the morning or evening when it's cool out and the kids are nowhere to be seen.  The exercise room is small and nothing to write home about - they have the basics, but I choose not to use it. They have three washers and three driers in the laundry room,",2.0,True,137,788,48,0
bot_1921,biz_152,This vacuum is simply OUTSTANDING! Better than I ever imagined!! 5 stars!,5.0,False,2,11,0,1
bot_2169,biz_053,BEST mattress EVER!!! Absolutely AMAZING!!! Must buy immediately!!!,5.0,False,3,15,0,1
user_9860,biz_091,Not a good egg samwich.,1.0,True,239,978,3,0
user_4332,biz_146,Got here at 10:30am and the food was super dry and all breaded items were hard as a rock.   You would THINK they would be fresher early in the morning.  Save your money and go to Buffet Asia on Nellis. You'll be making a much better choice,1.0,True,102,428,69,0
bot_1102,biz_089,BEST blender EVER!!! Absolutely AMAZING!!! Must buy immediately!!!,5.0,False,4,16,0,1
user_4902,biz_029,"Clean facilities, they appeared to take great care of the dogs, the process was easy and efficient in adopting a dog.  Adopt a pet now~so many dogs need good homes!",2.0,False,60,735,22,0
user_2406,biz_142,I always find some great deals on cute clothes form my daughter.,2.0,True,40,2306,36,0
bot_3015,biz_158,This phone case is simply OUTSTANDING! Better than I ever imagined!! 5 stars!,5.0,False,2,7,0,1
bot_3352,biz_081,Best product I have ever purchased in my entire life! Highly recommended!!!,5.0,False,1,6,0,1
bot_9680,biz_197,Outstanding quality! Best headphones on the market! Absolutely love it!!!!,5.0,False,1,13,0,1
user_9736,biz_191,"I've been here twice so far and it was mediocre at best both times. \n\nService is absolutely terrible. They take forever to take your order, and the woman is incredibly rude. She never gave us menus and when we asked for them she told us to just tell her what we want. The dishes we got were really gross and looked like they hadn't been cleaned in a while. \n\nThe actual food itself is mediocre. For a little more money, you could go somewhere else and get something that is 20 times better. I ordered the eggs and corned beef hash -- the egg (because it was only one) was a tiny portion, and the corn beef hash tasted like what I imagine dog food tastes like. \n\nThe only thing I like about this place is that it's relatively cheap and their pancakes are huge. One pancake is definitely enough f",1.0,True,120,2396,46,0
user_1666,biz_006,"Ordered the chopped brisket sandwich because they did not have sliced brisket available at 11:45 AM.  Chopped brisket was left overs reheated, very dry like jerky with poop flavor.  My two friends and I had the same thing with the same BAD results.  They will never see us there again.  \nToms, Daves, and most home BBQ put them to shame.",1.0,True,48,2220,46,0
user_6165,biz_012,"Fast and delicious.  Great service   Fish tacos, bean burrito, yummy.  Guacamole could use more kick but salsa made up for it. ! Def coming back.....",2.0,True,55,552,29,0
user_9305,biz_013,"Delicious Thai food! I tried the pad Thai as I always do when I first try a Thai place. It was  very tasty, it is sweeter than any of pad Thai I have ever had before and at first it was very good but about half way through it became a little too sweet. I took the other half home and had it for lunch the next day which ended up being perfect because it's too sweet to eat the entire thing in one sitting. I got it medium (mild, medium, hot, extra hot, Thai hot) which I thought might not have enough spice since I normally order a 3 out of 5 at other Thai restaurants... Nope! It was right on the border of being too hot. So be conservative when ordering on the spice. \nThe best part of this restaurant and the reason I gave it a 5 instead of a 4, which I think would reflect the food better, is be",2.0,True,70,791,42,0
bot_5412,biz_010,This mattress changed my life! Perfect in every way! Five stars!!!,5.0,False,1,14,0,1
user_8583,biz_007,"If you like hot water in your suite, this may not be the hotel for you.  Called several times over 3 day period trying to get them to address the problem.  Their ongoing answer for the problem was to \""""let the water run\"""" and they have had problems during certain times of the day.  Attempted 4 times over 3 days to get a manger to call me back and never received one call.  Even attempted to contact their corporate offices in FL with no better luck.  What a joke!  Cool casino but hotel not recommended.\n\nLooking for the best bang for the buck on a suite, check out the MGM Signature.  Much nicer suites with full kitchen, excellent service, better views and yes... the managers will return your calls.\n\nTodd",1.0,True,155,2871,74,0
user_5319,biz_129,"Well, I live in Los Angeles and we go to the STK here all the time so when we took a weekender to Vegas we decided to try the STK at the Cosmopolitan Hotel. Our reservations were at the opening hour of the restaurant since it was a busy Saturday and we got squeezed in last minute. Upon arrival (10 minutes early for our reservation) we were told by the hostess that the restaurant was CLOSED and she advised us wait OUTSIDE until she opened the doors. REALLY?? There are a ton of lounge chairs inside for patrons waiting to be seated... i.e. US!!! Well we were shocked when we FINALLY walked in to see about 12 people that were enjoying cocktails at the bar inside that had OBVIOUSLY showed up early too... It just ruined our entire meal that this HORRIBLE hostess pulled such a stunt. (btw, STK, th",1.0,True,272,589,28,0
user_6456,biz_099,"I would give this place 0 stars out of 5. My wife and I went here a few nights ago. The place was not busy and we were seated immediately. During the first 10 minutes of our wait, not one person stopped at our table; no water, no drink order, not even a menu. After 15 minutes and no service we got up and walked out. One of the staff actually said thank you as we walked by the front counter. Thanks for nothing. We then proceeded to Tutta Pasta several blocks away where we had drinks, salads and pizza all within 10-15 minutes. \n\nThe service at Villa Dolce was inexcusable. Had a waiter even stopped by to take our drink order or bring some water I would have been satisfied. Two thumbs way down on this poor exude for a restaurant.",1.0,True,140,1067,23,0
bot_8537,biz_070,This is THE product everyone needs! Perfect! Amazing! Incredible! BUY NOW!,5.0,False,2,21,0,1
user_7125,biz_179,Best damn pizza attached to a gas station I've ever had! Go Falbo Bros!,2.0,False,81,768,36,0
user_2069,biz_081,"Queen Creek has very few restaurants and people are desperate , and probably eat \""""whatever\"""" and say it's good!  I wanted to like this place but it is inconsistent in quality and service. I detest their sweet pork, and would enjoy a carnita pork, with spice, instead of sauce, My friend had a chile verde and did not like everything in a tinfoil container, running into a green mucous mess. Who wants to eat predigested food???  I stood in line while my chicken mango salad sat there through the 4 people paying ahead of me   By the time I sat down my tortilla was cold and lettuce wilted under the heat of the chicken.  As a former Calif.  who has eaten exceptional Mexican food this place is just ok!",1.0,False,158,2824,47,0
bot_6987,biz_161,This phone case changed my life! Perfect in every way! Five stars!!!,5.0,False,3,14,0,1
user_7016,biz_096,"I have given it some time and kept up with the different reviews on here to see if changes were made and I could find my dining experience a more enjoyable one. While keeping up with the reviews I've noticed that all of the negative remarks that were made, from what I gather is the manager, were removed. That is a good thing because his comments were very rude and obnoxious. I've noticed a lot more positive reviews (and I have noticed that most of the negative ones have also been removed) but thought I should test the waters again since now the \""""soft opening\"""" and the \""""just opened\"""" kinks should be worked out. I'm sorry to report that I still did not find my visit to be enjoyable. The birds go through phases where they are quiet and then get extremely loud (I do find them cute but...",1.0,True,107,1510,44,0
user_3654,biz_196,The crowd is expected but the workers and and their rudeness is not cool,1.0,True,174,1057,44,0
user_3244,biz_128,"OMG I love this place, best breakfast place I've been to in Madison so far. The duck confit was amazing. They are super busy but the wait was totally worth it.  Service was fast and friendly. I went when it was still a little warm outside when they had outdoor seating and the waitress still checked on us regularly. I will definitely go back.  =)",2.0,True,175,889,3,0
user_9249,biz_148,"The never ending quest for delicious poke continues.  I already love the poke from Poke Express in North Las Vegas, but decided to check out Pacific Seafood to see what their version is like.\n\nLocated across from Green Valley High School, it can be easily missed as it's a small shop.  Walking in, you get the impression it's more of a small grocery store than a place that offers poke, but it does.  The seafood display is to the right, and there's a small offering of premade sushi available too.  Refrigerators and freezers also contain many imported items.\n\nI decided to take home two of their items - Limu Poke ($10.95/lb) and the Ika Sansai ($10.45/lb).  The limu poke was good, but the Husband does like the way Poke Express makes theirs.  The Ika Sansai was also tasty, but it's more of a",2.0,True,198,2553,33,0
user_8993,biz_037,"I've been very lucky to have dined in many top rated restaurants and this place just earned a spot in the top 5 best meals of my life!!  We were thinking of trying the Degustation Menu, but from past experiences, I knew I couldn't possibly eat 16 courses and come out feeling good no matter how delicious the food is.  So, my husband and I opted for what turned out to be a 12 course meal, which was the perfect amount of food for the both of us.  We made sure to save room to indulge in their giant bread cart plus their after dinner and dessert -  dessert cart.  Yes, that is not a typo.  After you have devoured your multi-course dinner and dessert from the tasting menu,  they wheel out an impressive dessert cart and have you choose basically as many mini desserts as you want.\n\nI will not go ",2.0,True,103,2447,62,0
user_4912,biz_155,"I went in for a simple trim. They get an extra star for offering me water.\n\nIf you're Asian and used to getting your haircuts with Asian styling - AVOID AT ALL COSTS.\n\nThis lady cut off 1 1/2 more inches that was necessary because she didn't know what layers was for Asian hair. By the time I got to tying up my hair I'd realized the hair cut was as if she was just chopping it off for a donation to Locks of Love.\n\nI had to go to Beauty2Beauty to get it fixed.\n\nThey have a nice atmosphere in the salon and would encourage everyone who doesn't care for the style of cutting to go - but ASIAN FEMALES, AVOID AT ALL COSTS.",1.0,True,72,1637,19,0
user_2170,biz_001,"Easy review: \n\nPoint of view: middle class income.\n & Local of the Las Vegas area. \n\nPros: \n1. different, not American style food\n2. New experience\n3. Nice theme and set up\n4. Food very hot on arrival\n\nCons:\n1. Overpriced \n2. Way overpriced \n3. Portions very small for price\n4. Slow service, waited 20mins to order.\n5. Found bone in meat pie. (Scary,\nEasily could of choked, thankfully found it.)\n6. Not very well lite, very dark. \n7. Menu to small\n8. Ipad menus would freeze and very slow. \n9. Over priced\n10. Wanted a steak, but it was 69$!!! Nty!!!\n\nWould I return? No\nWould I recommend? No\n\nI do recommend Gordon Ramsey's Burger @ planet holleywood. Half the price and flavors are amazing!!!!!! And American style food with amazing fresh different ingredients! Well wor",1.0,False,155,1354,74,0
bot_6435,biz_158,Love this phone case so much! Perfect perfect perfect! Five stars always!,5.0,False,1,8,0,1
user_8533,biz_168,This place has TWO Yelp pages.  Be sure to check out the other one that isn't filtering out the bad ratings!!!,1.0,True,79,2939,25,0
bot_2649,biz_093,This is THE product everyone needs! Perfect! Amazing! Incredible! BUY NOW!,5.0,False,1,21,0,1
user_8910,biz_183,"The ambiance and lay out are really nice, gives you a nice view of the water show at bellagio. Our host gave us a tour of the kitchen which was awesome.\nThe food was to die for!\nwe had the bacon wrapped dates, pizzette, cheese and olives, the lemon spaghetti all were so delicious!",2.0,False,37,965,42,0
user_7304,biz_071,"Have to agree; probably the worst place for \""""seafood\"""" around. And the corporate atmosphere reminds me of outback or chilis.... enough said.",1.0,True,139,2685,54,0
user_3092,biz_157,"If I could give 0 stars, I would. Booked via Orbitz, so there was no option to pay for bags, which meant paying $50 for a CARRY-ON. Won't be using them again, ever, and will advise all my industry friends to avoid them, too.",1.0,True,203,949,70,0
bot_9079,biz_054,Love this coffee maker so much! Perfect perfect perfect! Five stars always!,5.0,False,1,19,0,1
user_6118,biz_186,"After a couple of visits to the Hard Rock, I now know which rooms are the ones to stay in (pool-facing and HRH) and will keep that in mind to get the most out of future experiences. The Hard Rock is a really great hotel with good restaurants and shops, a great room service menu, and several nice pools. The rooms are spacious and nicely decorated (total rock 'n roll theme) with contemporary bathrooms, but not as noise-blocking as some other Vegas hotels. We don't gamble, so the small casino isn't a big deal to us. The prices are super reasonable and more than make up for the distance from the strip. They do have a shuttle that goes there but it ends at 5, I believe, making it more or less pointless. I also like that it's smaller than a lot of the strip hotels, so you don't feel like you're ",2.0,True,99,2772,65,0
user_5459,biz_092,"I can't believe this place got 4 stars overall!  Maybe the stars just weren't aligned when I went.  My night started with me wanting to find a good wings place nearby that was open past 10 PM. I was also interested in my church buddys coming here on Tuesday nights when they have .59 wings because we were looking for a closer place to South Charlotte.  DDs was nearby and open, so I thought I'd check it out due to the great reviews.  I walked in and no server said a word to me.  It was pretty busy, so, I sat myself.   No biggie.  After five minutes of no one saying anything, I moved to the bar since there was someone working that area.  Again, no one said anything to me for about 5 minutes.  I finally got a hello and ordered a drink.  After this, I waited 15 minutes for the bartender to take",1.0,False,189,2540,17,0
user_9952,biz_133,"My husband and I come to Vegas frequently so of course when Buddy's opened we had to try it.  We experienced the best service of our lives, and we've eaten at 99% of the restaurants on the strip.  Our server Deanna was very attentive and friendly.  I will definitely request her table during my next visit.  The food was top notch quality food.  The caprese had amazingly fresh mozzarella, and the chicken parm was tender and delicious.  The cannolis are to die for....melt in your mouth amazing.  I can't wait to come back!",2.0,True,263,531,25,0
user_3245,biz_154,"Love the food here!  Bulgogi fried rice is bomb!  Here's a tip- if you're ordering take out, make sure you order on the phone.  it takes a while if you're ordering to go and waiting at the restaurant.  but i suppose its well worth the wait!",2.0,True,78,1842,23,0
user_5012,biz_131,"Went to this place in hopes of finding some great com tam. What I found instead was really bad service and rice dishes that are made better at pho resturants. The small cups of water they give you serve no purpose. One sip and it's empty. I had to sit though almost an entire meal with no drink. Everytime I attempted to call a server over, it was almost like they ignored me. I will not be going back to this place",1.0,True,180,69,19,0
user_6689,biz_099,"Awesome pizza, you can get creative and have half the pizza one way and the other totally different and that includes the sauces.  Great place for large groups, plenty of seating.  Also if you love desert you have to try the new york cheesecake and my favorite the tiramisu.  Its hard to find a place that makes a truly good tiramisu but Grimaldi's has mastered it!  Don't leave without trying it.  They are a little high priced on the pizza's but definitely worth going.",2.0,True,123,1964,25,0
user_1872,biz_018,"I've never liked the their concept of fusion cuisine when it first came to Champaign. They tried to introduce noodles from different places but they never tasted authentic. The Indonesian peanut noodle was not appetizing and their pastas were, uhm, never mind. Try it and you'll know.",1.0,True,104,96,77,0
bot_4933,biz_034,I am so happy with this headphones! Perfect condition! Super fast delivery!!!,5.0,False,2,13,0,1
user_4152,biz_028,The week end brunch is not worth $19.  The food was sitting out to long and looked dried up.  The only stuff worth eating was the made to order omelets and crab legs.,1.0,True,141,1503,65,0
user_9959,biz_035,"Took about 40 minutes to get our food, and I found a hair in it, luckily I did not bite into it",1.0,True,169,186,33,0
user_6340,biz_192,"You really want to go here for the unbeatable prices and huge selection on the menu... lunch specials and late-nights specials for under $5. Generous portions... you can't beat that type of deal!\n\nThere is nothing extraordinary about the food but every now and then, I love stopping here with my boyfriend to eat hearty and cheap. It is actually one of his favorite restaurants in Vegas. \n\nLast night I ordered the cod filet with tofu.. that is a new favorite! They were able to make it spicy for my taste. It wasn't quite spicy enough, but I don't expect deadly sauce from a Chinese place ;). The dish was fantastic regardless. \n\nOverall, this is definitely a place I recommend!",2.0,True,181,2197,35,0
bot_3248,biz_010,This coffee maker is simply OUTSTANDING! Better than I ever imagined!! 5 stars!,5.0,False,1,24,0,1
bot_4837,biz_009,Outstanding quality! Best purchase on the market! Absolutely love it!!!!,5.0,False,3,20,0,1
bot_4770,biz_134,This is THE product everyone needs! Perfect! Amazing! Incredible! BUY NOW!,5.0,False,3,7,0,1
bot_7903,biz_134,GREAT product arrived fast works perfect love it would buy again 5 stars!,5.0,False,1,11,0,1
bot_4844,biz_190,Love this coffee maker so much! Perfect perfect perfect! Five stars always!,5.0,False,1,11,0,1
user_7010,biz_117,"Tried this place after a recommendation. Went to the one up north but that was closed but to check out the one in old town (website didn't mention construction and that the old town was coming soon).\nWe ordered two burgers medium rare. A food runner came out and set our orders on the table with no word and a grumpy face.  Our burgers were well done. We would have complained if our server ever actually came around to see how we were doing. We were too hungry so we ate the burgers regardless. I would say they were average nothing too exciting. \nAs we were almost finished the server finally came around to bring us a condiment tray saying \""""sorry you never got one guess its too late huh.\""""  \nFor two beers and two burgers and no refills on our waters at almost $38 I'd say its definitely no",1.0,True,276,2970,31,0
bot_1397,biz_020,FANTASTIC coffee maker! Exceeded ALL expectations! Will buy again and again!,5.0,False,4,2,0,1
user_4749,biz_079,"Generally speaking, the hotel is \""""OK\"""".  I just expect a lot more from a Marriott than OK.\n\nThe rooms are clean, the location is good.  Other than that, service-wise, it's as though you were staying at a Fairfield Inn.  I called for the free shuttle when I reached the airport and was told it stops running at 10.  OK, said my still-very-groggy-from-my-preparations-to-be-able-to-handle-the-flight, what do I do?  \""""I guess you'll have to take a cab.\""""  Sigh.  A service-oriented response at least be to explain that there is a flat-rate of $16 for the taxis.  But the place is filled with kids from the University who have NO IDEA what a service-mentality is.  Which hell, I hope to bring up my daughter having absolutely no idea how to serve some business-traveler that comes stumbling off a",1.0,True,103,2160,64,0
user_9188,biz_150,"my family  buy  food here for years ,one week ago a yong man comes to my husband, and said without preamble with an air of angry dog, give me your bag, here you can not enter with.. my husband is 67 and diabetic and always has his bag with him, we went to Whole Foods .......; we understand that this is forbidden, but try to say it politely",1.0,True,63,862,29,0
user_6025,biz_128,"Horrible franchise owner.  Pathetic.  I like KFC and I will eat it about 4 times a year.  This particular KFC is closest to me so I have been quite a few times over the past 2 years.  Without exception, this KFC franchise (I assume its a franchise store and not company owned) is consistently inept, unprofessional, and unorganized. Always a wait for something, which typically means the owner cares more about minimizing food use and cares nothing about their customers. Moreover, any half-intelligent employee is never there a month later.  Just returned from there and apparently the shift lead woman cant count - got 8 \""""chicken bites\"""" when I ordered and paid for 10, and 3 of those 8 were visibly overcooked. I returned on principal  to let them know, and this shift-lead lady got mad at me..",1.0,True,31,786,24,0
user_1181,biz_011,"Our family dined here last friday evening, this is about our 6th visit in the past couple of years. We live close by and so wish it was a great local go to eatery. Clearly whoever owns it has thought about the decor, the outdoor patio is very cool. On friday evening we had the large booth on the right as you walk in, my guess is no one has cleaned the table with anything other than a damp rag for months, i bought this to the attention of the server and guess what a quick wipe over witha wet rag. The table had so much grime on it when i passed my cc over it, it bought up a large film of who knows what, that really set us off in the wrong direction. I dont get why the simple things like tables being clean get overlooked. We have come to expect the food to be a bit hit and miss, the bread and",1.0,True,55,2377,50,0
user_5563,biz_199,"Lee's Sandwiches caught me a little bit off guard. I wanted to go there so bad and had a bit of a vision of what it might look like, and boy was I wrong. Vietnamese restaurants are always dirty, run down, and seemingly ill-maintained. Lee's couldn't be any different, it's clean, shiny, and efficient. Ordering takes place at the counter, and they have about 20+ sandwiches you can choose from, both american and vietnamese. Vietnamese are under $3 and american are over $4 and not nearly as delicious. \n\nI wasn't courageous enough to try the signature Lee's Combonation, because it has Head Cheese (it's not cheese) and I'm kind of a pussy when it comes to that stuff. I had decided before I went that I would have the Grilled Pork, they were out, so as a back up I ordered the BBQ pork, which the",2.0,True,46,2432,56,0
bot_7358,biz_182,Outstanding quality! Best purchase on the market! Absolutely love it!!!!,5.0,False,4,20,0,1
user_1368,biz_102,"I love this Bank of America location for a couple of reasons. First is that it is very close to my house. Second is that it is never busy, you can usually walk right up to the counter.\n\nThe only downside to this location is that they do not have a drive-thru. I know ( LAZY) but it is Vegas and it is getting hot.",2.0,True,235,2632,78,0
user_8828,biz_066,Great way to get a good massage without needing an appointment. Feeling stressed or sore just head to the mall and get a quality chair or table massage.,2.0,False,61,839,29,0
user_2639,biz_045,"Great place for local people. Not a destination by any means but it does served up so great food. \n\nI got the mini curry katsu. It was crispy and soft with enough curry just penetrating the exterior to soften it up a bit and really give it life. It comes with a very generous portion of rice and the always present macaroni salad. \n\nMy girlfriend got the Chicken BBQ mahi mahi and shrimp combo. Lets say she could not finish it. A taste sensation? Sure if but to my honest opinion it's like the Hawaiian Soul food to be honest. Stick to your ribs food in it's pan fried, deep fried and BBQ-ed glory. \n\nOur tab ? under $20... You'll never spend more than $10 per person coming here.\n\nThere are usually two people manning the station up at the register. They are nice enough. The humongous 6 pe",2.0,True,270,2492,30,0
user_7650,biz_027,"I'm always super skeptical of fusion foods, because they usually don't turn out that great... but KoMex is definitely an exception. The service is noticeably wonderful and I like that they have both tables and bar seating. \n\nThe food portions are huge, especially for the price. I ordered the Bulgogi Rice Bowl ($8) which has bulgogi, rice, KoMex slaw, jalapenos, kimchi, lettuce, a fried sunny side up egg, and this spicy sauce. It was filling and the amount of spice was just right. Of course there is a rack of hot sauce for the more daring diners.\n\nThis happens to me a lot... but my friends usually order something better than what I have. Apparently for a limited time only, KoMex is serving Bulgogi Tater Tots ($9) which are tater tots topped with bulgogi, pork belly, bacon, sour cream, t",2.0,True,103,1571,77,0
bot_8894,biz_033,Absolutely wonderful coffee maker! The BEST on the market! Buy it today!!,5.0,False,2,5,0,1
bot_4665,biz_087,Best product I have ever purchased in my entire life! Highly recommended!!!,5.0,False,2,20,0,1
user_3382,biz_184,"I just cancelled my membership! I Have been a member since they opened, paying for the full service $39.99/month. They normally charge $21.99 for the same wash(so they say). Since joining the quality of the work had progressively gone down hill, have to ask them to do things that are listed on there check list continually such as dry the vehicle,  wipe the fender/wheel wells. Vehicle is never dry when I leave. When questioned why they do not dry everything I was told it was not in their business model! Buy will do it if you ask! But still didn't, manager just keep repeating it is not in their business model.  Used to take about 10 minutes with 2 men to do the full service, lately less than 5 & only one man. They wipe the Windows instead of cleaning them with any glass cleaner, although whe",1.0,False,274,940,54,0
bot_1867,biz_015,Super super great blender! Best seller! Number one! Perfect perfect!,5.0,False,3,11,0,1
user_4419,biz_053,"As a local, it would make ZERO sense for me to go to Planet Hollywood for a sandwich. So my 5 star rating shouldn't be misconstrued as me saying I would frequent them all the time, but rather based on convenience and price compared to what you typically find in a Las Vegas casino. At $6 you would be hard pressed to find a better sandwich on the Vegas strip. Is it the best sandwich I have ever had? Certainly not. However, with warm bread, tasty meat and relatively quick service... you can't beat Earl of Sandwich. Added bonus is that it is directly across from the Sports Book... grab a sandwich and go sit and watch a game. \nI agree with Misti that they have a major lack of options for not only bread but toppings and sauces. No oil and vinegar? How does a sandwich shop not have oil and vineg",2.0,True,284,768,2,0
bot_5001,biz_150,BEST coffee maker EVER!!! Absolutely AMAZING!!! Must buy immediately!!!,5.0,False,3,22,0,1
user_5804,biz_199,This place has gone so downhill over the years. The last few times I was here it was disgusting. Will never go back.,1.0,True,233,912,47,0
user_5692,biz_053,"Their sandwiches are pretty good, I ate the cheesestake and the Bobbie.  \n\nThe cheese stake is pretty much a philly cheese steak, so nothing new there but tastes good.\n\nThe bobbie is pretty much thanksgiving leftovers into a sandwich; you have the turkey, mayo, stuffings, and cranberry for the sweet flavor.  Quite good.\n\nPricing is reasonable and their size can get up to 20 inches.",2.0,True,144,2106,24,0
user_8644,biz_099,"I needed a new colorist and stylist, after 4 years with my previous I needed a change. After checking reviews, I gave Sonoran Beauty a call. I was able to book an appointment with Caley. I'll be honest I'm very picky and I was very nervous, as my work calls for me speaking to hundreds of people in a seminar format. Caley did not disappoint, the salon is very well decorated and very inviting. I told Caley, I didn't want ash or yellow blonde and my hair came out amazing. Caley is wicked fast at foiling and base. My hair is literally like silk. I asked her to trim me up a bit and texturize and my cut has never looked better. Even my husband said it looked amazing. I can't say enough about Caley. Thank you Caley for making me perfect blonde again!",2.0,True,11,1627,49,0
user_5088,biz_144,"This Sbarro is now CLOSED at the Texas Station Casino...that's too bad because I had a free slice on a coupon and I found it to be quite good.  Went back today and found it shut down due to Sbarro's bankruptcy.  So, that's the latest!",2.0,True,249,2906,36,0
user_4989,biz_065,"A group of us got two rooms this past weekend and ended up at opposite ends of opposite wings instead of getting attached rooms (whichi we'd requested and were told we never had).  That part ended up being a blessing so I will not remove stars.  We were given a pool view room....super nice with two queen size beds.  The room was large enough for 7 girls to play some drinking games as well as a few bachelorette style games (like Pin the Junk on the Hunk, to give you an idea of the space needed only hahahha).  \nWe got a noise complaint at 9pm...but you can't fault the hotel for that. \nSomething was wrong with the temp gauge...it told us it was 72 in the room at all times but there were times it was definitely cooler and definitely warmer....we couldn't figure out how to control the broken ",2.0,False,182,1812,25,0
user_9976,biz_107,"Great service staff, delicious bagels, and saliva inducing coffee aroma.  Easy to eat healthy here with the bagel thins and tons of veggies.",2.0,True,247,1447,20,0
user_7452,biz_149,"Pretty clean for a Chinese restaurant. Bathroom was freshly cleaned.  Had Egg Foo Young for lunch, which was OK.  I was the only diner...  Very quiet place.",1.0,True,229,1283,68,0
user_8282,biz_088,terrible service...food ok but they had 2 server's covering the whole place the night we went and waiting for a pizza took up to an hour...and its not so good that it's worth the wait. too bad because we were hopeful for this neighborhood joint.,1.0,True,288,1983,33,0
user_4006,biz_110,"Fantastic service. Great coffee and smoothies! \n\nTook my Daughter here for her 11th birthday and they loaded her up with a bunch of free loot like stickers and candy and even comped her smoothie. \n\nThe muffin tops are tasty, and im a new fan of the ER-911 blended coffee frap.\n\nId drive by a dozen Starbucks to get to one Dutch Brothers.",2.0,True,88,2410,14,0
user_3392,biz_157,"The steak. Indescribable. Absolutely perfect. Get the mushrooms too. Good wine, great service. Cucumber mojito is smooth too.",2.0,False,156,1670,33,0
bot_6816,biz_185,Amazing quality! Fast shipping! GREAT coffee maker! 100% recommend!!!!,5.0,False,1,15,0,1
user_1712,biz_153,"So this weekend my 2 cousins and I decided we wanted to get our hair and makeup done at Platinum Entourage. We made reservations for 6pm for three people, assuming that we were going to get our hair done @ 6pm and then proceed to makeup done. Well we come to find that there is only one makeup artist and we all get our hair and makeup done at different times.  Most companies I have gone to in Hollywood they normally will have enough staff members to fulfill the clients' need, and not try to \""""flip-flop\"""" (that's what prick called it) everyone around because they only have one makeup artist. According to the prick, they just \""""flip-flop\"""" everyone around regardless of the time you made your appointment, so if you made it at 6pm chances are you won't be seen till 6:45pm.  So not only was ",1.0,True,173,1687,7,0
user_4795,biz_194,"Steak Frites is a steakhouse where you're encouraged to bring your own wine. The ambiance of the place is very nice and can be used for fancy get togethers with friends/family and even in a romantic setting.\n\nI warn you to not come here without a reservation because you'll be turned away from the door, it has happened to me... with most of the resto being empty. Reserving the same day requires you to call in and hope they call you back before your plans come into fruition. In my case, call them at noon and get a call back nearly at 4 for a 5:30 reservation. This can be very inconvenient unless you really plan ahead. Reserving online is an option as well, as long as you do it beforehand.\n\nOrdering is a little bit different as well, the online website has no menu per say, just pictures o",2.0,True,29,767,18,0
user_9796,biz_196,"Whenever I am in Vegas it just seems natural to be carrying around a Yard full of frozen margaritas, especially on those hot summer days and nights!  There are a lot of Fat Tuesdays around the strip, and this one is located in the MGM Grand.  The prices are great, at $18 for a Yard Dog and $13 refills.  (Compare that to the bar upstairs in the same casino where they charge $23 for the same size!)\n\nFeel free to sample the different types, but one of their newest and strongest is the 190 Octane, which is awesome.  Spend a buck for an extra shot of tequila, which is well worth it, and this one drink will seriously kick start your morning!  \n\nTo find this one, once you are inside the casino head towards the lobby.  Follow the signs to the self parking where you go down an escalator and the",2.0,True,138,2643,29,0
user_1020,biz_110,Wish I could say more....Have had better sushi.,1.0,True,298,2641,4,0
bot_8640,biz_035,Absolutely wonderful purchase! The BEST on the market! Buy it today!!,5.0,False,3,13,0,1
user_3714,biz_070,"Yes, I am a fan of Pf Changs. I love coming here and when I do, never disappointed. Despite the harsh critics out there claiming it's not \""""real\"""" asian food, well have you actually had real asian food? I like to consider this asian food with an american flare. Who cares, as long as it's good, I don't care who cooks it! This place is fun to go to, I enjoy the ambiance of it, I enjoy their mixed drinks and I really enjoy their food. Oh and if you haven't had the calamari, the best!!",2.0,True,235,2035,74,0
bot_7682,biz_036,I am so happy with this mattress! Perfect condition! Super fast delivery!!!,5.0,False,3,18,0,1
user_7491,biz_093,I had dinner there this evening . The food was excellent and very beautiful. My wife had general Tsao's Shrimp  and I had Shrimp Curry which was wonderful.\n Bravo 2 the chef,2.0,True,169,903,46,0
user_1622,biz_103,Burger with a twist! I got the pig burger which was flavored to perfection and my boyfriend got the mushroom burger also a good choice!,2.0,True,221,83,57,0
user_1867,biz_089,"Dear Papago,\n\nI love you.  And I love your orange blossom beer.  The pizza is pretty fabulous too.  And I live really far away so coming here is a special treat.  But you blew it last night.\n\nThe server warned us in advance that they were understaffed and thing might be a little slow. No problem.  We ordered beer and beer bites.  I actually wanted pizza but thought it would take too long.  The beer arrived pronto.  One hour later, no beer bites and we had to leave.  The table next to us were noshing happily on their appetizer AND pizza.  I considered starting a bar fight just to steal a slice.  The waiter was super nice but I did not for one second buy his line about the beer bites taking forever.  You can cook an entire pizza more quickly than little bites of dough?  Do I look stupid?",1.0,True,271,2129,16,0
user_5167,biz_071,Nothing fancy but a great variety and  plenty of good food.  Try the home made chips and Monte Cristo.  Yum.  Breakfast and dinner are also served at lunch time.,2.0,True,221,1762,43,0
user_1445,biz_180,I canceled my membership months in advance due to the fact the gym was in constant disrepair. Come to find out they never canceled the membership. The representative I called was not helpful and I had to leave a message with a supervisor. He also didn't put me on hold and I could be hear him speaking about how he wanted to get laid that night. Listen dude I am all for people getting laid but cancel my membership when I ask please! I really wish I didn't have to give them one star. STAY AWAY!,1.0,True,83,1915,43,0
user_3646,biz_113,"Heard a lot of good things about this place and was very intrigued by the conical pizza idea so when we saw an Amazon Local deal, we snagged it. We ordered a mafia, a supreme, and a white cone. They were all pretty good to start but got better the more we ate them. I think the change in crust to filling ratio had something to do with it. Anyway, it was good and I'd recommend trying it at least once. Also, I'm sure it would make a more portable snack than regular pizza. The staff was very friendly and all-in-all, I'd say it was a great experience.",2.0,True,108,2133,6,0
user_5204,biz_168,"My first time being at Rehab I was not disappointed.  When we got there Saturday ICE-T performed so that was a sick treat.  He was one of my fav rappers growing up and I have most of his stuff on vinyl. That says a lot for my age. heh   Saturday's DJ was great, can't remember who it is, since I was drinking my ass off, but Sunday was way different.  \n\nAlso on Saturday they gave out 1000 water guns and we had a massive water fight. That was pretty damn fun.  You could tell right off who liked to have fun and those who just wanted to be seen.  Some people would freak out when they got wet even though they are standing in water.  Too funny.\n\nOur group decided to get a day bed, which is the way to go when this place gets crowded and there is always good views.  Too bad Sunday's DJs 7/20/08",2.0,True,76,1008,47,0
user_6289,biz_177,"I was lured with best of Las Vegas awards that your realize upon entering are from many years ago ('01 I believe).  The food was just bad.  My assumption is that Big Mama is no long involved in the food prep process, and someone with less caring and love is now in charge.  Everything from the ribs to the sides to the sweet potato pie were disappointing to say the least.  I wish I had gotten to try the food when Big Mama was still doing the cooking.  I'm sure it was good then.",1.0,False,77,281,61,0
user_3913,biz_157,"I dislike TWC.  I searched online for drop-off locations and found several; however, none of the phone numbers are in service.  I decided to drive to one of the locations only to find it doesn't exist.  I am so frustrated with trying to return this box.  If you live in the Charlotte NC area, where can I drop this darn box off to?",1.0,True,272,2474,74,0
user_9443,biz_123,"Ate here a year ago and it left such a strong impression that I just can't quite get over it still, so much so that I still occasionally check to see if by some random miracle that an Earl of Sandwich might have opened somewhere near me.\n\nWe were starving around 1am after an early dinner buffet and spending hours in the casinos. We weren't up for wandering too far or spending too much more money on a late night snack, so Earl of Sandwich it was.\n\nWe got the the Hawaiian BBQ, Cannonballs and Carribean Jerk Chicken sandwiches and shared them among three people so that everyone could try everything. All three were amazing. The sandwiches aren't huge but the portions are perfect and I can't complain about the price for the quality. I didn't imagine a meatball sandwich that could stand out ",2.0,True,195,1741,40,0
user_5349,biz_103,"First place we grabbed something to eat in Scottsdale after flying in on a work related trip. My wife got a turkey club sandwich and I opted for the standard house burger rather than the build my own option.My burger came as a dry meat patty sitting inside a bun and some onion,lettuce and a bit of tomato on the side.Some McDonalds style straw fries came with it.My whole meal tasted as bland as dead rats on toast.Thank God I had a Dogfish Head 60 minute IPA to go with it.I don't know what their mission is but the chef has gotta go.",1.0,True,253,2778,75,0
user_4107,biz_131,"Despite the hustle & bustle of a prime student location, this Starbucks manages to serve their clientele very efficiently and without error. They don't show any contempt when people place those complicated orders during the rush and the staff have always been smiling!",2.0,True,64,1946,22,0
bot_3342,biz_182,BEST coffee maker EVER!!! Absolutely AMAZING!!! Must buy immediately!!!,5.0,False,4,22,0,1
user_3521,biz_105,"A nice little bar located inside of the Cosmopolitan. \nDefinitely a great place to meet up with friends for a couple of drinks before venturing out or going to Marquee. \n\nIts a pretty big bar with stools all around and tables/couches.\nThey do have some games on the bar.\n\nBartenders are nice and easy to flag down.\n\nBeer prices range around $8.\nShots range around $15\n\nA tad bit on the expensive side but it could be worse since everything is Vegas price!\n\nOverall, great location, open spaced and relaxing.",2.0,True,259,541,51,0
user_9779,biz_191,My husband and I went here for our wedding anniversary. Everything we had was unbelievable testy.  I would highly recommend the beef wellington.,2.0,False,263,1874,17,0
user_9432,biz_052,"Here's another awesome restaurant in the middle of the Vegas strip. From our initial table request to paying the final bill, the experience was exceptional. The portions are HUGE so I split a breakfast meal with my sister. My husband and brother-in-law both enjoyed an awesome Bloody Mary and breakfast meals. I would definitely recommend, would return on another visit, and give this overall dining experience the highest review.",2.0,False,269,826,25,0
user_4006,biz_098,"great food, fast clean and friendly staff, they have a variety of good and healthy food worth the money!!!!!",2.0,True,60,255,59,0
user_8114,biz_189,"Not a memorable club, I can barely remember anything that stood out other than ugly ass girls getting up on the stripper poles!!\nLuckily my gorgeous friend got the balls to go up there and give Jet a little bit of eye candy.\n\nWe barely stayed here for an hour. WAY too much fog and strobe light action... just wasn't digging it.",1.0,True,256,2043,53,0
user_4983,biz_009,"What can you expect from a Burger King.. Our food took 15 minutes to come out, whatever. There's no ice in the ice machine, we told them about 3 times, they said they will get right on it about refilling it. We are now halfway through our food there is still no ice & we are having warm soda. Yum!! Hate to name drop, but we asked a girl named Alexandria for some honey mustard & she completely ignored my younger sister. That's a little rude. She is also the one we told about the ice. Her & what looks like to be the manager are the ones we told. Still nothing happened. There are about 5 employees standing behind the counter just talking. One is just playing with her hair & another one is biting her nails. Ew. You think one of them can put ice in the machine. At least our food came out good. B",1.0,True,28,1012,37,0
user_8500,biz_022,"I'm not mad at this place. I'm disappointed.\n\nUpon walking into this nearly dead bar at the peak hour of service on a Friday night, I noticed they had a few solid beers on tap. I proceeded to order a Goose Island 312. The conversation with the bartender went as follows:\n\n- \""""I'll have a 312, please\""""\n-- \""""Miller Lite?\""""\n- \""""No, a 312\""""\n-- \""""What's that?\""""\n- \""""Goose Island 312\""""\n-- \""""???\""""\n- \""""THAT TAP HANDLE WITH THE BIG GOOSE HEAD ON IT\""""\n-- \""""Oh...\""""\n\nThe gentleman with the haircut fit for a Jersey Shore cast member poured the beer, I gave him my $4.50, and went on to a table. The first floor was dead, so we walked to the second. Even more dead, we moved on to the third...also dead. I then began drinking my beer. Flat and skunked. For the first time in my lif",1.0,True,25,2086,7,0
user_9667,biz_064,Love that it's open 24 hours perfect for when we're craving donuts which Is often. I feel that if I wasn't allergic to milk we'd be coming here more often,2.0,True,194,915,49,0
user_1643,biz_049,"I've been here three to four times now and have gotten the Italian Bomber, Sparky, and Phoenix.  Haven't had a chance to try any hot sandwiches yet, but these cold sandwiches were great!  Service was friendly and very quick.  The sandwich - loaded with lots of deli meat, the bread (wheat and white) is nice and soft, and the house dressing they put on them is the perfect touch to top it off.  A \""""shorty\"""" sub (half footer) is more than enough food for most people and comes in at around $5-$6.  Great price for a sandwich with much more substance and character than a $5 footlong.  Go try one now!",2.0,True,35,2278,77,0
user_8550,biz_160,"Fantastic coffee, friendly staff and an unpretentious vibe. I've been here on two occasions right as they were closing and, rather than turn me away, the barista served me even though she couldn't accept any money since the register was closed. Their coffee of the day is always fresh and the Americano's are top-notch. My wife loves the Mocha and the White Chocolate Mocha. As someone else stated, the hours are kind of limited and the parking lot can be a pain, but the coffee and service are worth the minor hassles.",2.0,False,297,1538,35,0
user_1222,biz_078,"For the price we paid for, which is a little under $30, you get good quality food and service.  What more can you ask for at a buffet?  Unlimited wine and beer?  Yup, they have that too!  \n\nI've tried their:\n- cold crab legs (always a treat)\n-prime rib with their creamy horseradish sauce (good)\n- ahi poke (raw tuna) (had better)\n- tako poke (octopus) (okay)\n- fried shrimp (had better)\n- shrimp cocktail (nothing fancy)\n-creme brulee (good)\n\nOther items they offered:\n- bamboo salmon (salmon baked on bamboo sticks) \n- array of sushi (california rolls and spicy tuna)\n- mac and cheese\n- cod\n- Thai food (pad thai and curry)\n-curry\n-hot crab legs\n-oysters\n-pasta and pizza station\n-Chinese food (beef with broccoli, stir fry veggies, orange chicken)\n-tri tip\n-fried chicken\n-",2.0,True,172,2146,1,0
user_1164,biz_191,"Awesome restaurant.  I have been going to Sacks for over 15 years and am never dissapointed.  The staff is friendly, the specials fantastic and the bread selection/quality is always great. The tea is always good, and fresh. Two thumbs up.  I probably eat at Sacks at least 2 x a week!",2.0,True,17,1773,64,0
user_7140,biz_041,"Staff is completely unhelpful and rude. At the time of my visit, there were two women employees working (Both of these women are working every time I visit the store). I walked in at exactly 7 pm and I as I walked through the door I checked the signs in the window. There were three signs in the door. The open sign was up, another sign had the hours that said \""""Wednesday (New Comic book day) open til 8 pm\"""", and a third that was hand written with hours of closing at 7pm everyday. I went in, grabbed what I needed and went to check out within a minute of being there. While checking me out, the woman asked her coworker to come by the door. The coworker walked over and asked if she should \""""look scary\"""". Our cashier then responded saying that she just needed to flip the open sign because we",1.0,True,255,371,7,0
user_5612,biz_025,"After hearing all of my sister's raving about Amelie's for the past few years, I was finally in town to experience it for myself.  Unfortunately I did not realize there were two and drove around for about 20 minutes looking for parking to get to this uptown location.  My friend and I walked in to an adorable little patisserie and were immediately taken at its quaint decor.  There are small tables and chairs in the cafe, shelves with mugs and other Amelie's things for purchase, and then a small counter with baked goods on display.  They serve light breakfast and lunch, but the main focus is on their baked goods.  \n\nHe ordered a Short Latte and an eclair.  The gentleman behind the counter, Brandon, made a couple suggestions for me when I said that I didn't want any brownies since my sister",2.0,True,142,697,63,0
user_7124,biz_013,They need better beer if I will ever get my husband to go back. The best they had was kilt lifter. No IPA.,1.0,True,225,655,60,0
bot_2120,biz_159,Incredible blender! I love love love it! Best purchase EVER!!!,5.0,False,3,19,0,1
user_1550,biz_128,"For black men's hair, this is not the place. Either I went to the wrong guy or something. All I asked for was a fade and to leave the top and he confirmed that he heard me and started to cut all the hair off the side. Not only that The best part is when is that he was more concerned with working the cash register than cutting my hair. I had a better cut at super cuts. I still struggle to find a barber in Phoenix that knows how to cut black hair.",1.0,False,15,2670,66,0
bot_8389,biz_199,Best product I have ever purchased in my entire life! Highly recommended!!!,5.0,False,4,13,0,1
user_8142,biz_130,"Ate here during our trip at the advice from a friend, ahhhhh yum!!!! Tasted so fresh and the prices were reasonable too. Garlic fries=amazing!",2.0,True,34,1648,64,0
user_3164,biz_050,"Meh, I have experienced much better. Here's the deal.\n\nThis buffet for dinner is $39 per person. Okay, I often pay $40 a meal for a nice restaurant. The service was good, quick refills, friendly, and fast with cleaning used plates off the table. \n\nHere are the problems with the Wynn buffet:\n\nAtmosphere - upscale mall food court\nQuality of food - I did not at all feel that the quality of the food met the $39 price tag. Everything was bland and under seasoned. The salad was good. The pasta bar (chef makes in front of you) was seriously lacking in quality - white pasta shells, a few button mushrooms, and canned Alfredo sauce. \n\nThe crab legs were a big hit with the crowd, long lines.\n\nWe picked here and there. I wanted to try a lot of different foods. Unfortunately, all entrees fel",1.0,False,131,1042,10,0
bot_9915,biz_032,GREAT product arrived fast works perfect love it would buy again 5 stars!,5.0,False,2,20,0,1
user_2802,biz_169,"As a frequent traveler, a bit of customer appreciation sure goes a long way! Nothing over the top is needed but a few thank yous and remembering my name go a long way. And a room with luxurious touches is helpful too!\n\nWe stayed at the Sofitel for my 30th birthday while staying in Montreal. We had just spent some time at Mont Tremblant and had a pleasant visit up there. I'm Platinum status with Sofitel's loyalty program, Le Club Accor, so that certainly added some bonuses to our visit. From the moment we stepped on property, we were greeted by everyone with a smile and a Bonjour.\n\nOur room was on the Penthouse level which had excellent views of the city center. Not sure if the rooms facing Mont Royal are better as the views are a tad obstructed. The property isn't brand new but it's ve",2.0,True,36,2555,70,0
user_9438,biz_171,"I actually read all of the wonderful reviews for this one and decide to go in. \n\nI went ahead and made appointment for my car on my day off 3 days in advance online. Seemed pretty easy. Went in 15 minutes early from my appointment, got checked in. Wasn't given a time estimate for they would be done but since I had appointment I figured it wasn't going to be very long. Boy, I was wrong. 1 1/2 hours later my car hasn't moved. Went up to the front to ask what was going on, they said they had a few cars in front of me. I asked \""""Well I made a appointment online, does that count worth anything?\"""" He replied \""""No, not really. You still have a hour wait time.\"""" Towards the end of this forever wait time this brunette young girl, came in and stated that she has something wrong with her car. A",1.0,False,218,372,8,0
bot_5957,biz_086,Love this phone case so much! Perfect perfect perfect! Five stars always!,5.0,False,2,18,0,1
user_3772,biz_083,"This place has the BEST wings!  They are huge, crispy and the sauces and dry rubs are fantastic!  Plus, they have Sunday ticket and show every game, happy girl here!  They have great customer service and ask if you need anything else even though it's a fast casual set up.  \n\nJust an FYI, that it was FREEZING inside!  They did turn the air up upon request but it was still really cold.  I also wish they had better napkins than the paper towel roll, it's not very helpful with saucy wings (and they are scratchy on my girly face).",2.0,True,54,738,19,0
user_1934,biz_165,Scott and his staff do a great job of customer service. I have been buying my jewelry from them for over 10 years and have never been sold anything. They take the time to ask questions about my wife and her likes and dislikes and then match a gorgeous piece that she will love. I have never had a bad experience and their prices are very competitive. I high recommend them for any custom jewelry and for engagement rings. They have great prices and and can work with any budget.,2.0,True,55,1192,60,0
user_1780,biz_026,Stumbled upon this hidden gem. Try the chicken fettuccine or the pesto pasta with gyro meat. Big portions and the salad and bread stick is a nice touch.,2.0,True,285,2080,50,0
bot_6477,biz_013,This watch is simply OUTSTANDING! Better than I ever imagined!! 5 stars!,5.0,False,3,22,0,1
user_8056,biz_175,"This place is definitely overrated. Booked a table during restaurant week. It is very crowded, but service is still great. However, the meat were way below my expectation. They were so salty. I think that night, my diet consisted 50% meat and 50% salt. Won't be going back anytime soon.",1.0,True,278,1740,23,0
bot_9571,biz_095,Best product I have ever purchased in my entire life! Highly recommended!!!,5.0,False,1,5,0,1
user_4581,biz_084,"Food: Interesting mix of Asian and Spanish-ish dishes. Fantastic vegetarian options for both, we got the stuffed eggplant and it was amazing.\n\nDrinks: Best Sake I've ever had. Good wine selections, way more bottles than glasses, well-priced mixed drinks, limited beer.\n\nService: excellent.\n\nAtmosphere: decor and lighting are romantic, tables are really close together though.\n\nOverall: I would return, especially for specials like half off appetizers from 4-6:30",2.0,True,81,1821,18,0
user_9431,biz_046,"We were walking through New York, New York when we came upon Cashman Crystal. Very displeased with results and service.  I was in Vegas for a conference, my husband was traveling with me, and he thought this would be a nice item to celebrate our wedding from earlier this year.  The pictures I had were on facebook and I asked if resolution would be a problem.  I was told no.  When we picked up the item, our picture is very grainy compared to those on display and our faces our very dark (we are both very fair).  The response of the gentleman there was \""""well those pictures were taken here on site, they should have told you there would be a difference\"""".  He was the one I had asked about the resolution!  If we were providing a picture that was not going to turn out well, we should have been",1.0,True,185,1282,57,0
user_3173,biz_080,Worst ever..,1.0,True,260,1022,62,0
user_2605,biz_136,"My husband and I had just purchased show tickets, and attached to the ticket was a stub featuring Roxy's Diner. We thought that we should give it a shot because we were quite hungry. The busser told us that we would be served by someone and pointed at someone who wasn't even there. We waited for a long time for a server until finally we decided to leave because it was obvious that the employees were slacking. \n\nI would definitely not go back again.",1.0,True,67,2951,73,0
user_1344,biz_023,Again. I cannot wait for the new one to open.  This one is slow and has poor quality.,1.0,False,213,288,63,0
user_2505,biz_146,"Yelp 100 Challenge 2013- 16/100\n\nEinstein Bros Bagels as a company is great! I never have a bad bagel or experience. \n\nBagel:\nI chose to try the $3.99 special- which includes a medium coffee and bagel w/ cream cheese.  During my last visit, I opted for a pretzel bagel with a shmear of veggie cream cheese, and it was HEAVENLY!  If there is one thing I love about running- it's the guilt free bagels I get to  gobble down. Mmm Mmm- Sorry Paleo fans .. more bagels for me!\n\nCoffee:\nAs for their Coffee drinks ...they give Starbucks a run for their money- at least when it comes to price. For their non straight coffee drinks you get a punch card and every 5 or so drinks is free. That's really great deal. My favorite is their Vanilla Hazelnut coffee.\n\nService: \nService here was fast and t",2.0,True,292,1456,57,0
user_2130,biz_173,I came on a Tuesday evening and since I am over 50 (barely) dinner was 1/2 off. Amazing. The waitress recommended a Chimichanga with shredded beef.  Loved it. And the white death margarita was great and it was pretty big. Good stop. I recommend this place if you are looking for a friendly family Mexican restaurant.  Bill came to $15.  What a deal!,2.0,True,130,965,58,0
user_6703,biz_058,"What a joke! This is, by far, the most expensive Halloween store in town. These guys are actually more than double what the other Halloween place is. Last year I paid $60 for a prop that these clowns are selling for $129. RIP OFF!!! Then my son wanted me to take a picture of him wearing a mask and some teenager came and told me that I'm not allowed to take pictures in their store. Seriously? Anyway, save yourself some money...lots of money...by shopping around. You can get the same stuff for half the price.",1.0,True,143,1782,29,0
user_8944,biz_145,Went to the DG for my sister's bachelorette party and had the best time!! The room was beautiful and the staff was amazing!! We had the most friendly bell man and valet men!! I would definitely recommend this hotel! To get a cab to the strip it was around $20 and Fremont street was so close you could walk!! We had the best weekend! Thank you DG!!!,2.0,True,230,2518,14,0
bot_1165,biz_031,This is THE product everyone needs! Perfect! Amazing! Incredible! BUY NOW!,5.0,False,1,17,0,1
user_7756,biz_062,"This was the first food poisoning in my life. Since Lunch Stop closed, our options for lunch at work decreased significantly. I don't always have the luxury of leaving work for lunch, and often times just order food and eat in my office while I work. I figured Polaris Street cafe was nearby and they delivered without an order minimum. That was a plus. What was not a plus was me hurling all afternoon and into the evening. I kept burping and tasting that awful burger until I finally could no longer stand it and threw up every last bit of it. It was pretty agonizing 24 hours -- lots of trips to the bathroom and copious consumptions of pepto bismol. It may have been a one time fluke, I don't know, but I will NEVER order from this place again.",1.0,True,68,2542,44,0
user_4984,biz_126,"I  just had my oil changed @ Happy Harry's today. The service tech came advised that I should have my transmission fluid changed because it was black and dirty? Well I was busy (it's Christmas Eve) so I declined the service. Upon returning home asked my husband if he could check the tyranny fluid as the guy said I should have it flushed, my husband told me he had just had it done 1 month ago when he had the timing belt replaced; so he went out and checked the fluid to be sure and \""""it's nice and pink\"""", not black and dirty! So were they trying to rip me off, or rip and woman off? My husband called and spoke with a manager but it didn't seem as if they cared. Not returning to this car wash anymore, and it's right around the corner from my house. To bad Happy Harry's we have 3 cars washed ",1.0,True,244,777,32,0
user_4323,biz_101,"This hotel was advertised on a third party website as a 2.5 star. This is probably a 1 star hotel. Rooms with strange paints, broken tile, in the bathroom and broken fountain in the pool. If you want to stay in 1-star, then this is probably your hotel but do not expect a 2.5 star as it is advertised. They also charge a resort fee which I think is not justified.",1.0,True,152,1411,42,0
user_6559,biz_199,"Agree with everyone' s negative comments here! We were stuck overnight because of a cancellation. Cost us $500 more for hotel, food, and cab rides because they cancelled on us for a flight from LAS to ORD @5:25pm. If we were dead we would not fly Spirit!",1.0,False,123,1190,0,0
user_1634,biz_076,"NEVER USE THIS SERVICE!\n\nLast summer, I was going to turn in my Jeep because my lease was up.  I had some scratches on my bumper that needed to be buffed out, before the car went back.  I searched yelp and found this place, and decided to give it a go.\n\nI intially called and talked to Claudia in May (I think that was her name) and said that her and her husband were the owners. I told her what I needed and I would like to set something up to get my bumper buffed out and fixed.  She told me that I should hold off on doing the work until the month before I turned it in so that way in case another scratched happened, I would have to pay her twice. (my car was going to get turned in around September, FYI)\n\nClaudia also said that she only services Scottsdale, and that I need a driveway to ",1.0,False,98,548,40,0
user_6909,biz_076,"This used to be a very nice mall. In the last ten years though, it has really gone downhill, along with the entire area around it. It is now a pretty dangerous area of town.\n\nThe Boulevard Mall itself is now just tacky stores staffed by  uninterested/rude employees who have to deal with super creepy tweeker gangster patrons.\n\nThe bookstore is now gone, which says a lot.\n\nFor the tweekers: Just keep doing what you are doing at the Boulevard.\n\nFor the normal people: I recommend the Galleria at Sunset instead. They have good deals, a good selection of shops, and decent customer service.",1.0,True,237,770,47,0
user_1777,biz_174,Loved it. Great music. Great setting. Great Cast. Great seats. What more?,2.0,True,264,1318,65,0
user_4353,biz_190,"It was late and on the way home with nothing at home to eat.  Stopped by Fiori's, haven't been there in years.  Yes, it was crowded but got a table and ordered pizza and wings.  \n\nThe pizza was hard to chew the crust was hard, the cheese was too!  The pizza was just sweet without much other taste, almost like ketchup!  Definitely not a fan of sweet pizza...I don't know why it is so popular but most people tend to like sweet food and drinks...but not me...I want some flavors and spice!\n\nThe wings were so average....not anything I would order again....my son ate one and said he was done...amazing!\n\nI know! I know! this place is popular, but it is just is not for me!",1.0,False,24,2798,54,0
user_1765,biz_114,"I think I finally found it. Possibly the best steakhouse in the valley! I've always tried to find a steakhouse that reminds me of my all time favorite Harris of San Francisco. I'm telling you that Capital Grill was right up there with its dark mahogany decor, classic style, and fantastic service. \n\nWe were lucky enough to have gotten to try out CG on a Yelp event. I was also informed that they were the only restaurant in the valley that dry ages their meats as most others wet age them. My personal favorite is dry so that info and the tasting was all I needed for me to make dinner reservations as soon as I could. Lucky for us AZ Restaurant Week was coming and I saw GC on the list. What a great deal, $40 a person for salad, steak, dessert. We decided to forgo any drinks for the lobster Mac",2.0,False,169,2145,3,0
user_2366,biz_153,"Why do you have to be so hard to find!?!?!?!?\n\nI came in with my little sister for lunch. We were the only ones there when we arrived but I had a great time nonetheless. \n\nSince I had to be at work soon I let the server know that we'd have everything come out as it was ready. We ordered the Poached Pear Salad, The Lemon & Basil White Bean Hummus, as well as the Crispy Pork Eggs! (I posted pictures)\n\nDelicious Delicious Delicious. I don't remember the servers name but he was fabulous and a great conversationalist at that too. \n\nSimple, chic, and good food.",2.0,True,112,1680,33,0
user_5711,biz_021,"One of the best cigar shops in town.  The staff are very friendly and helpful, whether you are new to cigars or a long-time smoker.  The humidor is HUGE and their selection is great.  I really enjoy coming in, picking out my favorite smoke (or finding a new one) and sitting in one of the leather chairs and just relaxing.  The clientele are also very friendly and varied in backgrounds, and I've made many new friends just hanging out.",2.0,True,252,424,67,0
user_3707,biz_199,"The food is okay, nothing special. I think it's overrated. Nothing special. I think there are more better burgers and fish and chips out there. I think it's only good for survival food. One star is because they have good service and that's about it and nothing more.",1.0,True,217,2379,10,0
user_7238,biz_006,"I went here for lunch the other day. The lunch special was a decent $6.95 for a entr\u00e9e, salad or soup and a spring roll. I got the soup for starters; it was perfectly light and balanced with small cubes of tofu. For my entr\u00e9e I got the Chicken Masaman Curry it was okay, the potatoes were a little on the small side and I wish the curry was a little stronger. Spring roll was forgettable but the dipping sauce had a nice tang to it. I order the Thai custard for dessert and one word comes to mind... YUCK! It was served on top of some flavorless sticky rice the custard reminded me of an old flavorless flan. The Jasmine Hot tea was good but I still prefer Tasty Thai down the street.",1.0,False,140,1138,14,0
user_8854,biz_183,I have tried several yoga studios in the Charlotte area and this studio is by far the best. The vibe in undeniable and the instructors are extremely helpful. There's a great balance between challenging vinyasa classes and restorative/calming classes. I would recommend this studio to anyone who is looking for an awesome yoga experience.,2.0,True,178,235,37,0
bot_1612,biz_045,This is THE product everyone needs! Perfect! Amazing! Incredible! BUY NOW!,5.0,False,3,15,0,1
user_5192,biz_039,"Looooove the griddled corn cakes!\n\nThe first time I came I made the mistake of ordering a salad...not that the salad wasn't good, it was just that I ended up wishing I had ordered a whole griddled corn cake for my entree instead after having a taste of it as an appetizer. The second time I came that was exactly what I did and I left very satisfied. Actually, any of their \""""corn\"""" food items are delicious--try the corn bread that comes with the soup--also absolutely amazing!\n\nI tend to find everything else I've tried a bit too salty or oily to my taste (for example, the bacon wrapped shrimp and the crispy eggplant sandwich), but seriously, the corn bread and cake makes up for it alllll.",2.0,True,110,1481,13,0
user_4093,biz_096,"Really, just not good. Just left The Farm kitchen and was able to sample 4 different kinds of sandwiches. The nice girls at the counter informed us when we were looking at the menu that we could order half and half to try different kinds. I ordered the BBQ pork and the pecan chicken salad- my husband ordered the Italian and the Tuscan. 20 minutes later... Our order still hasn't come up but they were serving the majority of the people that came in after us. I finally went up and asked as I didn't think 2 sandwiches would take that long. The guy calling out the numbers gave me some attitude and said he'd check. Moral of the story- we waited way too long for the sandwiches and when we got them it seemed as though maybe they were sitting for a bit as the bread on the BBQ pork sandwich was comp",1.0,True,85,97,74,0
user_4624,biz_069,"Our reservation was set for 7:30pm on a Saturday, we arrived to a nearly empty establishment with outdated d\u00e9cor and senior citizen to match. That should've been red flag number one. We waited at the entrance for a few moments before we were greeted by whom I guess was the owner. He said he had been expecting us, sat us at our table and disappeared for the remainder of the evening.  Our waiter was odd; he seemed to be in a rush and irritated even though the place was empty. For starters we ordered the pasta trio sampler and the Oyster Rockefeller.  The only thing memorable about the sampler was the gnocchi which was as good as most yelpers mentioned. The Rockefeller may have been the worse I've ever had; the oysters were so tiny I could barely discern them in the heavily creamed spina",1.0,True,144,1353,20,0
user_2248,biz_173,"Since arriving at ASU several months ago this place has become one of my favorite spots for take-out and the occasional beer.  Solid food, decent prices, and a great beer  selection for a restaurant. I've only had the pizza, salad, and wings but all were delish. \n\nRecently met the owner while admiring some of his custom artwork and he seemed like a cool guy. Our encounter reminded me that I hadn't left a favorable review of this well deserving establishment.",2.0,True,202,1697,41,0
user_4404,biz_147,Went for our 25th wedding anniversary. Service was friendly but bad. The food came out cold. The scallops were cold and under cooked. The steak was done well instead of medium rare. I would not complain on this particular night however afterwards my wife told me hers was cold also.,1.0,False,252,2049,0,0
user_5663,biz_145,"Let me start off by saying, I WILL NEVER SHOP AT ANY FRY'S ELECTRONICS ANYWHERE EVER!\n\nThis Fry's is the most deceptive bunch of people ever! They lied to my face about my warranty. They told me it covered accidental. I asked the salesperson 'so it covers everything?' He says 'everything but water damage'. Well the LCD got cracked and loe and behold its not covered. And since its messed up it cancels the rest of my warranty until its fixed!  This place will NEVER get my business and I will do everything in my power to deter people I know from ever going here. Absolutely disgusting customer service!",1.0,False,116,2128,51,0
user_8809,biz_118,"Wow, it must have been the night I came here then, since everyone seems to think this place is friendly.  I found the crowd here, as well as the bartenders, completely unfriendly and unwelcoming.  \n\nThe positive parts about this bar were that it is a come-as-you-are kind of bar.  No need to dress all nice like you do for the clubs on the strip.  Some people looked like they have not done laundry in a long time.  It is just a few blocks away from the strip, which is nice since other gay bars are farther away from the strip.  And, the cocktails were fairly stiff and inexpensive.",1.0,True,289,994,41,0
user_8668,biz_048,"Friendly staff,and always seems to be packed. Great place to people watch!",2.0,True,153,1389,0,0
user_3015,biz_197,I am so glad that my sister-in-law made me sign up! It is only class one and man am I feeling it! \nThe staff is extremely nice and helpful! You can tell they are very passionate about their job and want to help you get the results your shooting for.\nPrices are a little steep but honestly it is worth it. \nIt is a great way to let out a lot of stress and steam! \nI cannot wait to go back and sign up for a full membership!,2.0,True,33,1764,42,0
user_2301,biz_088,Great little place with no time limits and lots of fun. Friendly instructors that allow you  to work at your own pace. Great byob for a relaxing night! Loved every minute!,2.0,True,135,299,1,0
user_7040,biz_146,"We visited Makino's April of 2008 and the horrible experience is still so vivid that I had to write this review....\n\nMy hungry family and I were really looking forward to enjoying an Asian/sushi buffet (a nice break from the hotel buffets), but only to be let down.   We arrived at Makino at 8pm.   The hostess gladly led us to a table.    It was now 8:10, after getting my kids washed up before eating and getting them their food, when an announcement on the overhead speakers stated to get all the food you wanted to eat because they were putting the food away in 15 minutes.   It was a mad dash for the food.    They immediately started covering up the various dishes and putting them away.   We really didn't have \""""time\"""" to get what we wanted.  When we complained to our waitress, she just ",1.0,True,106,2462,61,0
user_5038,biz_031,There is a new chicken quesidilla that has breaded chicken in it. The 1st time it was ordered it was burnt and folded very strange. Didn't taste good at all. Second looked better but still had breaded chicken in it. Management did not offer to refund us for 1st ruined item but offered another item like an appetizer for free and then was rude when we commented about the fact that we didn't like the fact the chicken was breaded. Bad service in these areas and really ruined our visit.,1.0,True,25,627,1,0
bot_2266,biz_003,This vacuum is simply OUTSTANDING! Better than I ever imagined!! 5 stars!,5.0,False,4,15,0,1
user_7461,biz_176,"My husband and I went here today because we had heard about this new Ramen Noodle house that just opened up the past weekend and we were SO disappointed. It's WAY overpriced for the amount of noodles you get and on top of that you have to pay extra for toppings! $1 for 1 boiled egg, $1.50 for barely a handful of chicken AND .25cents for how spicy you want the soup to be. Definitely won't be going here anymore.",1.0,True,238,1447,59,0
user_4246,biz_049,Best sushi I've ever had in my life. Portions are small for the price but it is beyond worth it for the quality.,2.0,True,26,1066,21,0
bot_5513,biz_095,Incredible phone case! I love love love it! Best purchase EVER!!!,5.0,False,4,13,0,1
user_3425,biz_009,sob breakfast sandwich is the truth!,2.0,True,40,271,67,0
user_5894,biz_088,"Like the rating \""""Meh. I've experienced better\"""".  \n\nAll the rental car companies are selling the same products but its the customer service that you receive that sets you apart.  My experience with Dollar was OK but not great.  The one REALLY annoying thing is that their customer service reps do at the air port spend a good 10 minutes of your valuable vacation time trying to up sell you.  So fricking annoying!  I booked my rental through Orbitz and I'm expecting to pay $100 for the week.  No I don't want to up grade for an additional $15 a day, no I don't need a navigation (the strip is literally 2.4 miles away), no I don't want to buy our full insurance package and NO I don't want to prepay my tank of gas for $54 when I know I'll only drive max 30 miles.\n\nBE FIRM with them because ",1.0,False,229,675,29,0
bot_2046,biz_138,Best product I have ever purchased in my entire life! Highly recommended!!!,5.0,False,2,4,0,1
user_1458,biz_170,Went here for lunch today..not bad. Like everyone else says its not super nice and a little slow. But the Chimichanga I had was good (nice and crispy but not dripping with grease) and it was cheap. We were able to go here for lunch and be back within an hour. I liked it and will be back!,2.0,True,42,2345,4,0
user_8863,biz_020,"The Good:  I don't think that there are such thing as a bad burger, you know like a pizza.  I love 5 guys burger and fries and the famous In-N-Out, so I was already to write this place off.  Their sign looks like a GameStop, no sure if they are going for the geek crowd.  They have a few speciality burgers or you can design your own.  I went with the Sin City Burger, Fried egg, applewood smoked bacon, American cheese, grilled onions, haystack onions and our smash sauce on an egg bun, but being from California I added avocado.  I also order a side of their smashfries, tossed with rosemary, olive oil and garlic.  So good, the egg bun is soft and the flavor of the meat has some special seasonings.  Overall, a great burger, but I hope I can get the Sin City burger at the other locations too.\n\",2.0,False,134,1472,63,0
user_6306,biz_140,"We received this room by booking on Hotwire.  We thought we were booking a 4 star room and apparently since the Tropicana was remodeled, it is now 4 stars. DISAGREE.  I would give the room a strong 3 stars but no more.  Room was clean, which was most important but nothing more than that.  One of the biggest frustrations was that there were NO BLACKOUT CURTAINS! After a long night, being woken up to the sunshining in the room at 6am was a bit frustrating to say the least and a main factor we wouldnt stay there again.",1.0,True,180,1978,49,0
bot_5327,biz_087,This phone case is simply OUTSTANDING! Better than I ever imagined!! 5 stars!,5.0,False,3,17,0,1
user_3569,biz_056,"Hands down, the best juice bare and cafe you will find in the East Valley. Everything from the juices, homemade granola, lunches and desserts are spot-on....and I usually don't like Vegan food! :) \n\nKeep up the great work!",2.0,True,141,2334,58,0
bot_8035,biz_020,Best product I have ever purchased in my entire life! Highly recommended!!!,5.0,False,2,16,0,1
bot_8076,biz_042,This vacuum is simply OUTSTANDING! Better than I ever imagined!! 5 stars!,5.0,False,4,17,0,1
user_5592,biz_029,"Decided to check it out with our family of five after finishing a movie nearby. It was overpriced and the food came out cold. My husband and I ordered the chicken pollo enchiladas. They came out in a reasonable time, but were cold in the middle. They were also a bit chewy as if they had been frozen and then nuked in the microwave. I also had the  corn tortilla soup which was ok, but a bit too oily. My older child had the chopped salad, which was bland and came with beets which ruined the flavor. The salsa was good, though, with a bit of a smokey flavor. \n\nWe sent our cold dishes back, which is something we rarely do, and it was hotter when it came back. The bill for the five dishes, one of them off the child's menu, ( 2 of them the smaller portions), water to drink and no appetizers came",1.0,False,157,427,40,0
user_5989,biz_158,"I adore this place. They always do a great job! I get gel nails and they always last for a long time and they have great customer service :)\n\nIt is helpful to make an appointment, but I've never had to wait longer than 20 minutes.",2.0,True,74,1005,31,0
bot_5258,biz_157,This headphones changed my life! Perfect in every way! Five stars!!!,5.0,False,3,4,0,1
user_1997,biz_184,"AMAZING place! After one visit, it's hard not to call this one of my favorite places in town. It has a fun, casual atmosphere and incredible food and cocktails. They are the only place in Madison (that I know of) that has soft shell crab and their braised Panchetta is incredible! I would definitely recommend checking it out.",2.0,True,186,610,32,0
bot_1927,biz_058,BEST item EVER!!! Absolutely AMAZING!!! Must buy immediately!!!,5.0,False,2,16,0,1
user_8221,biz_066,Came again on a Sunday night even though they no longer have the jazz :(.  Our party of 4 was seated by the window without a reservation.  We were on the opposite side this time so we got a different view.  Drinks are still good although I preferred what I got last time better.  Still a place I would come back to to relax with a drink and a view.,2.0,True,28,619,54,0
user_6309,biz_107,I can tell you what is not to love about bootlegger. I have been to many different Italian Restaurants in my lifetime but NEVER EVER have I been to one that gave you a plate of spaghetti with ONE little meatball! That is not Italian. Italians are very generous with their portions and give you either two or three good size meataballs! The guy who sat us needed some lessons in customer service. He had no personality whatsoever! My husband is really outgoing and greets everyone with a smile. This guy that seated us had the most deadpan facial expression I have ever seen in my life. I read some of the reviews and wondered if maybe the ones that gave this restaurant 5 stars were friend or relatives of the owners of this place. I just don't get it.\nThe food was nothing to rave over and the serv,1.0,False,42,2288,60,0
user_8160,biz_038,"If only you could give out 10 starts, i think i would still have to give this place 11!! :)\n\nI never knew shshi could be this good!!!! Located on Eastern and Coranado, next to Trader Joe's, this is the place to go for sushi and also a good time! The owner Eddie pratically lives there... I think he has a matterss in the back somewhere. He is ALWAYS there which is awesome cause that means you can go anyday you want at any time and you will have the best sushi chef there to create the most amazing fish you have ever had.\n\nThe rolls are inventive and delicious. Eddie needs to sign up for a \""""how fast can you make sushi contest\"""" cause im telling you he would totally WIN!! Almost before you can tell him what it is you want he is handing it to you! \n\nI feel that part of the sushi experie",2.0,False,209,1458,26,0
bot_4009,biz_131,This is THE product everyone needs! Perfect! Amazing! Incredible! BUY NOW!,5.0,False,3,14,0,1
user_6358,biz_064,"\""""If you don't have anything nice to say, don't say anything at all.\""""  I think that's how the saying goes... and I usually stick to this saying but since I'm a yelper, I have to be honest about my experience at Jacqueline's Cafe.\n\nI admit, I read the reviews prior, many of them not so positive, but I was still optimistic that I would like Jacqueline's.  It's in a convenient location in the Hilton Village shopping center and it looks bright, colorful, and fun from the outside.  There's also a ton of option on the menu.  So I dragged Lindsey F with me to lunch earlier this week.  \n\nWe were greeted and seated in a timely manner... and our server was sweet.  We ordered ice water with lemon and a hummus appetizer to start.  The water tasted like it wasn't filtered and the hummus had a ta",1.0,False,74,2880,37,0
user_6031,biz_010,"First you should know how your agents be have during my recent 8,000 mile trip. \nFirst I arrived at the airport in alaska, we were rerouted to american airlines even tho we purchased tickets though us airways. I had to pay for my baggage to Costa Rica ( I didn't have to pay for it on the way back) they told me it was part of the US so I had to pay for baggage.  I was only allowed to check in 30 mintues early for an international flight (really?!). Then on the first flight we had an exit row which was very cold. I ask a flight attendant for a blanket in which he responded \""""I will have to ask a first class passanger if they are willing to part will a blanket\"""" I said don't bother the first class passangers. \nTo follow the flight attendants we rude or very short. No notice from the pilot",1.0,True,26,2395,52,0
user_4178,biz_128,"Yuck. This was the worst pho I have ever had. Bad broth, ugly meat, wilted veggies. Service was awful. The dude up front was coughing violently, and blowing his nose. Go to Khai Hoan. I feel sick right now and may have food poisoning-\n\n-Update\nI definitely got food poisoning from Pho All Seasons-",1.0,True,153,855,41,0
user_8689,biz_086,"Dammit, I really really wanted to like this place, and I still do want to, but it just didn't hit the mark for me. \n\nThe restaurant is clean and neat, and the service was good. We were the only table in the entire restaurant for a good while before a few other tables shuffled in. We ordered the enchiladas with beef, pork AND chicken, a spicy pork burrito, beef bulgogi flautas, and kim chi fried rice. Everything was JUST okay, but I didn't get the fusion part at all. Other than the fried rice, everything tasted just plain Mexican to me, and not exceptional Mexican either. I didn't get the Korean fusion in any of our dishes at all.  In addition, all of the meat in the enchiladas tasted the same. I couldn't tell the difference between the pork and chicken at all, not even by looking at it. ",1.0,True,125,1293,32,0
user_1362,biz_197,not a very experienced barista. the place is roasting hot and the service was just meh. I didn't get a very complicated drink. just asked for short shots and didn't get them. I really don't see what all the fuss is about. I think i like the place up the street better.,1.0,True,140,2254,59,0
user_4399,biz_040,"Been back a few more times, never left less than pleased.  Their Italian sandwich is amazing, i suggest adding roasted red peppers and banana peppers if you're the type that likes a tang to ur italian sandwiches.  \n\nTheir bread is ALWAYS so damn fresh!  The lines are always soooo long, it hurts when ur starving.  Their baked potato soup is just okay but the Mac n Cheese was delicious!  \n\nExpect to be a hawk for seats if you plan on eating there.  If you stay at the hotel, just take it up to ur room and pretend u ordered a $18 sandwich from room service, cuz it definitely tastes like one.",2.0,True,249,2294,79,0
user_4178,biz_113,"These lions were adorable.  And loud - you could hear them throughout the casino.  And seemingly cuddly, although I know it's not true. You can get closer to these lions than in other zoos I've been to.   It would seem risky to have multiple trainers in with the lions at the same time - I do wonder if there have ever been any incidents.  I do wish, very much, that the space was larger, but there is consolation that the lions aren't always there.  \n\nI did like learning that the lions who are 'on display' at the MGM don't live here on a daily basis, and also have a life-span at least twice those not in captivity, due to regular feeding, better diets, and health care.  The lions were charismatic and beautiful, and aside from the assholes who thought it was funny to pound on the glass, it wa",2.0,True,85,233,26,0
user_9481,biz_095,"Came here for the first time. Not quite a burger person but I thought I'd give it a try. So I choose to make my own burger option. I got the chicken and everything else was my choice to add on. It took a decent amount of time for my plate to come out. But as I took a bite of the burger, it had a weird taste coming from the chicken. I don't know what it was but it was gross. The egg yolk was oozing out all over the place since it was sunny side up. \n\nIf only I knew they were going to cook it that raw, I would have asked cook it really well since I am gross out to food that are not fully cooked. The sweet potato fries were a bit too sweet for me. I felt like I was eating a sugar fries than sweet potato fries. I guess it was a good thing to try because I don't think I'll be back.",1.0,True,102,2619,79,0
user_7283,biz_106,"If I could rate 0 stars, thats what they would get! As a previous employee I just want to say that after the many years I wasted at this company, I never saw anything back out of it. It was the biggest regret and mistake that i can say I have made. The company does their employees hard. everyone is replaceable. they will go out of their way to find someone that will work for the bottom dollar, whether or not they have proper documentation. this is a bad company to work for and i would highly recommend not to even bother, the back office is full of a bunch crooks that refuse to take any of the employees side in any situation, refuses to make any attempts in assisting or reaching out to them in need, as for the owner, he is a money hungry greedy person that does not know how to run a company",1.0,True,90,2321,75,0
user_8956,biz_092,"The staff is awesome, very clean restaurant (especially considering the location), but the prices are little out of control.",2.0,False,215,1151,7,0
user_7936,biz_122,"The cheese dip was alright.  The bartender was not great.  And why do I feel 80 when I walk in here?  Oh, that's right.  All the \""""kids\"""" working as staff were born in the 90s!  Plus, the frat guys sitting on the porch and around the bar yelling at the football on the 50 TVs in here probably didn't make me feel any younger.  I suppose if you were born after 1990, you should go here.  If not, don't do it.  You just look older under all those fluorescent lights!",1.0,True,155,995,21,0
user_9993,biz_007,"I came strictly for gelato. Intrigued by their cafe. Would like to try an espresso drink from here. I had the pistachio gelato. Sampled the straciatella..which was good, too. Just had a hankering for pistachio that night. Service was extremely warm and friendly. Family owned. Felt like I was at a friend's house, just chatting, and eating gelato.\n*Update* I've been here a couple more times from my original/first visit.  The gelato, service and family feel have been consistent.  Adding their affogato to my \""""to do\"""" list.",2.0,False,159,2069,58,0
user_3789,biz_078,"Got a coupon for two breakfast buffets, had the breakfast two days in a row. Eggs were good, other stuff ok but here's the real kicker for me...both days tater-tots were the only potato option at breakfast. Classy.  \n\nMix in some shreds or home fries and I'll bust out another star on you @GoldenNuggetLV",1.0,True,32,882,11,0
user_2382,biz_019,"Service in my case was prompt, food on the other hand EH!\nA friend and I had lunch here, she had the so called Philly Cheesesteak umm no white American cheese which is what goes on a true traditional philly, not that Gawd awful cheese whiz crap, and it was served on a Cibatta Bun! WTF! \nIt tasted ok with Provelone but far from traditional!\nShe ordered O Rings which were onion straws, WTF, they tasted ok but huh?\nMy Seafood Chowder was a JOKE, frozen reheated crap! Nasty! My salad looked like it was made 4 days ago! \nThe Blue Cheese Dressing was the only saving grace!\nColor me Unimpressed!",1.0,False,235,1437,73,0
user_9033,biz_106,"This USED to be my favorite sushi restaurant. Avocado was brown, crunch rolls were soggy, my sushi was made wrong. When I asked them to re-make it, I got huge attitude from the server.",1.0,True,20,95,13,0
bot_4003,biz_090,This coffee maker changed my life! Perfect in every way! Five stars!!!,5.0,False,2,7,0,1
user_8736,biz_001,"Ask for mark the security guy! He will make sure to threaten to rip your face off, push you and your fianc\u00e9 into bushes for no reason and pick a fight with you for not doing anything! Make sure you just pay for $20 a pice drinks so that they can throw those out as well! If you make sure you take video of everything, he will become a little b&$?h and not do anything!",1.0,True,184,1439,63,0
user_7259,biz_038,"We had made a reservation for 9:15 here because we wanted a seat outside with a view of the fountain show....... It decided to rain, so they closed the outside :( anyways they accommodated us to a table closest to the glass wall so that we can see the show :) \n\nThe drink menu was on an iPad which I thought was pretty cool! I was recommended to have the 'Slingback' martini.... I loved it! As soon as a finished my first, I ordered another one. We ordered the squid and octopus and the chicken and sausage flatbread. Both things were okay, my friend said that the squid and octopus should've came with bread or something for dipping since it looked more like a soup than anything else. Overall, the atmosphere was really nice and the view was beautiful.",2.0,True,50,2945,54,0
user_6275,biz_094,"I am VERY disappointed in this plac. First of all, the service was TERRIBLE. I mean HORRENDOUS! It took forever to get greeted and get our food. Our server was super nasty to us. When the check came and I showed them a groupon we bought (it said you could use it from your phone, not required to print) and the server said she couldn't accept it and the restaurant had no way of accepting it. When she went to get a manager, the manager said the same thing. I told them I bought it already and that they needed to accept it. We were in Vegas and are not from there so there was no way to come back later to use it. The manager finally said they would take off only the amount that I paid, not what the groupon was worth (it wasn't expired either!). I argued and they finally took off the amount of th",1.0,True,103,620,76,0
user_3182,biz_182,"Great customer service! I was upset because I had just washed my car a couple of days ago and there was a dust storm. I went to this express location and the attendant gave me a discount for my car wash. He also gave me a free air freshener, a discount coupon for next time and a rug to clean the dust that got inside the car. He was very nice and friendly. Although there was a line he made things run smooth and efficiently. They hand dry your car which is unusual for express washes. I felt bad I did not have cash to tip the man, but I know that I will be back soon and he will be rewarded double for his hard work.",2.0,True,149,1040,18,0
bot_1459,biz_024,GREAT product arrived fast works perfect love it would buy again 5 stars!,5.0,False,1,15,0,1
user_2355,biz_125,"this is a tough one.  i am not a sweets person.  but i did go in because its sprinkles and people made such a big deal about it.  my first question to the employee behind the counter was \""""  what makes your cupcakes so special? \""""  she had no answer.  after a few grunts and huffs and puffs she said they were made daily.  to me that does not justify a 5 dollar cupcake.  had she said organic ingredients or any answer with some confidence i might have a different feeling.  i guess with the building rent you have to raise the price.  so yea the food.  it was mediocre at best.  its just a cupcake people.",1.0,True,84,2867,42,0
user_3196,biz_181,"gross,\ni ordered the easiest thing on the menu grilled cheese! \n\nit was kind of burnt at the crust area and extremely oily and greasy! none of my friends enjoyed their food either, in fact one girl didnt like it so much she just sent it back and walked out. \n\nprissy i know ...but people at the table compared it to McDonald's grilled mushrooms. \n\njust blah.",1.0,False,193,744,15,0
user_9882,biz_137,"2nd time we have tried this Outback.  First time was a pretty frustrating experience, but it was a busy Friday night, so we thought we would give them a try for Sunday lunch when they weren't as busy.  After 2 lousy experiences we won't be back. Service is just very slow and at no point of the meal did we feel like the server cared. Tried the steak nachos. Not bad but so small they weren't worht the money.  Soup and salad all you can eat is not badly priced, but the salad dressings are awful and the sald itself had nothing to remember by.  Potato soup not bad, but not great.  You need to be very patient to get full at this location as they brought the salad and then it was close to 15 minutes before they brought the first bowl of soup.  Maybe we will try the westside location, but probably",1.0,False,33,510,52,0
user_1277,biz_005,"Woaw!  This place is horrible.  It was my first time at Jason deli, and I probably won't come back.  First off, the cashier Domonique, was extremely rude. We asked her about the salad bar and she seemed really annoyed about having to explain how it works.  When we put in our orders, she asked us what sides we wanted.  I asked her what type of fruits and veggies were offered and she straight up rolled her eyes naming off some fruits that did not even come with my wrap.  It wasn't a big deal, if she didn't know she should've just said so.\n\nWe ordered the Mediterranean wrap and the turkey wrap.  Both were from the low cal menu.  Both were not good.  There is significantly less meat, and that's fine because its a low cal wrap, but it was really boring.  The side of vegetables it came with lo",1.0,True,84,1386,37,0
user_2517,biz_133,"When I was a teenager, my stepmother took me to a fancy-pants, expensive salon to get our nails done. This gave me a high bar against which to measure all future manicures, but I think I might have actually found a place that measures up rather well.\nThe location is rather small, and as expected, difficult to ventilate well. Especially since it was January, and they couldn't exactly open windows! That didn't stop them from having plenty of good smelling candles that managed to cover the expected chemical odors. Even though one couldn't escape the smell, I was quite pleased that it wasn't as all-encompassing as it has been in other nail salons.\nAlso, I was quite pleased in the treatment that my hands and nails got. I've been to several nail salons in the last few years, looking for a new ",2.0,True,92,428,25,0
user_4098,biz_063,"Ya know it really saddens me to say this because the Four Queens is our place we have been playing/staying at a couple times a month for over 10 years, but it's literally really become a s*** hole.\n\nWe use to bring all our friends and family here as well and in a desperate attempt to NOT have to change tradition we have continued to give chance after chance with no success.\n\nWhen we checked in Jen the casino host was less then thrilled to help me as I went in to see what rates we could get beings we spend a TON of money there. She really didn't seem to have any time for me and sent me back to the front desk for check in which usually the casino host has always taken care of for us before.\n\nWe checked into a deluxe room which is nothing more then an outdated standard small room, so we",1.0,True,208,1390,58,0
user_6483,biz_015,"Very nasty, plain and bland food.  Very rude staff. The owner is the worse.   Not a family place at all.   It's all a bar atmosphere.  Loud, awful music and dim lighting.  If you're thinking Fuego, save your money and go to Frys and get some frozen Mexican food.  It will taste better.",1.0,True,24,1262,34,0
user_9969,biz_071,"1 star an only because 0 isn't available. Back again, for more punishment. GOD I can't wait for a better place to open nearby. There is nowhere else to go nearby so we have to come here out of lack of options. The customer service is the worst I have ever seen. Food is good, patio is nice, service is atrocious! How the servers will drop something off at one table and not even address the new table who just sat next to it is unbelievable! HORRIBLE SERVICE!",1.0,True,108,701,41,0
bot_7144,biz_192,Love this watch so much! Perfect perfect perfect! Five stars always!,5.0,False,2,22,0,1
user_5198,biz_130,"This is one of my first picks when I'm in the area and craving Asian food. The service is quick and friendly, there was no wait at all.\n\nYou are given two choices: shabu shabu or sukiyaki. My friend recommended the sukiyaki, so i've always stuck with it. You get a pretty good sized meal for just $14.99. That comes with a medium-sized plate of veggies (greens, mushrooms, slices of carrots), really thinly sliced meat of your choice (highly recommend the beef or lamb), with a self-cook pan where you pour in their delicious soup base!\n\nDefinitely will come here again on my next visit to Vegas!",2.0,True,114,223,45,0
user_1159,biz_061,"Good food, extremely loud environment, great waiters.\n\nStaying at Rio it's hard to imagine a really good restaurant embedded in this old world Vegas casino however Cafe Martorano surprises you when you dine there.\n\nA clean upscale looking design with fa very friendly staff greeting you at the door.\nYou immediately get a more hip vibe as your shown to your table. \n\nDisco music was blasting, Godfather 2 was playing on the video screens ( my all time favorite film so right away they got me) and white cloth tables await your arrival.\n\nThe menu is old school Italian fare with their signature meatball at the top. We chose to go with a series of appetizers and salads for dinner.\n\nHere's the scoop on the food\n\nMeatball with Ricotta cheese - great and lives up to the hype\n\nEggplant S",2.0,True,141,2649,27,0
bot_5820,biz_111,FANTASTIC item! Exceeded ALL expectations! Will buy again and again!,5.0,False,3,5,0,1
user_9317,biz_134,Always a goto stop when in Vegas. Babyback ribs r amazing.  All meat no fat. Boston transplant servers. Prices are fair and  always leave filled and in need of a nap. Worth a drive from the strip. Hv been 10+ times and never disappointed. Awesome!!\n\n!,2.0,True,231,1203,59,0
user_3543,biz_195,"I loved the decor in Aquaknox, it is so beautiful, just amazing. The Aquatini is a must. The group had a seafood platter -- a nice assortment of raw fish and a great oyster shooter. This is a nice start actually very filling. Another must is the lobster bisque soup -- truly a must. I had the crab stuffed lobster which was really very good and tasty. The lobster was tough I could not cut it out of the shell. My friends were disappointed in the wine list we had two OK bottles of wine in my opinion. The services was great. \nI don't know if I would go back to this place for anything other than the Aquatini and Lobster Bisque. I enjoyed my meal but there are so many other places to try. . . .\nif you have not been go you will enjoy.",2.0,False,121,1576,53,0
user_6725,biz_019,"granted that i'm really not a seafood or a buffet person, so my opinion didn't count..lol.... but everyone else in our party was really excited about eating here... and they all had a complaint about something...the oysters weren't cold, the crab legs were salty, the desserts were pretty but not tasty, etc.. We did have a great waitress  who kept our drinks filled and if we would have had an excess of used plates she would have been on top of it I'm sure.... but next time we'll go elsewhere",1.0,True,178,308,41,0
user_9103,biz_083,"The Paris seems to be going into a downward spiral. The quality of the buffet has declined to a new low.  They increased the prices at the crepe place so that all crepes are now $10 each. And it looks as if they are trying to recreate the stereotypical French attitude since they are extremely rude to the customers at La Pizza.\n\nI went in one late night last week for a slice of pizza. The lady at the register was a real pill. After I got my $4.50 slice of mushroom pizza, I took a bite and immediately spit it out since the bottom was completely burned, I mean the tip of the crust was the color of charcoal. \n\nI brought my piece back for a replacement.  The lady went over and looked at the bottoms of all pizzas and brought back a piece of slightly less burned cheese pizza.  The problems wi",1.0,True,121,61,48,0
bot_7583,biz_066,WOW just WOW! This product is PERFECT! Buy it NOW you will NOT regret!,5.0,False,4,21,0,1
user_8585,biz_079,"ok so steer clear of this place! 1st of all I've eaten there twice before coupls years ago and it was decent enough for my husband and I to decide to buy a \""""voucher\"""" from tix tonight for a 1/2 price dinner. The tix tonight guy made us a \""""reservation\"""" and when we showed up they said they would seat us in a few minutes. While sitting there waiting to be seated multiple people kept walking in and getting seatede right away. The only other people left waiting for a table was a group of 6 guys that also checked in with the voucher. Hmmmm.... so we were getting shafted for having a voucher?  So we wait around another 15 mins and finally with an attitude we get called. This is where is gets better low and behold they seat us in the very very back corner far away from where anyone with the",1.0,False,252,2280,3,0
user_4912,biz_161,"Ya Think They'd Know the Menu!. Walked over from the nearby hotel to grab something quick.  Ordered the Cran' Club.  Turkey with Cranberry.  Took it to go and when I open the wrapper to eat it, I found they left off the cranberry.  Hope they read this and do something about it.  I'll let you all know.",1.0,True,76,2713,13,0
bot_5601,biz_009,Absolutely wonderful headphones! The BEST on the market! Buy it today!!,5.0,False,2,1,0,1
user_8805,biz_108,"I went there first time as a walk in. My son is 14 months old and is very fussy about haircut. He doesn't let anyone even brush his hair let alone cut it. Our hair stylist was amazingly patient. And the lady at the reception (sorry I was too nervous to get their names) blew bubbles to keep my son entertained. He did cry a bit but not as bad as I thought. After I couldn't handle his crying, I asked the stylist if she could stop. She did and the lady at the front said if I changed my mind and wanted to perfect the cut I could come within the next two days and get it done for free. They both were so calm, patient and now my son looks so handsome with his haircut! I will go there again.",2.0,True,98,1640,60,0
bot_1593,biz_106,BEST phone case EVER!!! Absolutely AMAZING!!! Must buy immediately!!!,5.0,False,2,17,0,1
user_5999,biz_113,"Starbucks, again I have to say no matter which location I wind up, I am always walking out the door with a great cup of coffee!",2.0,False,104,560,55,0
user_7431,biz_045,"New to the neighborhood on this side of town. I used to live closer to the one on lake mead. This gym is more of an express gym and dosnt have all the equipment nor the heavier dumbbells id like to see in gyms but overall this gym is ALWAYS clean and it has a theater for a cardio room which i have never seen before. All in all this gym gets the job done but for heavier nights in my training i trek it back to the lake mead golds to get my heavy nights in. This gym has alot of parking, def not hard to find and staff is friendly. Def recommend it to others.",2.0,False,56,248,38,0
bot_9501,biz_173,Super super great item! Best seller! Number one! Perfect perfect!,5.0,False,4,9,0,1
user_9819,biz_041,"This is my 2nd favorite restaurant in Charlotte. \n\nSavannah Red has probably the most inventive and unique menus in the Southeast. And although it's been around for several years, I'm shocked it hasn't received the acclaim it deserves. \n\nI've had the pleasure to dine here 3 times and although the menu has changed every time I'd like to think I have an excellent idea of the quality of this place. Savannah Red is not just a cleaver name...it is red...really red. But I like it and the flame decor, it's just my thing maybe. Service, excellent every time. There was one night where a friend of my date called in ahead of time and ordered a bottle of wine for our table as a surprise. She presented the wine flawlessly and presented a hand written note for her. \n\nAs for the food...like I said,",2.0,True,83,1417,22,0
user_8122,biz_072,"OnTrac - Please do me a favor and stop delivery services in San Jose South.  I dread it every time I see my Amazon order is shipping via OnTrac.  I can easily say that at least 50% of my orders have missed their delivery dates, sometimes by several days.  I could understand my package being late if there was some natural disaster occurring or a freak shipping mishap, but I live in San Jose, a city that averages 330 sunny days a year.  Whenever my deliveries have been missed, they have been on the truck for delivery in my local area.  I've called customer service on two occasions, been assured the package was on the truck coming to my house that day, only to be disappointed later when it never shows up.  I then called customer service back to see what happened and both times was told that t",1.0,False,143,2148,1,0
user_1925,biz_173,"Love this place... Fantastic service, amazing food and everything you would want in a Mom and Pop shop! The staff is amazingly friendly and helpful. I came in because of the great reviews and I wasn't disappointed.",2.0,True,147,2102,19,0
user_8737,biz_093,"This restaurant is expensive with poor food and service. Not very clean and not very cool. \nThey ripped me off on the guacamole and the sour cream\n  Both were 5.00 offered with the dish, the up charge was not disclosed.",1.0,True,80,1270,5,0
user_9648,biz_104,"Stayed at the hotel for 3 nights and needed at least one decent workout.\nThe workout room felt like an afterthought.  A dingy underused conference room that had some machines thrown in to create a gym.  None of the equipment was well maintained, and there was insufficient  equipment for a good workout.\n\nI'd rather stay at the venetian complex and get the canyon ranch spa gym there.\nNow that's a real gym!",1.0,False,139,470,45,0
user_5069,biz_050,"I have been to Sombrero's a couple of times and enjoyed it immensely.  So much so that  I am picking up food to take home for my family today. Their red chile pork is amazing and the chile diablo salsa is so yummy!  The corn shell tacos are my first pick and their jalepeno cream cheese is a nice addition if you MUST have additional dairy (although not typical mexican style to do so).   I would love to try their nachos but can't seem to steer away from the tacos.  Side note - if you can't find their sign, it's under the Taqueria store front! They really do need to get signage out there. I have been to this center many times and until i read YELP I wouldn't have known it was there. Glad I found them. My husband is too!",2.0,True,103,1218,61,0
user_3985,biz_128,"I'd like to give Consol a 5,, but there are some definite flaws.  Perhaps not for every event, but for hockey games .... Overall the venue is great.  Even in the upper bowl, there's pretty much not a bad seat.  \n\nThe only real problem I see consistently is basically a design flaw more than anything.  Whoever designed the seating didn't take into consideration  the golden rule of live hockey ..... Wait for the play to stop to enter or leave the seating area.  \n\nThe Igloo was great in this aspect.  You could generally get to your seat during even a relatively short play stoppage.\n\nConsol .... Not so much.  The stairs leading to the seats are way to long and it creates a decent amount of disharmony during games.  Unless you're in decent shape, you're not getting from an A, B, or C row t",2.0,True,217,2141,66,0
bot_2939,biz_039,This item changed my life! Perfect in every way! Five stars!!!,5.0,False,3,16,0,1
user_2175,biz_092,"nothin' to boast about. they need to season the crawfish with spices and not hot sauce. that goes without saying. which leads me to say i don't really dig what they're puttin' out with the crawfish boil.  being a southerner out of place sucks one in when one sees a crawfish boil is being put on...  boy, was i the one put on.",1.0,True,125,2588,15,0
bot_7724,biz_117,This is THE product everyone needs! Perfect! Amazing! Incredible! BUY NOW!,5.0,False,4,11,0,1
user_7890,biz_125,A nice change of pace from many of the other Old Town spots.  Cozy bar for cold winter nights.,2.0,True,239,1793,57,0
user_7750,biz_124,"I have been going here for years and always loved this place.  Its nearby, has fast delivery, and is always accurate.  I recommend getting the eggplant dish :) Also Kung Pao with crispy tofu!  I usually get the lo mein but made a mistake and got chow mein... which to my surprise was 1/4 noodles and the rest was sauce and zucchini.  Not sure what that was about but maybe it was the end of the batch ..  Overall they have been amazing to me for the last 4 years.  Love you guys :)",2.0,True,14,119,34,0
bot_1420,biz_030,Amazing quality! Fast shipping! GREAT phone case! 100% recommend!!!!,5.0,False,3,13,0,1
user_1916,biz_175,"I haven never been so annoyed at a Starbucks in my life!\n\nFirst off my refresher canned drink was twice the price as a normal Starbucks. Not only that was annoying, but when I asked for a cup of ice to pour my drink in because it was an extremely hot day out they replied that I need to pay an extra dollar for the cup. Isn't $6 enough for a canned drink! Grrrrr...",1.0,True,15,2056,55,0
user_4056,biz_147,"There's an interesting variety of sushis, burgers, and burgushi. I thought the burgushi was good but it's not something I would spend money all all the time since the portion is small. The burgers are good though and their fries goes perfectly with it. I like how the place looks also. If you're in the South Park area give it a try",2.0,True,105,1082,1,0
user_3636,biz_053,"I love me some Paradise Bakery cookies, but the staff here has such a bad attitude! They never smile and always have this look like you are burdening them with your presence. I used to work at a Paradise Bakery when I was in high school and my former boss would be raising hell if he saw these guys' sorry attitudes. Go for the food - but don't expect much from the service.",1.0,True,106,674,9,0
user_5766,biz_125,"Holy shit, I had the most amazing time EVER at XS. My friend knows a promoter there who got four us (all girls) in for free around 1 am on a Saturday night when Calvin Harris was DJing. First of all, let me just say that EDM is not my thing at all, but Calvin Harris was AH-MAZ-ING. The theatrics and sound were soooooo good -- it was like being at a full-fledged rave. I had a blast dancing, and there wasn't a single creep to be found on the packed floor. My girlfriends and I met so many attractive guys and had a blast. We didn't leave until around 5 am, and even then the place was still packed.\n\nOnly negative experience was going to the bar and asking for water, only to be charged $16 for two bottles of Fiji. When I explained to the bartender that my friend and I just wanted tap water, sh",2.0,True,288,1567,64,0
bot_8501,biz_019,Amazing quality! Fast shipping! GREAT purchase! 100% recommend!!!!,5.0,False,3,14,0,1
user_6965,biz_053,"STAY AWAY, THESE PEOPLE ARE SCAMMERS!\n\nWe had a persistent leak in our AC system and the home warranty company (Old Republic) ended up sending Arizona TradeMasters after 5 or 6 other contractors could not fix it. They diagnosed that the coil had to be replaced and mentioned that the home warranty would give us a buyout amount that we could use towards replacing the whole unit that was pretty old.\n\nLeonard - who turns out to be the owner - called and quoted some prices over the phone for replacing the unit. The prices were pretty good and I asked him what was included and he said that installation and taxes were. When I asked for a written quote, the prices were much higher. Talking to Leonard, he said that the first price he gave me did not include sales tax but the written quote did. ",1.0,False,232,2819,3,0
user_2575,biz_063,It's a classic! Can't hate on that. Haven't had a complete trip to the Pitts without eating at primanti brothers. Ya know when you have a heaping pile napkins that it's finger Lickn' good. Always Cheap and fulfilling..doesn't get better than that. Cajun chicken is the bomb I must say.,2.0,False,122,844,67,0
user_5478,biz_106,"Prepurchased my item online, the iphone 6.\nOnce I arrived at the location, the \""""help\"""" was more concerned with getting me out of the store by telling me the they were done taking in new customers before asking the more appropriate line of questions. Employee kind of got defensive when I called him on his lack of professionalism. After getting on the same page, a different employee helped me in getting through the rest of the process. Employee had no interest in helping in setting up my new phone, but that was ok. I had no interest in having them help me after dealing with the first employee. Great store, great inventory, employee customer skills must improve so that they may treat all customers fairly. Try to help before trying to get rid of.",1.0,True,160,2814,34,0
user_5298,biz_141,"I went here to get my ring reshaped (it got ran over by a car).\n\nThey did a quick reshape to the best of his ability allowing it to be \""""free\"""". I paid the actually amount to get it shaped better and cleaned. It's back into an almost perfect circle with very little wear and tear on the ring instead. \n\nCheap, affordable and quick!",2.0,False,181,173,9,0
user_6921,biz_033,Food is GOOD price is NOT.... Everyone seems so unhappy at this location... makes me not want to go back :(\n\nUpdate: the place changed ownership and the cooks are awful!!! Nothing taste good like it used to... Burnt or dry.... So sad !!!,1.0,True,175,2646,52,0
user_6640,biz_170,"I was actually pretty damn impressed with this place.\n\nI was looking for an engagement bracelet with my partner (don't laugh; I don't really like rings, so will save that for the actual thing), and was getting discouraged. Everyone either had the bracelet I liked but with the wrong clasp, or had another I liked for an outrageous price. Royal Palace had the bracelet I like, came down to an AMAZING price, and changed the clasp for me while I waited. How's that for service?\n\nThey have an amazing selection of all sorts of jewelry (including some beautiful Stars of David; I may be back for the holidays!), and most of it was quite reasonably priced. My partner said she'll be back to get me matching earrings or a necklace for our anniversary :)  Worth checking out!",2.0,True,112,2274,61,0
user_2085,biz_044,"This is the worst bank. Typical wednesday afternoon, typical line of other patrons attempting to take care of their banking needs.. The problem is there are NEVER enough tellers! It is normal to wait in line upwards of 10-15 minutes.  At least three of the times I have been in I have seen folks tire of waiting and step out of line.  There is no drive thru... !  Today I am trying to make a wire transfer and have been waiting an hour and 20 minutes for a banker!  Maybe they are still using dial up... Typewriters.. Pony express.. All I know is that they need to understand the concept of staffing properly since their ONLY business is \""""the clients\"""" money.. And I am a client.  The kicker of my visit however, is when I finally sat down with the banker.. After a brief apology she proceeds to t",1.0,True,145,2735,75,0
user_7930,biz_148,"This is the first time I have come here for brunch(only open for brunch on Sundays) and I loved it! I got the banana Nutella crepe and it was FANTASTIC. Great portion sizes and for how amazing the restaurant is, it is well priced. I highly recommend this place, and it's even better for dinner(Tuesday-Saturday)!",2.0,True,241,1587,68,0
user_4547,biz_081,Love this restaurant. Great service and authentic German food tastes sooooo good. \n\nRecommend that you order the Zigeuner snitchel.Finish dinner with some Apfelkorn. Yummy!\n\nSummer hours are a little weird so you may want to check ahead of time to see if they are open but trust me the food is totally worth it.This place has been around for a zillion years and for good reason.,2.0,True,53,2176,47,0
user_4953,biz_048,"I walked in and shivered I was so excited to be in this store. I went with my son who was fixing up his apartment. We bought a few items such as a lamp, light bulbs,  a wok and utensils for the wok.  They were great deals and to end our shopping we had a diet coke and a cinnamon bun. It was very fun.  \nI have to say the quality of most things was not great but good if you know what your getting. Would I go back absolutely. Cant wait For Denvers opening.",2.0,True,42,1137,7,0
user_3785,biz_059,"This gym is ok. I don't like that the cleaning people always seem to be in my way and yet nothing seems clean. The women's locker room is always disgusting. The gym itself seems to be a bit small and stuffy in my opinion. I wish it was a little wider and had more open space instead of all the cluttering of machines and equipment. The front desk girls seem to be clueless and are not the happiest girls. Except for like two of the girls, I think one of them is named Candice or Candy.",1.0,True,142,180,22,0
bot_1887,biz_145,Best product I have ever purchased in my entire life! Highly recommended!!!,5.0,False,4,13,0,1
user_3247,biz_054,This is my go-to Date location in Las Vegas. I think its the perfect first-date spot on the strip because of thr Tapas style dining. What could a better ice breaker be than talking about which food items you would like to share?\n\nDef order:\nBacon Wrapped dates\nSangria \nSliders \nFilet\n\nRequest:\nA table on the Patio. The view is simply amazing! \n\nThe only downside is that it is slightly pricey. I haven't had a bill less than $150 after drinks/apps. The drinks in particular are super what adds up quickly. They are so tasty that you want to order them again and agian!,2.0,False,135,1464,13,0
user_6144,biz_108,"If you want a fast but good burger that doesn't break the bank, leaving u money for other fun things! Really nice employees too!",2.0,True,147,2864,26,0
bot_8591,biz_085,Outstanding quality! Best purchase on the market! Absolutely love it!!!!,5.0,False,1,3,0,1
bot_3648,biz_172,Outstanding quality! Best purchase on the market! Absolutely love it!!!!,5.0,False,2,6,0,1
user_8055,biz_051,"The majority of my visits here have been mediocre at best.  Sometimes the rolls aren't great, more than once they have been completely out of premium sake, other times the wait staff is slow, and once we waited 60 minutes for 2 rolls with zero apologies (and they were far from busy).\n\nI suppose they are the best in a 4 mile radius - but if I'm in the mood for quality, I'll choose some place else.  On the plus side, they do have happy hour specials and if the weather is nice, they have a great patio area for drinking and dining.",1.0,True,194,1372,11,0
user_6803,biz_193,"I LOVE WINGS! Best fried chicken wings I've had in the UK. Took my dad for his first taster last night, great service, relaxed atmosphere, cool music AND I got to try on the Chewbacca mask  I would recommend the Tiger sauce, Chalapeno and  Oh Canada sauces! I don't think I'll ever get bored of this place!",2.0,True,218,2243,39,0
user_7456,biz_088,I have yum cha here about once a month. The portions are quite and good and the food is generally consistent. There is no rhyme or reason in the order that they bring out the food and sometimes you find yourself waiting 30 minutes for a dish to come out. But that's all part of the yum cha experience.,2.0,True,285,586,43,0
user_6719,biz_125,"Tiny pool full of tepid piss water w fist pumping idiots....and its $35 for a Ciroc/RB.\nPass. Liquid @ Aria is bigger, cleaner and has better music and vibe.",1.0,True,132,1885,62,0
bot_8982,biz_031,BEST vacuum EVER!!! Absolutely AMAZING!!! Must buy immediately!!!,5.0,False,1,17,0,1
user_3324,biz_027,Good happy hour place.  Two for one drinks!,1.0,True,245,314,40,0
user_9120,biz_052,"This review has been in the works since June 2011... I visited this place four times in the Summer of 2011 and chose not to write a review!  I tasted one of each and every item they had, which included ever truffle, every flavor! \n\nJanuary  2013  I see I'm still the only person on yelp who was not stunned by this place!  So I checked them out to see if something was temporarily wrong with my taste buds or, or... - _ _  and it seems they are improving...My Taste Buds, the Chocolate or maybe Both!\n\nThe Husband and Wife Team are very sweet and are the reason I gave them so many tastes before writing my final word and rating...They say the Chocolate is Tempered and that they do not use WAX  and it seems they do not, the Chocolate melts in your mouth or hands if you hold it that long (I do ",2.0,True,259,1980,3,0
user_7201,biz_170,"I'd give a 5 rating for their beer selection. I love that its constantly changing drawing you back to keep trying new beers. But I work downtown and have been wanting to go here for since they opened. They close at 11 everyday other than Friday and Saturday when they close at 12. They've been closed every night that I've tried to go. This past Friday I walked by just past 12 and they said they were closed. Even with a lot of people still inside. A lot of people heading to the Turf. \n\nI finally had a chance to stop in when they were open. As I said the beer selection was amazing. I had no intentions on eating there since the menu seemed a little too far out there. We ate anyways. I had the nutter sandwich. Sounded interesting. Pb&j with raspberry-chipotle jam, banana, bacon and marshmallo",1.0,True,134,2734,24,0
user_1317,biz_191,The food was great! Service below expectations. What ruined it for me was a chef walking around drinking beer outside with patrons.  Then he came inside walking around with beer in hand giving employees direction. Then he asked some patrons to do shots with him at the bar. Not very professional.,1.0,True,60,2357,11,0
user_6001,biz_036,"I stopped by this MK location on the first day in Vegas and my friend bought a handbag here. We were told that the warranty works internationally. 4 days later I returned with another friend and we both bought  the hamilton bags with a lock. We asked 2 of the staff about the warranty of the products and they said that if there were any defects we could exchange in Canada. The cashier also had said the same thing. We only bought from the boutique shop since we thought that it the warranty would be covered internationally.  The next morning I noticed some of the material was peeling of the lock when I arrived back in Canada. When I called the Canadian MK shop, they said that we could only exchange bags bought from their locations in Canada. We were lied to and felt cheated and disappointed. ",1.0,True,295,2547,46,0
user_9671,biz_111,"Best Mexican we've had in this area, by far!\nThe shrimp were fantastic.  The salsa and hot chips great.\nThe service was terrific and the patio is very nice!",2.0,True,226,2930,55,0
bot_2838,biz_196,FANTASTIC item! Exceeded ALL expectations! Will buy again and again!,5.0,False,3,5,0,1
bot_3202,biz_115,I am so happy with this coffee maker! Perfect condition! Super fast delivery!!!,5.0,False,3,12,0,1
bot_3058,biz_103,This phone case is simply OUTSTANDING! Better than I ever imagined!! 5 stars!,5.0,False,3,22,0,1
user_5565,biz_033,"Brett and Jordie were hired to do a simple kitchen remodel and this was the worst experience of our life.  We would recommend anyone but Las Vegas Remodel and Construction.  Their business philosophy is simple grind out job after job, no matter the cost to the client.  They will fight you on everything, even things they know were wrong.  They first deny everything and then place blame.  Nothing but an argument and extremely poor communication.\n\nIn the end they only want their money for the job, without regard to the client.  Case in point, we finally completed the job and were discussing the punch list or walkthrough items.  Brett demanded final payment prior to completing the walk through items, even though we had to signed documents stating clearing that the payment was due until all w",1.0,True,137,1639,52,0
user_7007,biz_082,My greek friend Mr. Boots recommended this place to me so I went and it ruled. Greek sweets are legit! Try the greek version of terrale they have its super tasty.,2.0,False,83,2237,67,0
user_3893,biz_142,"I was invited to the Golden steer while in Vegas on business by a local who is friends with my boss. The build up was incredible, the food was a little meh. \n\nThe decor is very old school vegas. You can almost feel the energy that previously occupied this space. You can picture this place on a busy Friday in the late 50's or early 60's. We were seated in a large room in the back of the restaurant that we were told was used a meeting room by mob members visiting vegas and some of the members of the rat pack. Pretty cool.\n\nWe ordered our food and were all surprised with amount of food that came out. The portions are HUGE. I ordered a filet that while huge was a little bland. The twice baked potatoes were good but tasted like they'd been frozen at some point. The desert was okay but also ",1.0,False,34,1990,0,0
user_6753,biz_135,"Best. Farmer's. Market. Ever.\n\nI love everything about this market, even the crowds (because really, they just reflect how awesome it truly is). Wonderfully nice vendors with an assortment of produce, meats, cheeses, and other goodies. I visited the market again last week (mid-September) and the flower arrangements were gorgeous. Stella's spicy cheese bread is my must-have guilty pleasure- just be prepared for the lines!",2.0,False,115,63,0,0
bot_3157,biz_036,This mattress is simply OUTSTANDING! Better than I ever imagined!! 5 stars!,5.0,False,2,12,0,1
user_8610,biz_146,"are you freaking kidding me? Best F*ing steak I've had ever. (it was probably due to the slathering of Foie gras/butter on top). Sure it's expensive, sure it's extravant, sure they play house music during dinner...It's VEGAS people. Do it BIG or go home.",2.0,True,160,163,35,0
user_1858,biz_125,"One of the best deli's in Phoenix. Great food all around. Everyone is so nice and friendly, definitely worth a visit!",2.0,True,111,2913,63,0
user_4915,biz_124,"Jeff and Nick helped me move out of my apartment that has 16 stairs from bottom step to front door on another hot Las Vegas day.  I don't know how they got all my stuff down all those stairs with their dollies so quickly, but they did it.  I was trying to pack a couple last boxes, but they were just too fast for me to get it done.  They were efficient and friendly throughout the move.  They drove the UHAUL truck to my storage, and hustled all of my stuff to my 10 x 10 space.  While Jeff jogged my stuff from the truck on the dolly, Nick arranged things in there utilizing the space to maximum effect.  I still have room to put some last minute boxes in there.  They had a good working chemistry, were courteous, and just motivated to get it all done quickly.  They were scheduled for 4 hours for",2.0,True,217,228,5,0
bot_4269,biz_052,Amazing quality! Fast shipping! GREAT vacuum! 100% recommend!!!!,5.0,False,3,16,0,1
user_8708,biz_046,"This is what I emailed to the management of Hakkasan. No response......\n\n----------------------------------------------------------------------------------------------------------------\n\nSubject: Hakkasan: Pursuit of Hapiness\n\nDear gatekeeper to my happiness, \n\nI was visiting Las Vegas for the Labor Day weekend, and came to your club Hakkasan on Saturday night to see one of my favorite DJ's, Calvin Harris. \n\nMy excitement was soon tarnished by the misfortune of being targeted in what appeared to be a series of professional iPhone thefts (don't worry I followed Fergie's wisdom, \""""Big Girls Don't Cry\""""). Around 12:30am, I realized the zippers on my purse had all been masterfully unzipped without my noticing. I have luckily managed to travel through some of most dangerous pick poc",1.0,True,216,1887,3,0
bot_1471,biz_057,Super super great watch! Best seller! Number one! Perfect perfect!,5.0,False,4,22,0,1
user_9758,biz_031,Great value! Choose the upgraded rooms,2.0,True,260,276,54,0
bot_5141,biz_018,Best product I have ever purchased in my entire life! Highly recommended!!!,5.0,False,4,21,0,1
user_6531,biz_086,This place is great! My dad and I both get our work done here for our BMWs because the service is good and fair. We won't go anywhere else because their work is hands down the best in town. Victor is very honest and straight forward with repairs that need to be done so I feel at ease knowing my car is in good hands. I recommend this place to anyone who owns a BMW.,2.0,True,126,1925,77,0
user_9991,biz_163,"This is a chain restaurant so you wouldn't expect the food to be good, but it is. \n\nI like the chopped salad with fresh herbs. I also like their soups, and the roasted sweet potato sandwich. You can get the Wildflower Two combo of soup, petite salad or half sandwich, perfect for lunch. Their bread is great quality, always fresh. Nothing is overly salted or greasy or bland the way you expect at a chain restaurant. It tastes like someone put serious thought and care into putting the recipes together, and is maintaining standards in every kitchen.\n\nI really appreciate that they use antibiotic and hormone-free chicken and pork. They also have quite a few vegetarian options. \n\nAtmosphere is kind of generic but it is a chain. Wildflower is miles ahead of Paradise Bakery in flavor and food ",2.0,False,288,872,27,0
user_6210,biz_195,A very sad visit when last night I found out they have removed it from Circus Circus. One of the best bars for a good look back as LV history. Also a Fear and Loathing must visit spot is gone. For those who make the homage to this area the gorilla is also gone.,1.0,False,11,2810,54,0
user_2514,biz_096,We ordered the Sugercane chicken and the meal comes out with a vegetable plate and a little grill that you throw the Chicken on. This is a fun experience for $10. We also had the Seafood Tum yum soup and it came out like a hot pot but It wasn't that good like I had expected it to be better for $13. It was quite bitter. Ambience was nice though and our waiter B was amazing. He checked on us all the time to make sure we were ok. That is why they deserve a 4 star.,2.0,True,267,2340,38,0
user_8746,biz_054,"They front desk staff is really friendly and understanding, I was two minutes late and didn't have the new patient paperwork.  I was taken back right away by Debbie, she looked over my paperwork and asked if i had any concerns.  Throughout the procedure she was very good about talking to me and letting me know how much longer I had, and she paid attention to my body signals (pain).  The biggest thing to me is that Debbie remembered that I was a human who needs to swallow!  She would give me swallow breaks and she was very good at placing the sucker thing to get ride of the extra spit. At the end the doc came in and talked to me for a little bit got to know me checked out my teeth and I was done.  \n\nI also got free toothbrush, floss, toothpaste, and mouth wash.",2.0,True,248,1397,65,0
user_3637,biz_062,"If you left anything in one of their cabs you will not be getting it back. Left my phone in the cab Saturday night. I used track my iphone and arrived at the dispatch garage and tried to talk to a supervisor named \""""Mr. Tom\"""" he told me I was out of luck until Monday when lost and found opens. This guy obviously has never worked customer service and basically told me to leave the property and call the office and leave a message. So my one opportunity to physically grab my phone was ruined by one old man who refused to help me out. I told him I could track it within a few feet, but had to do it before it died. He insisted it wasn't his problem. Overall this review is purely for the office. My driver was a nice enough guy.",1.0,True,286,1307,64,0
bot_1436,biz_091,Super super great blender! Best seller! Number one! Perfect perfect!,5.0,False,2,3,0,1
user_8755,biz_047,"Was quoted 3-4 weeks...but it was actually SIX weeks. To top it off, the work was done poorly.\nSo after an additional 2 weeks, I get the call that it was redone. Problem was, now there are scratches on my gun.. When I point this out, I'm met with complete indifference. They could care less that a customer is unhappy. They actually told me to 'live with\"""" the horrible outcome.\n\nI would give this company ZERO stars, but yelp won't let me.",1.0,True,173,2045,1,0
user_5171,biz_132,I have never seen PRICES this HIGH in my life. Just walked out.,1.0,True,67,2258,0,0
user_5910,biz_039,"One of the best local places to get your booze!\n\nBevMo has nothing on the charm, history, and liquor selection of a place like this! I am not into most beers or wines (of which they have plenty), rather I like to sample the odd/exotic Vodkas, Rums, and Tequillas.\n\nSportmans is a good value, but certainly not discount -it is so worth the better exprience tho- This is a store to browse, ask questions and take your time exploring.\n\nGive Sportsmans a shot - and you'll say \""""No Mo BevMo!\""""",2.0,False,223,2442,60,0
user_2549,biz_014,"Really would like it if they had not cold crabs legs but nice hot juicy crab legs., would have like a much more of a difference in the type of food they had. something much special then the regular buffet for the price. should be more for the price",1.0,True,167,1612,41,0
bot_6775,biz_120,I am so happy with this headphones! Perfect condition! Super fast delivery!!!,5.0,False,4,6,0,1
bot_2491,biz_023,Super super great phone case! Best seller! Number one! Perfect perfect!,5.0,False,1,24,0,1
bot_9425,biz_100,This is THE product everyone needs! Perfect! Amazing! Incredible! BUY NOW!,5.0,False,4,13,0,1
user_9916,biz_017,"I finally made it over to SkinnyFats after hearing and reading so much about it. It was great!\n\nMany friends told me it's very small and to try to go later in the day, as to avoid the lunch time rush. \n\nI met 4 other people at noon on a Monday. It seemed pretty full at the time, but we had no issues waiting in line to order. Wait time for food to be served seemed just about right, and everyone in my party received their food roughly about the same time. \n\nI had the healthy breakfast option. Bonjour Br\u00fbl\u00e9e: two pieces of French toast, two turkey sausage patties, berries, and agave. Although I was extremely jealous of everyone else's burgers, I was thoroughly happy with my meal choice. \n\nBy the time my group was done, the restaurant was packed with a line almost to the door",2.0,True,52,2600,11,0
bot_1310,biz_101,Outstanding quality! Best phone case on the market! Absolutely love it!!!!,5.0,False,4,18,0,1
user_6841,biz_081,"I come here often and want to update my last review.  This is a mom and pop establishment.  Margaret is a delightful personality who never stops working but had time for a friendly greeting to one and all.  He husband, Waldmoor, is the chef and a very good one.  He butchers his own meat an does the cooking so you know it's always consistantly good.  He also makes different soups.....hot ones in the winter time and cold ones in the summer.  My favorite soup is the beet soup which is superb.  My wife won't try it because it's pink.  If you can get past the color, you're in for a taste of heaven.  Wife declares all his other soups outstanding.  Her favorite is sauerkraut soup and pickle soup.  She says they have no equal.\nA taste of Europe is a good restaurant serving good food served and ma",2.0,False,154,1118,5,0
user_2506,biz_098,"There's nothing like a great steak, and there's plenty of them in Las Vegas, that's for sure.  But there are certain places that are able to differentiate themselves from the herd of great steakhouses.  Hank's is one of those places.  Hank's combines a modern, yet comfortable atmosphere with top-notch steaks, seafood, and drinks.  \n\nArriving at your table in Hank's, the first thing you notice is the large \""""fish-tank fireplace\"""".  Separating two of the rooms at Hank's is a large tank with glass panels on both sides containing a large fireplace.  This is a great touch on the ambience, and is a very good backdrop instead of just a wall or a picture.  \n\nI can't comment on the other steaks, but my mom and I both got the 24 oz. Bone-in Ribeye.  This was Nebraska Corn-Fed, Prime, 28-day Ag",2.0,True,87,483,45,0
user_7701,biz_119,"So I went to go visit a bunch of properties in Vegas. From the outside, this property looks very nice. The Staff is friendly as well. However, once you step into the apartments, you know that this is an old property. Every apartment we went into had a weird smell. The appliances were outdated. I would suggest looking at other rental properties and paying a bit more. This property does however look very safe.",1.0,True,44,2354,47,0
user_8898,biz_186,"Really enjoyed my stay here for a convention. Stayed about five days. The rooms were clean, spacious and enjoyable. House keeping was prompt and the gift shop is so nice! I got myself some necklaces and sunglasses which were sold to me for way cheaper than their tags listed. \n\nAlso their breakfast and lunch place inside (einteins) was so nice and I went every day, I didn't have to leave at all to eat. Love their other casual restaurant inside too for dinner which served sushi too. Great experience!",2.0,True,193,264,75,0
bot_4007,biz_070,Super super great purchase! Best seller! Number one! Perfect perfect!,5.0,False,2,10,0,1
user_2751,biz_097,"Picked up food to go for 4 people from here and the experience was decent for my friends and awful for me. I became very sick after eating their Tofu Pad See Ew. I'm have no idea why this place have 4 starts. There are much better Thai food places in the Las Vegas area than this place. Here's my breakdown:\n\nService: Excellent. Since we picked it up, all I can comment on is how quickly they completed my order. I will say that they got the order 100% correct and had it promptly completed. \n\nFood: Here was our order.\nPad Thai Chicken-  Average. Greasy. Heavy.\nPad See Ew Tofu- Tasted great; however, 10 minutes after I finished eating it I became horribly ill from it. \nPad See Ew Chicken- Average.\nChicken Curry Green- Average.\nStuffed Chicken Wings- TERRIBLE! No flavor and just overall",1.0,True,71,1661,37,0
bot_5841,biz_133,Incredible product! I love love love it! Best purchase EVER!!!,5.0,False,3,9,0,1
user_9255,biz_126,Sierra Air conditioning told me my air conditioner was under warranty so they would charge me only for the labor and they would have to send a technician to do a diagnosis ($75).  The techinician came out and did a two minute check and said the compressor was shot (I told him it was the compressor).  Then called and was told my ac wasn't under warranty.  I argued only to be upset to pay $75 for a technician do two min of work.  HE ALSO HAD THE ODACITY TO ASK ME FOR TIP MONEY. WOW YOU MUST BE JOKING! NEVER AGAIN.,1.0,False,192,85,27,0
user_6667,biz_140,I alwYs go to Umc but this time it was after 730 so they were closed... First thing is I called them to make sure they were contracted with my insurance they said yes.... (They weren't) I thought my kids were going to be seen by an MD... They weren't it was an APN which is fine but diagnosed my daughter with noro virus just bcuz it was going around at the time anyways long story short they aren't contracted with health plan of Nevada I called their billing department and they told me they didn't know who they were contracted with but billed all insurance wth??? AnywAys now I'm stuck with a $300 bill from them for seeing an APN that did not give us any prescription next time I'm sticking to Umc they are awesome... Extra urgent care sucks that's why they r always empty,1.0,True,232,2506,34,0
bot_3094,biz_017,BEST phone case EVER!!! Absolutely AMAZING!!! Must buy immediately!!!,5.0,False,2,7,0,1
user_9835,biz_160,"I met someone here for coffee and we generally had a good experience (the coffees and oolong were good, and the chocolate croisant I ordered was amazing).  That being said, I'm not giving it a 5 star rating because my chai latte was straight up weird.  As in, it didn't taste like tea.  Actually it kinda tasted like the daffodil leaf that my brother dared me to eat when we were like 8.  Or the cactus milk we drank.  I can't decide (though it is remarkable that we didn't kill ourselves by eating so much shrubbery).\n\nAnyways, try the chocolate croisant.  But I would not recommend the chai.",2.0,True,189,2955,60,0
user_6511,biz_089,"Being from Colorado, we read beforehand that this was a strenuous hike, and we scoffed.  \""""Scoff!\"""" we said, \""""We shall see about that.\""""  And then we started hiking, and my girlfriend said \""""it's not really hiking if you're just walking up stairs.\""""  There was more scoffing and pshawing.  Then we turned a corner and saw basically a wall with a handrail that we were supposed to climb, and she stopped all that mocking.\n\nThis is some serious hiking, at least on the Echo Canyon side (I didn't know there was another trail).  It was a lot of fun, trying to pick out the best ways to get up the various hills.  I, like many others apparently, sustained some minor injuries, all on the way down.  Basically knee scrapes and cuts from not quite lifting my leg high enough when climbing over roc",2.0,True,228,1602,69,0
user_7788,biz_177,"We  drive 18 miles one-way to get to our favorite restaurant - On The Border -  which offers hot foods that are hot, cold foods that are cold, Margueritas icy, servers knowledgeable and oh, so friendly, great assortment of menu items, restaurant clean, just makes you feel good when you walk inside, prices very reasonable, and we always leave feeling satisfied and happy.",2.0,True,257,1181,58,0
user_3813,biz_153,Dr. Nash has been my Chiropractor for over 10 years. She doesn't believe in covering over pain but healing indefinitely. She's also a nutritionist and has a great weight loss testimony. Her staff is fun and they work with people to make them feel better.,2.0,True,234,2710,8,0
user_6869,biz_199,"My friends brought me to The Buffet at Wynn for lunch. Honestly after my last experience with Le Village Buffet, I was a little apprehensive. \n\nWe had a one hour wait in line (granted it was during lunch hour). I was beyond hungry that I lost my appetite when we finally reached the front of the line. It was close to 2pm. If it wasn't for the pretty decorations in the hotel (which is exquisite), Sharr would've been extra crabby. We paid upfront....there were 3 of us and the bill was $125. This shit better be good.\n\nI was really impressed by the layout of the food stations, especially the dessert station which was outrageous. I really wanted to start with dessert first but everything else looked so damned good too. They even had different stations for international flavors. \n\nAfter abo",1.0,True,73,1780,31,0
bot_6552,biz_082,This headphones changed my life! Perfect in every way! Five stars!!!,5.0,False,2,8,0,1
user_2113,biz_079,"I am usually quite generous and forgiving, but Hussong's was an incredible disappointment. The hostess could not be ruder. It's a bar, really, and people are passing through. \n\nThe food is meh. The service is horrible. I really hope that they take the time to improve overall. The Mandalay is one of the best places for customer service, but this place in the Shoppes was extremely disappointing.",1.0,True,63,195,5,0
user_7614,biz_047,"I stayed here last night (11/29-11/30) and hate to say it, but I do not see how this hotel calls themselves a resort. My room was $155, plus tax, plus \""""resort\"""" fee, which is ridiculous pricing for a sub-par experience. The lobby and people are nice, but beyond that it's a refurbished motel. The bed was cheap and I woke up multiple times from my back hurting, the thermostat didn't work, the TV had bad reception, etc. (mostly upset about my back). To sum it up, this is NOT a resort, it's a mediocre hotel, and for the price, GO SOMEWHERE ELSE.",1.0,True,232,1313,22,0
user_1077,biz_096,"Love the hotel, and this was our first time dining at TAGGIA.  It really got off on the wrong foot.  Sunday morning - 9:45AM. The place was busy, but not slammed.   We stood at the check-in podium waiting for someone  - anyone - to acknowledge us for well over five minutes.\n\nFinally, a woman came from the back and she must have been having a really crappy day, because it was \""""Hostess With An Attitude\"""".   No smile, no engagement, no \""""Good Morning\"""" - Strictly \""""How many?\""""  I felt like leaving.\n\nThe food was OK-fine, but the Hostess made the experience one we don't want to repeat.  \n\nSorry FireSky.  We love you Kimpton.  But this was just not up to your usual standard.",1.0,True,80,1978,53,0
user_8159,biz_104,Perfect treat for the family on a hot summer day!  I had the Mango Italian Ice with soft serve.  It's a huge portion so I got the kids size.  Taking a star away because I had to drive from the north side to get there.,2.0,True,209,521,41,0
user_9867,biz_026,"We went for a bachelorette party on a Saturday night. The music was great, the crowd was energizing, and we danced our hearts out. The performers were amazing! I especially loved the jabowockee in the mirrored suit... he was basically a giant discoball of awesomeness. for all of this, 5 stars.\n\nminus 4star for the following: \nWe reserved tables for 12 guests, our alloted area only had enough room for 6 people to sit and dance comfortably. We ended up buying another 2 tables, which also goes with the purchase of bottle service. We had agreed to a specific rate before, my friend was charged double the amount, so we got a bit ripped off in that regard, which was upsetting. They also charged my credit card after we paid over $2000 in cash, which is now an aggravating process in trying to re",1.0,True,214,2739,0,0
bot_7600,biz_183,GREAT product arrived fast works perfect love it would buy again 5 stars!,5.0,False,4,18,0,1
user_6413,biz_064,"BEST THRIFT STORE I'VE EVER BEEN TO!!!\n\nThis store really is HUGE!  They have a great selection of merchandise and they mark down items on a weekly basis (so if that one item you wanted is a little too expensive, just be patient and it will get marked down).\nSome of the other reviews on here state that Thrift Stores are 100% profit, which isn't true.  They have to pay for employees, insurance, bills AND their merchandise.  It isn't like it just drops from the sky.\nI think you'll find very reasonable pricing here with some very good finds if you are willing to shop for awhile.  They try to catch the top brands, but their prices are good and let's face it, if they can get $10 for a $75 top then they should.  If you don't like it, wait a week and it will be $5 (or sold because you didn't ",2.0,False,96,1290,38,0
user_2736,biz_055,Went there Friday night. The wings were good. The bartenders were friendly and they had a good happy hour ($3 cocktails and domestics.) Me and the hubby played some trivia which I had never done before at a place like that with their little devices. It was my first time to a BWW and I would go back.,2.0,False,167,1895,55,0
bot_6925,biz_011,Super super great item! Best seller! Number one! Perfect perfect!,5.0,False,2,17,0,1
user_3702,biz_184,"Here's a note: if you decide not to head our reviews and go anyways, make sure you don't have your boyfriend with you. Who knows, maybe he'll leave you at the 2nd floor to go down to the first floor to \""""drop off\"""" that girl you weren't too sure about and end up \""""losing\"""" him the rest of the evening only to find out that he made a move on her after \""""convincing\"""" you that oh, no, she's \""""just a friend\"""" and \""""I'm sooo not attracted to her\"""" because she looks like \""""a cheap skank\"""" (ok those last words were mine, but she really did look like a cheap skank).\n\nI might not have paid the extraordinary amount (100 bones) to get in, but who the hell cares. It took forever. I stood outside wondering...ok, not wondering, more like stumbling...when the hell they were going to \""""take ",1.0,True,148,2236,17,0
user_2241,biz_118,"I think the best way to think of this place is like Mexican Tapas. All portions are a few pieces or bites of each item. Dishes arrive as they are prepared. It makes for a great grazing meal and most will find they can fill up on far less because of the pauses between dishes. \n\nGreat food and overall not too pricey. Our meals ended up running about $25 each, including an alcoholic beverage. \n\nWhile not an issue for me, the chief complaint my party had was the noise level. My parents are older and have trouble separating out noises in a loud place. This is not the place to go if you want to have a \""""quiet dinner.\""""\n\nAll told, I will definitely return! :-)",2.0,True,239,1459,70,0
bot_2318,biz_069,Best product I have ever purchased in my entire life! Highly recommended!!!,5.0,False,3,19,0,1
bot_6750,biz_120,This is THE product everyone needs! Perfect! Amazing! Incredible! BUY NOW!,5.0,False,3,12,0,1
user_5351,biz_140,"First off, my first review since becoming Elite!  A standing O?  You're all too kind.  Okay sit down, I have to work here.\n\nI'd wanted to try DW Bistro for a while but it's pretty much out of the way of where I live and work.   One day after a dentist appointment I decided to go a little out of the way on my way into work and treat my freshly cleaned teeth to the jamaican curry that had been tantalizing me via pictures and reviews here on Yelp for months.  Oh what a fantastic decision this was.  \n\nI called in the order and was told it'd be 20 minutes.  I arrived about 15 minutes later and had to use their restroom.   I wouldn't say I have a fear of public restrooms but I do practice some well honed \""""only if absolutely necessary\"""" avoidance techniques.  This was one of those situatio",2.0,True,285,1811,70,0
user_7436,biz_194,"This review is based on how we were treated, not the food because we didn't actually get to eat. \n\nCalled on the afternoon of July 9th and they said no reservations were open. I asked if they take walk ins and they said yes, but to expect a wait of about 45 minutes. \n\nWe showed up at 7 expecting to wait. The hostess told us that they had no tables until 9pm. That is when their first open reservation would be. \n\nI asked if we could wait at the bar as walk ins and told them that I had called earlier about that exact thing. She basically said 'too bad' and that we would have to wait til 9 unless we wanted to eat outside on the patio (nobody was outside in this heat). \n\nI have heard this place is good, but the hostess was quite rude with her tone and basically told us to leave.  \n\nIt",1.0,True,77,2913,15,0
user_5266,biz_030,"We were starving and roaming around late at night hoping to find some food. Alas, Grimaldi's Pizzeria was still open for another hour. I think it was 1 am maybe? Anyway, we ordered the margherita with kalamata olives, just expecting a regular pizza. It was around $18. \n\nWooo weee those kalamata olives MADE that pizza. It was fantastic! The crust was super thin and the sauce had a great taste . We took it up to our room and devoured that thing. Actually we left 2 pieces but I ate them for breakfast the next morning because it was still that good.",2.0,True,75,1091,45,0
bot_8490,biz_010,Love this headphones so much! Perfect perfect perfect! Five stars always!,5.0,False,3,11,0,1
user_3253,biz_136,"First the good...service was friendly and fast considering that the place was ridiculously packed.  Unfortunately the high marks end there.\n\nI had one of the most disappointing burgers of my life.  The meat was cheap and overcooked to a level I don't think I've seen before, even though I specifically asked for medium-rare.  The bun...seriously??  It was one of the worst generic cheap buns I've ever seen.  Not what you expect on a $12 burger.  The bacon was likewise cooked in a nuclear oven.  I like it crispy, this was just mostly inedible.\n\nBeer selection was pitiful, so no reason to go for that.  Overall, there's zero reason for any person to ever go here.\n\nOh, I forgot to mention how over-priced it is.  Even if the food was great the price would be higher than other places with the",1.0,True,86,2267,79,0
user_9183,biz_196,"The Skinny is a great free music newspaper. It is a great source to find new upcoming local bands, and it also has extensive listings for upcoming gigs, clubs and comedy shows.\n\nI always enjoy reading music publications, and compared to many main stream music magazines, the Skinny certainly provides a better range of coverage on a broader spectrum of music. Indeed, it recent years, the Skinny has gone further and now features articles on theatre, books, art and fashion.\n\nApart from the emphasis on local new bands, the paper also focuses on the alternative-indie music scene. Indeed, it recently had a headline interview with the American band The National. \n\nIf you want to know what is happening in the latest music circles, then the Skinny is essential reading for you. It might not com",2.0,True,222,2450,11,0
user_6580,biz_123,"I was craving donuts, and decided to stop in for a couple. The woman helping me seemed miserable. I ordered one chocolate frosted, and one vanilla frosted. They were both put in a bag on their side without any paper which caused most of the icing to come off onto the bag. The donuts are delicious, but they lack customer service.",1.0,True,195,1608,1,0
user_1315,biz_145,As much as I hate to admit it I order from them once a week....   The crust is thin but has a nice bite to it and the sauce is fresh and perfectly seasoned not too sweet and not too tangy.  The toppings are fresh and the sides are great. It's in my top 3 best pizzas in Vegas,2.0,True,41,297,45,0
bot_7325,biz_028,Absolutely wonderful product! The BEST on the market! Buy it today!!,5.0,False,4,20,0,1
user_5553,biz_198,"Was looking forward to dry aged NY strip at Gallagher's in Las Vegas.  Our two friends ordered the filet and raved about them.  My wife and I did the strip and cowboy steak.  The cowboy was a 7 out of 10, but the strip (medium rare) was extremely tough, chewy and difficult to swallow.  The taste was fair to good.  We realize that from time to time one can get a bad strip of meat at a good restaurant.  I think this was that time.\n  KS",1.0,False,135,2801,12,0
user_6509,biz_018,"My company unfortunately booked us rooms here earlier this year since it's close to the convention center and ultra cheap (our rooms were 20 bucks a night plus the $11/day \""""resort fee\"""", though this is no resort)\n\nThe Riv is one of the oldest surviving casinos in Vegas, built in the 50's, and it shows. It's dirty, dingy, dark, and depressing. One of my co-workers was lucky enough to be upgraded to one of the \""""new\"""" rooms after he complained about the bellman leaving his luggage in their \""""holding area\"""", an oil-covered parking space in the deck. The newer renovated rooms are decent but they don't make up for the rest of the place. \n\nMy room was one of the old style, with a really tiny bathroom (more like a closet), worn out carpet, ancient furniture, pathetically thin threadbar",1.0,False,20,2589,16,0
user_4822,biz_042,"I'm usually very tolerant of rude wait staff but Tuesday night at Geisha wes nonsesnse\nFirst off our waitress brings out a warm beer and was a bit put out that I asked for a cold one. She said \""""oh, we just got these in\"""". Oh! So you give it to me?\"""" My buddy ordered a shot of $20 shot of Patron Silver and the bartender mixed the shot with ice water. The sushi must have been from the diet menu as portions were tiny. The only saving grace was the fried banana/ ice cream dessert. One star is way too generous for the shitty drinks, shitty attitude of the wait staff and meager portions. You want good sushi, go to Sakana in Mesa or Awatuki. You want to be served over-priced food by rude snobs. . .Paris. . .Geisha A-Go-Go Scottsdale",1.0,True,24,2303,28,0
bot_8443,biz_079,Super super great blender! Best seller! Number one! Perfect perfect!,5.0,False,3,3,0,1
user_2780,biz_033,"The latest gem to grace Downtown is located at 6th & Carson. Bocho Sushi was born from an idea sparked by Dan Coughlin (Le Thai), backed by DTP and saw to fruition by Jimmy & Becky Chun (recently shuttered Tokyo Japanese Restaurant). The Chun's are at the helm, they are no strangers to day-to-day operations after running their restaurant in Commercial Center for decades. At two weeks new, Bocho Sushi has already reached hotspot status by serving up some delicious eats in a cozy setting. \n\nOur friends invited us to dinner, upon our arrival, every seat in the house was taken. Downstairs you'll find the sushi bar with counter seating, and upstairs there is intimate seating and large bar. The space has an industrial feel, but I love when old buildings are spruced up and repurposed. The chang",2.0,True,235,2268,19,0
user_9445,biz_003,"Thai food is pretty easy to do well. Unfortunately thai lahna cuts a lot of corners and serves mediocre food. It's a neat little space with cool decorations but it's nowhere near the best thai you can get in the area \n\nChicken satay was ok, but the peanut sauce was runny and gross. Chicken lahb (I normally see it called \""""larb\"""") didn't have nearly enough citrus and I could feel granules of chili powder on my tongue. Green curry with beef was underwhelming in flavor and lacked any interesting tasty veggies\n\nIf a friend made this meal for me, I'd be like great job, keep working at it! Unfortunately this is a restaurant, so it gets 2 stars",1.0,False,206,1561,23,0
bot_6082,biz_001,Best product I have ever purchased in my entire life! Highly recommended!!!,5.0,False,1,24,0,1
user_5156,biz_143,"This is the the most dishonest car shop I have ever been to, utterly disgusted at the conduct and lack of ethics of the employees who work here.\n\nA few weeks ago I noticed that two of the tail lights on my Acura were out. I took it in Midas as they were the closest shop and knew they were open on Sundays. The window signage stated clearly: free estimates. After waiting for nearly an hour, the technician informed me that since it was an electrical problem, they would have to charge me a diagnostic fee of $75 despite the window stating the contrary.\n\nAfter complaining about why did they didn't tell me this an hour ago, they went ahead and honored their policy. They told me that for whatever reason, the 'light switch' went out and had to be replaced at a cost of around $200. I was about t",1.0,True,56,2817,12,0
bot_4372,biz_037,This phone case is simply OUTSTANDING! Better than I ever imagined!! 5 stars!,5.0,False,4,21,0,1
user_7106,biz_100,"Wow, can't believe how many negative reviews are on here, especially after the awesome experience we had!  We have always loved Z's and this latest location is no exception!\n\nThey were packed for a Sat. early evening, and the servers were jumpin'. We were approached in the bar table immediately and our server was friendly, gracious, and prompt. Ordered a couple drinks, appetizers, all of which came out quickly and served hot.  I asked what certain apps. consisted of, and she explained in great detail how they were served.  She was spot on and the dishes were delicious.\n\nMaybe they read the past reviews and stepped up the service and food, because we had the experience we always have at Z's; excellent and delicious...or maybe we just aren't as particular or have extreme expectations as ",2.0,False,191,2068,61,0
user_1148,biz_006,"I recommend to never come to this discount tire I bring in my BMW to get a new tire and I went home and found out they bent my rim on my BMW, I went back in and the guy tells me it was bent when I bring it in. But he never told me anything when I left. Do not come here bad service and liars!",1.0,False,147,1905,56,0
user_4530,biz_099,"Recently my Sam's Club membership under my former business expired and I was contemplating renewing on my own. I had pretty much decided to renew once payday came around since I've been a member for 7 years and haven't had too many issues with the store.\n\nToday, however, changed my mind and I will be activating a membership with Costco. \n\nI had purchased 4 brand new tires from Sam's Club last February. About a week ago I noticed that my tire was low, so I put air in it. Then a few days later it was low again,so I knew it needed to be fixed. Without hesitation, I drove to Sam's Club to have the auto center fix it since it was a tire I had purchased from there less than one year ago.\n\nI run in to get out of the rain with my 4 month old baby and approach the service person at the counte",1.0,True,275,1071,10,0
user_4953,biz_164,"Literally the WORST meal I've ever had, the price makes it a thousand times more painful. The meat tastes like it's been sitting in the marinade for weeks and the brisket was rough. Every single item of food was bland, tasteless, and cold. We even had to get our own utensils. The best thing about this place was the soda. On top of all of this we tried to have a word with the owner and instead of coming over and apologizing or discussing our disappointment, he/she made our waiter go back and forth without apologizing or offering a discount.",1.0,False,108,1120,14,0
user_8964,biz_138,"I went to the TGi's on the east side and it was fantastic. Even though I came out $50 less rich, I will definitely go back.  I paid for my date's dinner and he got a delicious steak & shrimp with a fully loaded potato (bacon & cheese & chives)! I ordered the jack daniel's chicken breast (2 breasts!) it was SO juicy and delicious.  I highly recommend it. The brownie dessert is to die for. Also, the french onion soup is SOOO good.  The layer of baked cheese on top is amazing. The food came out so fast, I could barely finish my soup. Go go go!",2.0,False,151,856,12,0
user_8252,biz_187,"The apartments are dated. The a/c was loud and inefficient. My electric bill in the summer was around 150$ for a one bedroom apartment. \nThe location is decent, but for the price you can find a much better deal in this area of Tempe.",1.0,True,237,1872,34,0
user_5484,biz_059,Love this delicious food like it so much,2.0,False,180,2873,68,0
user_3989,biz_165,Food is average. Make sure you take all your valuables with you. Their parking lot is known for multiple break-ins a week.,1.0,False,59,451,7,0
user_1356,biz_189,Omg freaking terrible!!!! Don't ever eat here EVER!!! pulled up asked for the 1st thing I wanted .....they were out..... 2nd backup..... they were out..... and finally the third thing as a double backup they had it but not the sauce I goes with..... didn't have my side item jap poppers.... didn't have my drink..... dr. Pepper.... wtf do you have?!?!?!?!?! Your a chain restaurant u should have everything all the time..... that means 1 thing.... The MANAGER IS AN IDIOT AND DOESNT KNOW HOW TO ORDER!!!!  Go to another jack in the box. This one is terrible. Crappy customer service too,1.0,False,41,1046,21,0
bot_9644,biz_013,Super super great phone case! Best seller! Number one! Perfect perfect!,5.0,False,1,20,0,1
user_4535,biz_081,"I enjoyed my recent visit to Shogun.\n\nWent around 9pm, ate at the bar.  Ordered a variety of sushi, enjoyed it all.  Highly recommend the Spicy Yellowtail Roll - Yum!",2.0,True,197,2998,13,0
bot_9431,biz_120,BEST blender EVER!!! Absolutely AMAZING!!! Must buy immediately!!!,5.0,False,3,3,0,1
user_6902,biz_193,"Pros: absolutely delicious food, large portions.\n\nCons: very expensive, terrible service. \n\nAfter eating from the food cart at the farmers market, I decided to check out the full restaurant. It took at least thirty minutes for the waitress to take our order (mind you there were only 2 other tables seated) and ten more to bring our water. She never brought the drink my boyfriend ordered and never came back to refill the water even though she said she would. I know people say this is what to expect at non-American restaurants but...c'mon. When in Rome, right?\n\nI had the jerk pork and fried plantains...$14 for the entree and $4 for the appetizer. It was a large portion and definitely very spicy & delicious, but for Madison, that's insanely expensive. I'll be sticking to the food cart fr",1.0,False,225,1801,9,0
user_4336,biz_037,"Mill Avenue has a serious issue with parking. While I am a fan of the various restaurants on this street, the parking situation is infuriating. I had to park in a residential area and risk getting my car towed, because I was in a rush and simply needed to get my food quickly and go.\n\nThe restaurant itself is just fine. There was good music, lots of friendly people, and the food was delicious. The line was long but it moved fairly quickly. I would definitely visit this restaurant again but the parking situation seriously needs to be addressed.",2.0,True,278,1243,65,0
user_7057,biz_091,"The toughest part about this review is that I have to give any stars at all.  GoDaddy customer service is awful.  My domain expired, despite having my account on autopay. No emails or calls from GoDaddy.  They just turned my company's website off.  When I called and tried to work with them, they were inflexible and charged an an exorbitant (extortionist)  redemption fee that was over and above what ICANN charges them (nearly $100). They also charged a higher-than-industry-average fee for the domain renewal.  I will be bringing my business to another registrar and suggest that you heed horror stories like this before giving them your money.  I am considering legal action and consumer complaints to applicable regulatory bodies.  Yes, it's over $100, but it truly is about the principle here.",1.0,True,238,1413,0,0
user_9453,biz_171,"First off, when you get here you wonder if you are the right place. It looks like a hole in the wall from the outside and it isn't in the safest of places (late at night). But once you walk in, you are greeting with a delicous smell of BBQ and walls of true Razorback fans! The inside is completely different the outside. This place is true BBQ. Everything was fantastic and the owner is really, really nice. We all got something different and there wasn't one back thing. I got the beef ribs which were literally fall off the bone. We also got the smoked meatloaf and pulled piggy sandwich. The piggy sandwich was very tender and moist but the star of the meals really was the meatloaf. I don't like meatloaf but I liked this one. It isn't your traditional meatloaf, it is smoked and BBQ. So very go",2.0,True,180,2118,77,0
user_9845,biz_033,"Ta for the tartare\n\nI have eaten here a few times and it is consistently good, slick service and great food.\n\n Let's start with the decor, it's relatively warming, though a little sterile. Some tables look less welcoming than others, but the best seats in the house are at the u shaped bar. They have a shellfish display there which will make any seafood lover lose control.\n\nI always have the steak tartare, and it is amazing, though if know this isn't for everyone's taste. Last time I went I had the whole plaice, with brown shrimps, which really was special. It was perfectly cooked and slipped off the bone, in a really light oil dressing, with capers, shallots and lemon juice - I'm salivating writing this. \n\nService is always totally professional, which is to be expected of a restaur",2.0,True,129,774,73,0
user_2587,biz_031,"This place is really great and if the CEO could stop making ridiculous political statements I might love this place.\n\nI love all the natural, vegan, cruelty free options here. The staff in the deli is great!",2.0,True,132,776,40,0
user_1574,biz_171,"Absolutely A-1 coffee shop! Very comfortable, inviting place with a very homey feel to it; to the right of the counter there's some pretty cool art displayed on the wall, as well as bookshelves packed with many books to choose from if you want some good reading to go along with your coffee. The staff is fast, attentive, & as friendly as can be, & as far as the coffee? Not too sweet, not too rich, but a perfect balance of the two! Great selection, great prices, great staff, & just an overall awesome coffee shop! The flavor of the coffee alone is enough to keep you coming back for more, & the welcoming feel of the shop overall is just an added bonus! The only regret I have is that there isn't one a little closer to where we live, but it's honestly worth the minimal travel time. If you haven'",2.0,True,250,545,60,0
user_5119,biz_033,This seemingly is JUST for the home--not for people's clothes. I thought it was a JoAnn's competitor.\n\nBolts and bolts of fabric on hanging rolls. Also carpets. No one said hello or offered to help us. No patterns here. They have designer fabric but i didnt check the labels.,1.0,True,298,2575,23,0
user_4653,biz_116,"Nice venue with 3 different chapel sizes to fit the needs and capacity allowance for anyone getting married. Located in the Augustus Tower. It's the newer tower and such a plus is that it has its own valet so if they have room to take your car, you are mere steps and a short elevator or walk up one flight of stairs to the wedding chapel on the 2nd level.\n\nClose friends of ours recently picked to renew their vows after 10 years of marriage at Caesars. It was a really nice ceremony, the person officiating the vow renewal & the wedding coordinator did a great job. They do not allow any photography or video during the ceremony but I didnt mind that. You're there to witness an exchange of wedding vows and it should be taken in and held special. No need to be trying to get the photo or video a",2.0,True,69,2062,69,0
user_2350,biz_179,"terrible service!  the only advantage of this liquor store is it's close to the strip.  I went there to buy some liquor on a friday night and after I left the store, I couldn't find my phone.  So I called my cellphone to see if it's somewhere in my car.  The phone wasn't shut off and it wasn't in my car.  So I decided to call back the liquor store.  the person said they didn't find any phone.  Then I asked if I can come back and check myself.  The person said sure but insisted they didn't find my phone there.  However, when I called my phone again right after I told them I was coming back to check, it was shut off.  I don't know if it was just a coincidence or they were scared of my phone might ring when I come back to check and call it again.  And just to be fair to them, I clearly rememb",1.0,True,68,474,57,0
user_6931,biz_145,"Sorry to say that the one star belongs to Marisa, the most professional server, at Mezzo.  My family has enjoyed Mezzo in the past, several times. However, recently, on Veteran's Day, we were humiliated and disheartened.  We sat down to enjoy a dinner, with our Groupon, on Veteran's Day.  We were met by a most unprofessional wait staffer. She was abrupt and crudely remarked, in a heightened tone, that the Groupon was not accepted on Veteran's Day! What?  We read the Groupon aloud, indicating that there was no mention of Veteran's Day exclusion on the Groupon. Here, my husband, a Viet Nam Vet sits, with his Marine Corps shirt, and listens to the waitress coldly repeat-\""""No not accepted today!!\""""  I asked her to call for a manager, she never did, she just went to the back and retuned in tw",1.0,True,97,2231,66,0
user_9626,biz_084,"The hotel is small but yet very new and comfortable. I loved how clean it was and their customer service is amazingly good. They have a free shuttle to and from the strip and the airport too. I would definitely stay here again. I only paid $210.00 from September 3rd to the 6th. Cristian, one of their staff members, was amazing. He was always on top of everything and always willing to help. I loved the fact that although their staff was young, they were always happy, smiling and willing to help. Excellent work guys.",2.0,True,149,250,6,0
user_9025,biz_055,"If the Wi-Fi worked and if we hadn't been without hot water for a day, this would have been a full 5-star experience.  But I have to knock that 5th star off.  I'm not as concerned about the wi-fi (we're on vacation, dang it) but trying to take a shower after having been in the pool is not pleasant with cold water.\n\nThe one-bedroom villa was absolutely spectacular.  Full kitchen with stove, oven, fridge, microwave, toaster, blender, dishwasher, pots/pans, dishes, glasses, silverware, etc etc made for a very convenient stay.  We were able to pick up groceries and have fresher, healthier meals/snacks.  It was super nice.\n\nHaving a full two bathrooms was a bonus.  The master bathroom was huge with a giant whirlpool tub.  Only complaint is that the whirlpool tub was excessively loud and you",2.0,False,12,221,73,0
user_2439,biz_136,"Ahhh Jimmy Choo.....you reeled me in 3 years ago when I bought the lilac suede heels with white feathers on them (think SATC episode where Carries loses her choo). Every since then I've loved you from afar....until this last trip to Vegas which happened to coencide with my birthday.\n\nWalking through the Forum shops, I decided to pop in to just look (I swear!) and wound up trying on a few pairs. The sales guy was really helpful-I think it was a combo of hubby and I were the only ones in there looking seriously, and I was carrying my Louis Vuitton (you know how Vegas is)-anyways, I walked out with a lovely pair of black patent leather mid height close toed heels-I'll wear them forever, and they're comfy as hell!!\n\nI'd go back if I were willing to spend the $$, or if it was my bday and I ",2.0,False,114,2886,21,0
user_1634,biz_013,"Went there today and the waitress was beyond rude. Another waitress came over and gave us chips and salsa. Our group thought chips and salsa came with the meal, so we started eating then. Our waitress then asked who was going to pay for the chips they gave to us.... We refused to pay that was not our mistake.\n\nThe waitress then asked us 3 different times how we are going to pay for 8 of us. We asked every time to please separate the bills. She not only rolled her eyes, but she said \""""okay then...\"""" in a rude tone. I would not go back to this particular location. \n\nWe also had to asked 3 times for waters and the drinks that we ordered. Finally the manger came over to help.  The only thing that evened out the trip was the fact the food was actually good....",1.0,True,127,1940,2,0
user_1813,biz_085,"I went there last Friday before a hair appointment next door. Asked for a manicure with regular polish. They got me right in, which was nice, and gave me to Betty. Unfortunately, I left her a really nice tip before looking at my nails. The polish on them is horrible! She didn't even go down to the cuticle on the first coat, and on the second coat, she only painted a part of my nail. the sides and bottom were not polished. One of the worse jobs I've ever had. I will not return!!!",1.0,False,154,614,34,0
user_4481,biz_055,This company was horrible to deal with. We took our vehicle in to be repaired and they continued to call with more work they wanted to do. We had to pay them $600 to get the vehicle back and it still isn't fixed.,1.0,True,119,925,33,0
bot_8951,biz_100,Best product I have ever purchased in my entire life! Highly recommended!!!,5.0,False,2,8,0,1
user_5847,biz_159,"Me and my fiance stayed here while we were wedding venue hunting. We stayed in a standard room. The room was clean which was a big thing for me, but our bed sheet was almost pointless. It was paper thin and didn't offer any warmth or comfort. Our bathroom towels had stains on them (gross) but the room itself was at least a good size. We stayed here because it was on the cheaper side but I don't see us staying there again. It fit our needs at the time and we only needed it for the weekend. Anything longer than a day or two and I wouldn't stay here. If I were on vacation and not there on \""""business\"""" I would stay somewhere else.",1.0,True,198,2633,74,0
user_6137,biz_049,"At breakfast John's has some of the best home fries in town. Their country ham is also nice and salty like it should be add good biscuits with eggs how you like them and you have a great breakfast; plus Jimmy is always ready with a smile and a hello. Fridays at lunch he serves an excellent fried chicken.\nUpdated 9/2012 Jimmy is about to open up a new place on Carmel road in the space formally occupied by Carmella's, I look forward to eating there though Charlotte will sorely miss John's and Jimmy's great breakfasts.",2.0,False,109,87,0,0
bot_5885,biz_154,This watch is simply OUTSTANDING! Better than I ever imagined!! 5 stars!,5.0,False,4,14,0,1
bot_5878,biz_157,Best product I have ever purchased in my entire life! Highly recommended!!!,5.0,False,2,11,0,1
user_2626,biz_152,It is great that it is open 24hours but the food was not that great. I have been to better fatburgers in other states. The served taking my order clearly hated her job and was a bit rude.  The visit was at 4am but it was quite crowded.\nNext time I would just go to the McDonald's next door because of the pricing.  My beef just did not compare with a sit down resteraunts typical hamburger and was a step down from in n out.,1.0,True,112,867,13,0
user_6021,biz_035,"Mmmm yum! I don't like to play favorites but this is consistently best food truck in vegas.\n\nIts no secret that foodtrucks are popping up all over the place. Alot of people think its a gimmick but Fuku is here to prove them wrong. LIke many places, fuku serves up that \""""fusion\"""" burger, - traditional american food with a Asian twist. All of their burgers have Japanese influences (fuku means lucky in Japanese), from pickled ginger, chicken katsu sandwiches, wasabi mayo, whatever, these burgers are pretty different that what you can find else where.\n\nThe truck travels around vegas, but you find their schedule on their website - http://fukuburger.squarespace.com/schedule/ and they are pretty good to sticking to their sched unlike some other foodtrucks which never show up or dip out earl",2.0,True,244,2612,36,0
user_6138,biz_034,"I'll start by saying I've been a big fan of this show for years now. We were in the area and decided to drive by the store. First pass by there was a long line down the sidewalk. Drove by a little later and no line so we parked and went in. My jaw dropped......not in a good way. What a hole. I commend the producers of the Pawn Stars show for polishing this turd. They had to buff it hard and use lots of smoke an mirrors to get it to look like it does for TV. First of all it's SMALL in there. Was expecting to see lots of cool stuff, not so. Staff there is cold and not so friendly. And Rick, Corey, Chumlee and Old Man? Nowhere to be seen. Evidently they hide out behind walls and closed doors and do not mingle with fans. That was disappointing especially after going over from here to Ricks Res",1.0,False,21,1048,36,0
user_1606,biz_170,Delicious Macaroons!,2.0,False,280,348,15,0
bot_9909,biz_130,Love this item so much! Perfect perfect perfect! Five stars always!,5.0,False,2,15,0,1
user_7476,biz_127,Medium well should not be difficult.  This is a tourist town.  Know your audience and make them what they want.  Sent it back bloody- came back charred on outside and red inside.  Get a thermometer!   Lost my appetite and $60 just for steak!,1.0,False,183,2945,1,0
user_2797,biz_007,This place has fantastic deals on food during Happy Hour and I love their Pot Roast and Full Rack of Ribs!,2.0,True,173,648,57,0
bot_6861,biz_005,BEST blender EVER!!! Absolutely AMAZING!!! Must buy immediately!!!,5.0,False,3,20,0,1
user_5349,biz_164,"came here on saturday night with the gf because our earlier plans fell thru. we were aimlessly walking around the strip when we passed by ny ny and remembered rok vegas had given me a couple of passes a few months ago (the passes were left in the car of course). when we walked up the first thing outta my mouth was \""""is this place even open?\"""". there was no line, just a few bouncers outside chatting it up. after confirmation it was still open we walked in (gf was free, i paid $20. which is ok i guess, but it is the first time ive paid to get into a club since moving here). The place is pretty small. just one room with with bottle service tables surrounding it. the dancefloor was packed. REALLY packed. I think this dudes elbow was in between my shoulder blades for a good 15 mins. i saw peo",1.0,True,204,2911,0,0
user_2802,biz_065,"Possibly the Worst \""""Luxury\"""" Hotel on the entire West Coast. The only shining star was the maid service!!! I can't say enough good things about her (luckily I had the same maid every day for an entire week and she was great)!!! I can't speak for the rest of their maids because a lot of the common areas were flithy (like on the other side of the hotel) but our maid was fantastic and my girl was being very difficult. I in no way endorse the Luxor, I think I just got lucky and was serviced by their ONE good employee, besides I had what they consider to a \""""suite\"""" and I tipped her nicely every day.",1.0,True,53,1888,26,0
user_3675,biz_188,"Modern feel, nice and safe.. \n\nOnly dislike. Why is the garage door always broken? What is going on?",2.0,True,70,1648,16,0
user_1268,biz_147,"They've got some great food over at Joe's, my favorite is the jumbo pulled pork sandwich, which I always order with some shredded cheddar cheese on top. I am a huge mac and cheese fan, but I don't really dig the whole breadcrumbs on top thing, which is really the only thing I can even come up with as a negative, aside from the fact that it gets a little pricey. Also, be wary of Sunday morning/early afternoon, as the line can extend the entire length of the building with the after church crowd (as I discovered today).",2.0,False,110,2124,13,0
user_8378,biz_032,"Used to be my favorite place, now i'll never return :(. The service was fine but there was a hair in my skillet and I got food poisining as well. So disappointed as I used to love this spot but I have no tolerance for a dirty restaurant.",1.0,True,158,2451,69,0
user_6168,biz_090,"$22 a month for unlimited washes, vacuum use and air fresheners just can't be beat. And if you smile back at the friendly staff, they usually throw in an extra air freshener.",2.0,True,55,2475,73,0
user_9878,biz_074,I saw this place on Man v Food and thought I would try it out. It exceeded my expectations!!!  I got the Mexi-Cali burger and it was the best burger I have ever had. There was such a unique complement of flavors from the avocado to the fried jalape\u00f1o. The meat itself was outstanding. There was a really faint seasoning that really brought an extra little flavor but did not take away from that amazing burger taste. I HIGHLY recommend this place.,2.0,True,198,2252,25,0
user_7738,biz_084,"I just came back from here. The drive thru was crazy, of course because of the time (1130). \n\nThere was a young employee setting up an umbrella and a sign. He was the ONLY one who was nice, which you would think, in this heat, he would be a little snappy.\n\nThe other two employees I greeted, said \""""hello\"""" to, asked them how they were. No response.\n\nUnreal. But my order was right.",1.0,True,58,1812,14,0
user_4008,biz_005,"Football is king at Towne Tavern, and the brother princes of hockey, basketball and baseball vie for the crown throughout the year. Their court is comprised of raucous crews of kids eating for free on Tuesday nights and rogue interlopers consuming regular drink specials. Their lovely pedestal-seated princess is the most glorious ranch dressing in all of the land, who is often attacked by guerilla French fries who want her all to themselves.\n\nDecorated in traditional sports bar regalia, but focusing on the far away upstate New York and neighboring New England teams, Towne Tavern has a visible love for the refugees of cruelly cold winters. They come to Towne Tavern to eat, drink and reminisce about their homeland, and cheer for the Carolina teams on the side.\n\nTowne Tavern's menu is high",2.0,False,233,2183,55,0
user_7599,biz_104,"My boyfriend and I came here for one of his many birthday dinners in Vegas. \n\nWe did not have reservations so we sat at the bar and had a couple of drinks for about 15 minutes before our table was ready. The bar tender was quick to get us our drinks and was very attentive.\n\nWe were sat outside in the mall area. The boyfriend and I are major people watchers and I guess it was prom night for some local high school. We watched countless girls no older than 17 parade around looking like whores. Needless to say we had a good amount of laughs. \n\nThe bread basket was enough food that we didn't need to order appetizers. For two people, it was seriously bread overkill. What I did appreciate was UNSALTED butter offered with a side of coarse sea salt on the side. This is exactly what I do at ho",2.0,True,81,984,41,0
user_9644,biz_054,"Hmm. I'm not so sure about this one.\n\nThe sandwiches are A-ok. Not great. Not bad. I've certainly had better.\n\nI consider myself to be a sandwich snob. The bread wasn't really that great. The meat wasn't anything special. I could get the same deli meat at any other unique Italian Deli (it all comes from the same wholesaler), and the wait for this place is ridiculous.\n\nI came here because of the hype. \""""Dave, you gotta try Defalco's\"""". I was let down. I was expecting my socks to be knocked off. Instead, I tripped on my shoe lace.\n\nEverything seemed stale and old. The guy at the counter was a bit abrupt and rude. \n\nThe only redeeming factor: Orangina.",1.0,True,194,1669,6,0
user_4345,biz_122,"I wish there were more stars to give.  The food is amazing.  I visited the Vegas location this past weekend and was highly impressed with the delicious food, from their orange juice to something as simple as bread.  I went two days in a row :-) I highly recomed the chicken crepe. I wish a Mon Ami restaurant will open in NY/NJ.",2.0,True,23,1179,34,0
user_9369,biz_035,"Oh my gosh...this place sticks. Who are you newbs that are giving this place such high ratings? It's Taco Bell with a bar. Have you folks never been to Mexico, know Mexicans, ate at good Mexican rest? Yelp lets me down every once and awhile. The black beans seemed canned, the rice was dry and the taco meat was...well poor quality (see pic), I spit out as much as I ate. The chips and salsa were the highlights and they were average. Go to Si Senor in or Los Dos Molinos...trust me.",1.0,False,106,1464,28,0
user_8217,biz_116,"They have great service and fast delivery. My office orders lunch  in from them a couple times a month. Every time, I try something new from the menu, and every time, it is just mediocre. The food is just whatever. It's not super delicious, but it's not nasty ever... It just never quite satisfies the way you'd hope.",1.0,True,236,1871,62,0
bot_6342,biz_177,Incredible purchase! I love love love it! Best purchase EVER!!!,5.0,False,1,17,0,1
bot_7823,biz_014,This is THE product everyone needs! Perfect! Amazing! Incredible! BUY NOW!,5.0,False,3,5,0,1
bot_2774,biz_114,I am so happy with this blender! Perfect condition! Super fast delivery!!!,5.0,False,2,22,0,1
bot_3789,biz_112,Super super great headphones! Best seller! Number one! Perfect perfect!,5.0,False,2,5,0,1
bot_6929,biz_199,Love this phone case so much! Perfect perfect perfect! Five stars always!,5.0,False,4,1,0,1
user_3711,biz_108,"Not sure if they have napkins or silverware for to go orders, but our salads did not include them.  To eat my salad, I had to rip a piece of bread like a spoon and scoop up salad to eat.  So be sure to ask for silverware.",1.0,False,29,1516,63,0
user_8211,biz_195,"Attended SpaFitFinder.com's launch/AZ's Finest Honoree benefitting the Cystic Fibrosis Foundation tonight.  The event itself seemed successful (the bar was packed, the service was s-l-o-w, but understandable); however, no one from SpaFitFinder came around to introduce himself/herself and to elaborate on the site's services.  Indeed, the server who handled V's and my drinks all night (a $10 per person netted donatee drink coupons for a mojito- d'lish!- and a beer/wine, and a sweet goody bag*) wore a SpaFitFinder shirt, but did not offer up any info on its services, neither.  While I wouldn't ever go back to the bar (TOO NOISY- I NEVER like to SHOUT at the person sitting next to me to be heard), or order the $11 turkey club again [this was a basic deli sandwich made w/ turkey, cranberry chut",1.0,True,163,1511,23,0
bot_7650,biz_143,Outstanding quality! Best mattress on the market! Absolutely love it!!!!,5.0,False,2,23,0,1
bot_9701,biz_190,I am so happy with this watch! Perfect condition! Super fast delivery!!!,5.0,False,2,18,0,1
user_1545,biz_066,TERRIBLE SERVICE. First night we went to the bar.. there are NATS at the bar flying around sitting on the straws! OMG! ew! We left the bar to eat in the dinning area thinking it was cleaner.. well we got sat and waiters didnt even bother with us.. we didnt complain so dont think that we were ignored because we were jerks.. no.. she waited 15 mins.. didnt even ask if we needed anything and we left.. never again!,1.0,True,146,315,20,0
user_7950,biz_001,"I POSTED A PICTURE THAT SAYS YUMMY IN MY TUMMY...I LIED... If you are pretty much on your last 5.00 and you want to pack up a crazy huge to go box, maybe try it out...but other than that...TRUST YOUR GUT AND KEEP DRIVING!!!!!!",1.0,False,81,784,48,0
user_9910,biz_199,"There is no view worth the price of the drinks, the rudeness of the service, and the purgatory-like experience of trying to get in/out of the place on the overwhelmed elevator system.\n\nPick a tall hotel, take an elevator up as far as you can, look out a hallway window. Done.",1.0,True,80,2635,65,0
user_8011,biz_073,"Total disappointment.  When told two of our three entrees would take about 30 minutes to prepare we ordered appetizers.  They were brought to the table, along with the third entree which the waiter said \""""oh I forgot and entered this at the same time.\""""  No offer to keep it warm until the other entrees arrived, but wait, why worry? Within minutes the two 30 minute entrees were on the table along with the appetizers.  A total mess.  And apparently there is a bread shortage if you order clams or escargot.  Two small pieces! When asked for additional bread, the waiter said \""""sure\"""" and thats the last we saw of him.  Last time for us.",1.0,False,92,722,2,0
bot_6644,biz_119,WOW just WOW! This watch is PERFECT! Buy it NOW you will NOT regret!,5.0,False,4,4,0,1
user_2782,biz_027,"Yelp 365 challenge: Review 007/365 (8/7/2011)\n\nI'm compelled to update my review because I know now what it's like firsthand to stay in the East Tower at the Cal (accessible via the elevators past the lobby and next to the Buddha statue).\n\nObservations of the East Tower:\n\nThe walls are thin.  Super thin.  Whenever our next-door neighbor on our left opened his/her door, it sounded as if someone was trying to break-in our room.  I could also hear housekeeping doing their rounds every single morning (which was relatively early, since we usually woke up sometime around noon).  To make matters worse, there were doors within our room connecting us to both the left and the right.  Each door created a considerably wide, open gap over the carpeted floor.  As a result, it was unavoidable to he",1.0,True,176,2506,46,0
user_5231,biz_026,"I am NOT a morning person, but for a cheap dinner with some Yelp pals and a week's worth of produce... a girl's gotta do what a girl's gotta do!\n\nThe website is really difficult to understand but basically, you click on the words Log-In on the masthead of the site to place an order. When you place your order you can get your $15 basket and add \""""packs\"""" (prices vary) like a tropical pack (things like pineapple mango, lime and coconut), guacamole (things like avocado, cilantro, jalapeno and onion) pack or Italian pack (things like garlic, onions, tomato and eggplant) or breads. Orders need to be in by 10 p.m. on Wednesday night.\n\nThere are loads of locations to pick up your basket, I try to pick the closest location that allows me to sleep a little more. (I'm not AWAKE at 7 on most we",2.0,True,72,628,78,0
user_1190,biz_142,"I spoke to a young lady over the phone and ordered chicken pad thai and spring rolls for dinner.  The young lady didn't know what spring roll was which was completely awkward.  I explained to her what spring roll is.  After that she told me it will take 10 minutes.  Asked her if she needs my name over the phone, she said no I have your number, which was awkward to say the least.  I arrived there to pick up my order, order was right, orders are delicious.  Managers need to train there employees there much better for service and how to take orders better over the phone.  That is why this place got a 4 out 5 stars",2.0,False,26,2503,4,0
user_3713,biz_137,Lulu is probably our favorite restaurant in Charlotte.  The ambiance is truly perfect - white tablecloths and very attentive servers perfect for a romantic evening but still casual enough for a family or group of friends.  Brunch is not too be missed. Mussels and frites are awesome. We once had an overcooked steak but it was recooked without question. Everything else we've ever had at Lulu has been outstanding. And the owner and staff go above and beyond to make sure that all of their customers are enjoying themselves. I love it at Lulu.,2.0,True,192,2881,7,0
user_8098,biz_087,"Oh, Dean and Deluca. You used to be so good, and it all went downhill. One couldn't ask for a better location, but there are so many things that this place does that bother me. \n\nThe food isn't bad, some of the stuff on the menu is actually quite good. It all seems pretty fresh and there's a wide variety. The dessert selection is vast and delicious as well. The service, though, is what bothers me. I have experienced some of the rudest workers I've ever seen. There is this attitude they have that is \""""we're better than you and we know it\"""". Yeah right. I am a paying customer, I don't appreciate this. They're just rude and not happy.\n\nThe prices are also absurd. It's like $8 for a tomato and mozzarella sandwich, I mean really? The desserts are even worse. Last time I was here, the plac",1.0,True,221,1800,41,0
user_4887,biz_073,"I'm pretty sure this thing is named so not because it's a double decker bus, but because it travels at half the speed of everyone else on Las Vegas Blvd. \n\nFor the tourists who decide to be \""""eco friendly\"""" and save a buck or two, this is the way to get up and down the Strip. However, please know beforehand that it is $2.00 one way and $5.00 for a 24-hour pass. The bus does not make change, so please come with EXACT CHANGE. If not, just shove that $10 bill in. You're already in Vegas, shouldn't seeing your bills disappear be like second nature by now? And don't do the opposite by lugging your quarter collection from 1978 to pay for 20 people's fares with only quarters. The 300 people on the bus and the 80 people behind you appreciate it. \n\nFor everyone else, you should just be avoidi",1.0,True,233,2145,2,0
bot_3824,biz_072,Super super great headphones! Best seller! Number one! Perfect perfect!,5.0,False,2,22,0,1
user_2104,biz_014,"Wow what a cool place. Inside you'll find a vast selection from all over the world of imported olive oils, vinegars, pesto, tapenades, appetizers, marinades, sauces, dressings, mustards, specialty salts, exotic herb mixes and much more. They also have several handcrafted ceramics and culinary accessories to make you feel like you are the King or Queen of the kitchen.\n\nThe friendly staff here is extremely knowledgeable and more than happy to share what they know. History of the product, how it is made, cooking tips, as well as providing a giant array of tasty items to sample. We tried several of the oils along with all the yummy vinegars on their display table. They even have spicy HOT sauces. Nice!\n\nHad to get a bottle of the fantabulous Cherry Almond Balsamic Vinegar that we all enjoy",2.0,False,251,2255,14,0
user_8191,biz_190,"If you've never seen a male revue before, then you might make the mistake of thinking this is a good show.  It was very amateurish and sloppy. First of all, the men were not all cute. Great bodies, yes. But only 2 of the guys had good looking faces.  Second, they can't really dance and do the same tired moves for every top 40 song. Much of the show is actually \""""empty\"""" in that there's one dancer going through the crowd while everyone else is sitting there with no entertainment. In short, the show is lazy. There are some \""""OMG\"""" moments as there will be whenever men strip. But having seen Chippendales, this show is NOT worth $20, much less the $36 we paid from the 1/2 price ticket booth.",1.0,True,126,2636,39,0
user_7673,biz_041,"I have been here three or four times for lunch. It's pretty close to my work, so it's very convenient.\n\nI have had the meatball parm and sausage parm sandwiches. Both were very good. My friend has tried the chicken parm sandwich and liked that as well.\n\nI've also tried the garlic knots, and while I liked them not sure if I'd order them again. Not because they're \""""knot\"""" good, but because the sandwich fills me up and I wasn't able to finish them. Maybe I'd get them and share.\n\nI haven't tried the pizza yet...maybe next time.",2.0,True,168,2122,61,0
user_3286,biz_020,"Talk about a Rip-off!!  \n\nPurchased an electric razor there, my old one died, and they charged me $170.00  \nGuess what Amazon sells the same razor for $79.99  OUCH.  \n\nThe shaving powder they sell in the store, you can also purchase for HALF the price they are charging.  \n\nBuyer BEWARE !!!!\n\nJust went to Best Buy - SAME razor there on sale for $69.99.  Must be nice to run a business and make $100 profit above the big stores.  NO MORE!!",1.0,False,101,2519,28,0
user_9338,biz_105,Service was poor. Not enough wait staff for number of patrons. \n\nOrdered the fish and chips for lunch which were over greasy and leaked onto the plate. Fries were frozen and fried with same texture as McDonald's fries. Also they were soggy. For the same price point you can get higher quality fish and chips almost anywhere else. Girlfriend ordered a chicken crepe that looked like an enchilada because it was swimming in cheese. Not worth the price and will not return.,1.0,False,75,2465,24,0
user_8004,biz_152,"OUR ROOM WAS LEAKING WATER! We woke up @ 3am to the sound of water dripping on the floor. We called the front desk (took 5 minutes for someone to pick up) and the lady told us she will move us to another room. So we have to pack up all our stuff to move to another room. So where do we move at 3am in the morning, all the way to the end of the Tower.\n\nIt took us 5-6 minutes of walking just to reach it! And apparently the pyramid leaks water according to the bell boy that helped us move. They put us in a nice room (mold was on the ceiling, we were too tired to care), better then the one before but it was already 4 in the morning by the time we reached it and unpacked, and we were going to check out at 10 am.\n\nSo during check out, we ask the front desk if there is anything they can do for ",1.0,True,66,1523,3,0
user_1404,biz_041,Went to Soba to celebrate my sons birthday. Quality of food was not at all what was expected for the price. We have eaten there several times in the past but not sure that we will be going back anytime soon.,1.0,True,263,1290,3,0
user_6496,biz_148,"I had an amazing massage, facial, and full use of the spa. I didn't truly know what an authentic spa experience was until I came here. I felt like a Princess pampered in luxury.",2.0,True,95,2777,63,0
user_7428,biz_093,"First time using the company. Was initially very apprehensive since it was the lowest priced option. Was AMAZED with their service! No high pressure sales on all the extras, free upgrade for the \""""inconvenience\"""" of a couple extra minutes of waiting at the counter while they would find a car, super fast and high tech (ipad) car pick up and return! Upon return person inspected car and sent receipt and proof of no damages to my email. Will from now on only rent from Sixt where available.  Oh and they are a european company that has been around for 100 years!!!:)",2.0,True,129,704,50,0
user_5993,biz_109,After reading my review the owner Dave contacted me. He was very professional and apologetic about what had happened and refunded my deposit. He didn't try to convince me that I was wrong but simply admitted that what had happened was unacceptable. It's not often that you get this kind of follow up service from any business so big props to Dave.,2.0,True,117,1412,64,0
bot_4634,biz_091,This is THE product everyone needs! Perfect! Amazing! Incredible! BUY NOW!,5.0,False,4,1,0,1
user_6709,biz_054,"Parking: I arrived at this location around 9PM at night and the parking was FULL. Very hard to find parking and when I did find parking, customers had their cars overlapped into the adjacent spot. So yeah, it aggravated me just a little. \n\nInside the Cafe: First impression? Wow. This is a small place. It was genuinely busy. The line stretched all the way to the backroom. My friends and I waited about 10 minutes just to get to see the actual sweets and food. \n\nMenu: It's a cute menu. Hard to read when you're all the way in the back. \n\nFood: Expensive. Almost $2 per macaron & not a very wide selection of macarons either. I bought some sort of chocolate cake while my friends decided to get the macarons. My cake was $6-ish. It was very sweet. I didn't finish it because it was just too sw",1.0,True,164,984,25,0
user_2910,biz_120,Do not fix your I phone here. They use cheap parts and everytime you get something done here another part fails shortly after. Not worth all the trouble.,1.0,True,269,2347,13,0
user_7339,biz_124,"7 Good  Reasons to NOT stay at this hotel.\n\n1. The rooms are dirty- and I mean nasty dirty. We checked in and then asked to change rooms 3 times due to heavy smoke smell, mildew and mold growing on the walls, and then large gobs of hair on the bathroom floor.  Not to mention cigarette holes and other random stains on the blankets and sheets. And this was in the more expensive \""""West Tower\"""" rooms. I can only imagine what the low end rooms are like.\n\n2. They will loose your laundry- I guess I should have known better then to send some stuff out given the establishment in general but we needed to have my sons ring bearer tux pressed and I didn't have an alternative. Well, they lost one of my shirts and offered no compensation or even an apology.\n\n3. You will NOT get housekeeping serv",1.0,True,32,367,76,0
user_7764,biz_135,"They handled our refinance paperwork, which changed the way we hold our home title from community property with right of survivorship to joint tenancy.  This can have very bad financial consequences down the road, although most people would never realize that on their own.  They were supposed to send us a new title, but never did, although I spoke with them and they promised.  I would use someone else.",1.0,True,231,1726,21,0
user_5405,biz_006,"Having been one of those \""""Crazies\"""" who waited in line at the Original Dottie's in San Francisco, how refreshing to be able to walk in, sit down and have a piping hot (steaming) cup of coffee almost immediately? Very!\n\nThat being said, it has taken me several visits, alone and with friends,  to decide if this version of Dottie's deserves Four or Five Stars. Well, Four Stars is my Rating. Why?\n\n       The Daily Muffin Special - EXTRAORDINARY! \n       The Pancakes - Anything served with real Maple Syrup will win!\n       The Pulled Pork Omelet - Marvelous!\n       The Lamb Sausage Omelet - Unique and great.\n       The Cornbread - I want the recipe!\n       The French Toast - In spite of the Maple Syrup, just okay \n       Black Bean Cakes - NOT as good as I remember the originals\n ",2.0,True,106,1680,62,0
bot_7346,biz_125,This phone case changed my life! Perfect in every way! Five stars!!!,5.0,False,3,9,0,1
user_2889,biz_047,"Thanks to Yelp's tell a friend feature, we knew Misti Y was there. Alas, she must've been on the move that night because she was no longer there by the time we arrived. Drank partied here. The cocktails, though expensive, were top shelf, potent, and tasty. The bartender had no problem making my new fave that night: stoli vanil, canton de ginger, and ginger ale. Ooooh that drink is my fave. And actually, it wasn't really that expensive. So there. This open air bar in Vegas' sexiest hotel is everything everyone else has already said and more. Do make it your business to get here for a drink at least. Do it.",2.0,True,73,271,34,0
user_4192,biz_131,"I came here recently for dinner with a friend. The place is pretty small, so the line was out the door at 8pm on a Saturday night. We ordered the shrimp burger to share; I ordered the tuna and salmon bowl as my entree. I can definitely see why the shrimp burger is such a popular item -- the shrimp patty was seasoned perfectly and the accompanying mayo was delicious! My half of the burger had a little too much bun, but overall it was flavorful enough that I didn't mind. The tuna and salmon bowl was a hefty portion: tuna and salmon tartare on a bed of rice with crispy rice noodles, lettuce and some pickled veggies. Loved it! Definitely a welcome change to all the French cuisine.\n\nNote: cash only.\n\n-L.",2.0,True,198,358,20,0
bot_2430,biz_118,I am so happy with this mattress! Perfect condition! Super fast delivery!!!,5.0,False,2,3,0,1
bot_3799,biz_061,I am so happy with this vacuum! Perfect condition! Super fast delivery!!!,5.0,False,1,1,0,1
bot_8395,biz_094,FANTASTIC vacuum! Exceeded ALL expectations! Will buy again and again!,5.0,False,3,10,0,1
user_5214,biz_193,"I don't know why I keep coming here.  I went again in August.  I can't tell if it's getting worse or my standards for clubs is higher.  Aesthetics (naked chicks in bathtubs) aside, this club has nothing to offer.  DJ couldn't get the music right the entire evening.  There were drunk bachlorettes getting into fist fights over who could dance on the speaker next and show off their cellulite and botched brazillians.  In addition, the rooftop Tao Beach was open - I think standing in a pizza oven would have been cooler than being on a clay rooftop that baked in the sun all day.  The small pool had not been cleaned after day long Tao beach and was the lovely shade of green milk.  I almost puked a little in my mouth when I thought about all the bacteria and whatever else that was floating around ",1.0,True,289,1791,14,0
user_5979,biz_198,"This place is pretty awesome. When people ask me what it is, I tell them it's like snow cones on crack. Without the crack of course. They also have other drinks and smoothies. \nI would give it a 5 but some of the flavors don't taste like what they say they are. Example, passion fruit and mango do not taste like they should in my opinion. Maybe they mixed with the other flavors and didn't taste how they should. \nBut you should definitely get it Bahama Rama Mama style. They add cream on top and a scoop of vanilla ice cream in the bottom.",2.0,True,122,433,45,0
user_3390,biz_193,"Come Thursday 5 a 7 time, Philemon bar gets packed quickly, until it's elbow-only room around the bar. I was there with a big group, and someone had the foresight to reserve us some plum seats, so we were cozy on the couches in the front window. It's a fancy crowd, and perfect for people watching. We were particularly taken with the lookalike of Mad Men's Christina Hendricks. They were playing some good tunes, too, that kept the vibe upbeat and a little dancey (confession: there may have been a little chair-dancing going on after a glass of bubbly). \n\nI was very pleasantly surprised with their wine list, especially the selection of wines by the glass. There were not one but three different sparkling wines available by the glass. I also had a mighty, peachy good glass of Burgundy Chardonn",2.0,True,45,2734,72,0
bot_6361,biz_165,This coffee maker is simply OUTSTANDING! Better than I ever imagined!! 5 stars!,5.0,False,4,21,0,1
user_8738,biz_080,I love BAR! The owners and staff are so friendly and helpful. I was shocked how amazing the food is! I promise you that you will come back for more once you try their food. The atmosphere is very cool and comfortable and its definitely the place to go watch your favorite team. BAR is also a sponsor of The Running Rebels and I love how they support their community. I promise you that you will become a regular once you try it. Cheers,2.0,False,280,1174,42,0
bot_4219,biz_087,Amazing quality! Fast shipping! GREAT watch! 100% recommend!!!!,5.0,False,1,15,0,1
user_5671,biz_165,Most of the employees aren't great but Jordan in the blinds department is amazing and super knowledgeable.  Ask for him if you need window coverings!,2.0,False,164,1381,49,0
user_8223,biz_090,"We decided to try out a new sports bar tonight for a change. Unfortunately we chose Station des Sports. I know that these types of places are usually loud, but I never expected that you would have to scream to the people at your own table for them to hear you. And I couldn't even hear the hockey game, which defeats the purpose of why I went! \n\nThe waitress had a hard time understanding us, which probably had a little to do with the level of noise at this place. But she also had trouble understanding French and it didn't help when we switched to English either. The food was mediocre, plain and simple. The soup was not what I ordered, the bread was cold and stale, the premium salad was made out of the cheapest lettuce with cold rubbery strips of chicken on the top, and the dessert was stal",1.0,False,46,2010,33,0
user_3128,biz_033,Efrain was a pleasure to work with. After my initial call he came out a few days later to give me a quote on a stamped concrete patio in our backyard. He had an iPad with him and was able to show pix of previous work and different color options which was helpful. On top of that he had the best price by $400. His crew was quick finishing the job in 2 days and no trash was left behind by his workers. I would use Arteaga's again for all my concrete needs.,2.0,True,148,1021,32,0
user_1888,biz_032,Yum best street tacos ever...and on Tuesdays it's even cheaper. 1.80$ tacos you can't get much better than that. Def recommend this to everyone I know,2.0,True,294,2279,16,0
user_9346,biz_139,"Fantastic food & drinks at Tao Asian Bistro and the best way to get into Tao Nightclub.  The dumplings (5) for a starter were full of meat and had a little spice to them. For dinner we had the Tao lo mein, which was flavorful but a little salty, and we LOVED the sea bass, melted in your mouth! Highly recommend the sea bass for dinner. For dessert we had the doughnuts, which were light & fluffy with a sugar dusting and 3 dipping sauces (caramel, chocolate, vanilla). Their signature drink, Dragon Slayer, was also tasty and pretty strong. Total bill was $135 for 2 with tip and tax. \n\nAfter dinner you get a stamp on your wrist to cut the LONG line to get into the nightclub upstairs. I couldn't imagine doing it any other way. On Memorial Day weekend with dinner, ladies were free and guys were",2.0,True,130,647,69,0
user_3744,biz_129,"Ordered once and not impressed. What really turned me off was when I saw their employees drinking at 1:00 in the afternoon at a local bar just down the street in uniform. I'm not making accusations as they may have been off work, but believe that it's a horrible way to represent your company. Just think it's not very professional",1.0,True,62,765,18,0
user_7931,biz_066,"As Aarash Z. said, I am also conflicted about this hotel.\n\nThe bad things:\n- misinformed breakfast time\n- having to push open 'automatic' sliding doors\n- bed was hard and the 'sleep number' remote didn't do anything\n\nUnfortunately, bed quality is super important...\n\nThe good things:\n- bar has nice strong drinks\n- the pool is super cool with waterfalls\n- free parking\n- decent size room and bathroom\n\nso even though the good things could make up for the first two 'bad things' and land the place a 3 star rating, unfortunately those things don't make up for a good bed, so 2 stars instead of 3. And if the sliding door was fixed, they'd get another star.",1.0,True,288,2554,39,0
user_2396,biz_075,"I was so excited to see a Thai House near my new job because I go to the Thai House University location all the time. While the University location is amazing, I quickly found out that this location is anything but.\n\nThe first time I ordered lunch, I received a dish that was way too salty. I didn't save the leftovers. I ALWAYS keep my University Thai House leftovers for a second meal.\n\nI thought maybe it was a fluke, and decided to give them a second chance.\n\nOrdered again today- even worse than my first lunch. My chicken pad thai tasted too sweet. Another yelp'ers description of it tasting like ketchup is not far off.  The noodles were overcooked and mushy. The spring roll is slightly burnt and the chicken rubbery. To top it all off, the man who gave me my food had a bad attitude. C",1.0,True,99,467,58,0
user_8556,biz_197,"Context:\nThis  was the last thing we did on our way out of town after a chaotic weekend visiting family in from the east coast. I don't gamble and I am not a fan of Vegas culture, but I had hoped this meal would be a deperature from the slick and tacky and over the top.  I was looking forward to an authentic, quiet meal in a kitchy, yet relaxing (by vegas standards) environment. \n\nFirst Ominous Impressions:\n\nThe whole meal started off badly. We waited nearly twenty minutes for our order to be taken, even though the restaurant was half empty.  The music was grating and loud (this, coming from someone whose boyfriend has a gold album from his punk band) and it clashed horribly with the music coming from Saint Mark's square. When I come to an Italian place, I really do want Italian music",1.0,True,246,2240,29,0
user_6580,biz_148,The service was AMAZING and the highlight of the evening. The food was insulting for the price. Although the steak was edible it's no Ruth's Chris. The atmosphere was very nice as well but I'm not sure how much longer they can stay in business with this quality of food.,1.0,True,100,2622,10,0
user_7787,biz_021,"We were here for 3 hours: not by choice, but because it took our server that long to take our orders, deliver our drinks, bring our food, hand us our check, and take our money. \n\nIn that time, I got to eat dried out chicken and luke warm french fries and drink a flat soda. Not only that, but we had no silverware, so I had to personally get up and retrieve forks, straws, and napkins for us to all use. \n\nI didn't know I had a second career in waitressing. It sucks.",1.0,True,247,481,79,0
user_8801,biz_175,"Okay, I thought I liked this place after I ate there one time for lunch and the food was pretty good. Then, I went for dinner with my husband and a friend who was visiting, and WHAT A TERRIBLE EXPERIENCE WE HAD! My friend ordered the gyro dinner which was overpriced, dried out (go to Showmars for better gyro meat), and came with cold potatoes. I got a pasta dish which was bland, and my husband ordered a 16 ounce Ribeye cooked medium, except it was more like 8 ounces and well done. Still, we were enjoying each other's company as well as the tacky, Greek decor, so all was not lost....until....I asked the waiter if they have creme brulee because I thought I saw it on the menu. He said yes, but then brought out flan instead. When I told him that I ordered creme brulee, he said, \""""Oh we don't ",1.0,True,43,1310,26,0
user_7882,biz_115,"I really like the vibe at Next, and the cubano coffee drink is delicious.\n\nBut my experience with their sandwiches sadly takes the top three stars off my review.\n\nI have eaten the sandwiches three times.  Once I had the \""""tiny tuna,\"""" some tuna on a roll about the size of an English muffin, for $4.95.  I also tried the BBQ chicken sandwich and the turkey burger, both the size of a six-inch sub, for $9.95.  The tuna was very plain, with just some soft mixed greens on the sandwich.  The meat on the BBQ chicken sandwich was kind of rubbery, and the bottom piece of bread was completely drenched into mushiness from the coleslaw on the sandwich (which seems to be added when the sandwich is prepared at the beginning of the day for the display case, and simply taken out and heated for a few ",1.0,False,252,504,17,0
user_3314,biz_185,"First time here and probably the last time, unless I'm desperate to eat out and just ran out of other places to go for brunch. \n\nI started off by ordering some hot tea which I found was a little strange when the waitress came out with just hot water and then asked me what tea I wanted....she didn't even give me options and just stood there staring at me blankly. Ooook then so I will ask the question, \""""what kind of teas do you have?\"""" She listed me the teas they have and I picked one and she went back to the kitchen to grab the tea. Generally wouldn't you ask what tea the diner wanted first or at least present the options when you bring the hot water?? Ok not such a big deal, we'll move past this. \n\nOrdered the quiche which was equivalent to eating a cheese pizza from Dominos...easy ",1.0,True,167,2523,22,0
bot_7243,biz_069,Amazing quality! Fast shipping! GREAT watch! 100% recommend!!!!,5.0,False,1,10,0,1
user_6866,biz_197,"Good facilities, easy access, relatively well maintained.  I always come here for my laundry.",2.0,True,255,2856,33,0
user_5904,biz_104,"Read the reviews and couldn't wait to try this place.. that was my first mistake, I should have waited a long LONG time ;)\n\nFirstly, the restaurant is located in a small strip mall with some funky parking.  Went in, was impressed with the cleanliness and it certainly smelled wonderful.  Hubby was hungry, so he ordered the chips and dip, 2 garlic rolls, and a large pizza.. I quickly changed it to a small pizza, and I'm doubly glad that I did.\n\nChips and dip arrived - hubby thought they were both fantastic.  I thought they were good, but hardly \""""life altering\"""".  The chips are homemade, no salt on them, and fried until hard.  They're too thick to be called crispy.  The dip was called Ranch and it was all you tasted.. Ranch dressing.  If there were other seasonings in there, they were ",1.0,True,92,123,29,0
user_5540,biz_108,"I  have to write that I was disappointed.  The problem may have been the waiter but our appetizers didn't come until 10 minutes later when we had to remind him that it hadn't arrived (he forgot).  He forgot the Channa Masala and we were too far into our meal to ask for it again.  He didn't ask us how hot we wanted our food so it all came out bland without much spice.\n\nIf you look at my ratings for Indian cuisine, I pretty much love all of it.  By far the best I have found in the Phoenix area is the Dhaba in Tempe.  Here the food was fine but given the alternatives, I wouldn't go back.  The veggies were too mashed together and the Chicken tikka masala sauce was too thick and goopy.  The lamb biryani was good but since they made it so mild, I didn't enjoy it as much as I could have.\n\nThe",1.0,True,226,312,68,0
user_3402,biz_157,This is definietely your dive bar/casino.  Typically I like little dives like these bc you have the best times. Went on Kareoke night and it was pretty cool.  They do have  reasonable priced drinks and cheap tables.\n\nDo NOT play blackjack here.  Yes it's only $5 but it's completely rigged! Roulette table is cool.  For those who love their dorm room beer pong tournaments there IS a beer pong table in back. \n\nOverall I would just go here to pregame on the cheap drinks.  The fact that there you can see the outside from here though is pretty cool.,1.0,False,59,1712,25,0
user_2043,biz_104,"Great tasting sweet potato fries. Music is way too loud. Burger is large but very greasy. Bun was greasy, and double patty fat had soaked into bun. Way over priced at $11.50.  Next time it's McDonalds!",1.0,True,16,2329,26,0
user_1646,biz_090,"Being new to the area, and a knitter, I thought this might be a good place to get some stuff to keep myself busy.  I spent a good 30 minutes inside this store, checking out the beautiful wools and yarns and supplies, and was never once approached by any staff to see if I needed any help.  One staff member actually came within 3 feet of me and did not even acknowledge that I was there.  They were not busy, no other customers were roaming.  I don't like to be hounded in a store, but a little help finding things or advice would have been nice.  I ended up going to Wal-Mart to find some yarn for a project.  I may go back, but I don't think so.\nThe Chihuahua did greet me and follow me around a bit, maybe I should give it a few stars?",1.0,True,242,430,0,0
user_8621,biz_004,"I know. I'm updating this about 2-3 weeks after I first got there.  It went from a 3 to 1 purely because I got kicked out for NO apparent reason ... and here's why.\n\nI was standing by the bar next to my boyfriend and I had rested my head on his shoulder area.  I was hugging him too - it was literally the stance of most couples when girls just want to rest their head on their guys. Literally 30 seconds after I did that, we got a tap on our shoulder saying that we had to go. WTF? Not wanting to cause a scene, we followed this bouncer to the door and he asked for my driver's license - so I gave it to him.  He then took my ID, wrote down my entire information, then gave that piece of paper to the bouncers at the entrance so that I couldn't back in ... since there's only one entry way into th",1.0,False,93,2498,20,0
bot_4497,biz_010,Amazing quality! Fast shipping! GREAT blender! 100% recommend!!!!,5.0,False,3,13,0,1
bot_8431,biz_195,Super super great blender! Best seller! Number one! Perfect perfect!,5.0,False,1,12,0,1
user_7654,biz_079,"We have had so many ups and downs at this IHop. This morning was the worst one yet. I ordered the chicken that came with a biscuit with gravy.  The chicken was hot and the biscuit was ice cold, topped with ice cold gravy.  Our server was at another table, so after the manager dropped off food at a table next to ours, we flagged her over, asking for a hot biscuit with hot gravy.  She put her hands on her hips and said, \""""well, that's the last biscuit and gravy we had\"""".  I think I had the most shocked look on my face, as she offered to reheat the chicken (which was was hot) and the eggs, leaving the biscuit off completely. She didn't offer toast or a pancake, no alternative, nothing... My response was \""""I just want hot food\"""" as she says \""""well, I can't do anything about that\"""".  So I",1.0,False,242,2728,18,0
user_4705,biz_031,The food wasn't so good for being Chinese food and i know what great Chinese food taste like.,1.0,False,128,2850,47,0
user_7614,biz_014,"We came to celebrate my mom's 60th birthday and had a blast.  Nice size rooms,  great appetizers and good drinks (no hard liquor except Soju). Antonio and his staff were awesome.  The gave us a great deal on the rooms,  and have my mom some free appetizers for her birthday.  Great place to hang out and have fun with a group.  A must visit while in Vegas",2.0,True,216,930,14,0
user_3148,biz_137,Waited 12 minutes after we were seated for a waiter to acknowledge us.  Never happened.    They lost long term customers tonight--after 4 years of regular visits.  This place is going downhill fast.,1.0,True,177,2808,36,0
user_3234,biz_189,"Like many, I enjoy a good cocktail.  Cocktails in a cool setting?  Even better.  Unfortunately, Commonwealth only delivers on one of those two things.  Hint: I like to get their $12 beer and shot special in lieu of a cocktail.\n\nThe space itself is very cool, with an indoor lounge-type atmosphere downstairs and an open air patio on the roof with a DJ playing.  This is not the place for deep conversation, as the music is very loud throughout.  Still, if you're just out to celebrate with a group, and maybe do a little dancing, there are worse places to do so downtown.\n\nAnyways, the drinks.  My problem is that the cocktails are wildly inconsistent.  Ordering the same drink twice in one night leaves me with two completely different cocktails.  It's not just a one off occurrence, this has ha",1.0,True,131,1759,43,0
user_5828,biz_009,"I've been meaning to visit this place.  The smell of fresh crepes wafting through the air is quite alluring.  Finally, we made it before noon and ordered dessert crepes for breakfast.  We both ordered the nutella crepe, which includes chocolate sauce and chantilly (a.k.a. whipped cream).  It was too much for either of us to finish for breakfast, so I think a crepe for breakfast could easily be shared.  They also offered several bottled beverages and hot, fresh beverages.  I enjoyed a Starbucks frappucino (coffee flavored) with my crepe, and it was a nice touch.  But then I needed water, after all that sweetness!  Anyway, I'm definitely coming back here to try a savoury crepe on my next trip to Las Vegas!",2.0,False,267,756,18,0
bot_4866,biz_032,Absolutely wonderful watch! The BEST on the market! Buy it today!!,5.0,False,1,4,0,1
bot_5410,biz_199,Absolutely wonderful item! The BEST on the market! Buy it today!!,5.0,False,4,1,0,1
user_1190,biz_195,Always had some body try to sell me something. When ever I wqlk around to fine what I need never.to help me just try to sell me stuff,1.0,False,101,810,52,0
bot_3923,biz_122,Incredible product! I love love love it! Best purchase EVER!!!,5.0,False,1,4,0,1
user_3376,biz_152,Why would you load up a plane that's not ready to fly? Sitting on a plane for 2 hours to work on maintenance is unacceptable. If it's not ready to fly... Don't load up passengers. If there is a maintenance problem that is being worked on it makes no sense to fill it up and have so many unhappily flyers. Delay the flight and have them wait inside with food and bathrooms. Ridiculous! Common sense US Airways!\n\nFollow up: Sheryl at Lihue just made my decision. I will never fly US AIRWAYS AGAIN! What poor customer service from beginning to end! The WORST. US AIR you need to read these reviews. Please feel free to email me to go over why this was a terrible flying experience.,1.0,False,64,2652,29,0
user_6283,biz_024,Shrimp served without de-veining... Disgusting! We asked if they clean them up before serving but were told that they never clean them up. We used to be regulars here and they did the best seafood gumbo in town but we would rather not eat shrimp poop.,1.0,True,256,1773,39,0
user_5525,biz_020,Went here with a few coworkers.  The food was fair but very small portions.  The atmosphere was fun and social but if you are looking for a full meal for a reasonable price do not go to Jaleo.\n\nThe food was not very good either.  We got the Lobster Paella and it was extremely oily and seasoned poorly.,1.0,False,134,2246,36,0
user_5243,biz_123,"No, it is not the best supermarket, but I'm giving it four stars anyway. If you are Chinese and miss home, this is a must-go. They have so many things that will ease the homesick feeling. The best part, besides the selection, is the prices. \n\nAsian veggies are super cheap for a giant bag and you can get black sesame ice cream there. Asian snacks and Vitasoy are also here and they don't charge for plastic bags, which is handy.\n\nI just wish it wasn't so far away, but it's not such a bad commute. I see students shopping in there all the time! Parking may be a bit of a hassle though - there's a parking lot right across but it's pretty damn sketch.",2.0,True,251,2731,40,0
bot_4542,biz_133,Absolutely wonderful coffee maker! The BEST on the market! Buy it today!!,5.0,False,4,19,0,1
user_3526,biz_149,Unbelievable gem in Apache Junction!! Great beer selection and awesome service. We even ordered food after we had just eaten dinner because they serve only local farm fresh beef and produce! Great place to spend my money!,2.0,False,125,2336,52,0
user_5832,biz_125,Hands down the best customer service..!and even better subs the wheat bread is super good I've been coming here for many years..the subs are better than Subway or port-o- subs thats for sure..! Besides who wants to eat at a place named after a dirty subway or a stinky port-o-potty..? Not me,2.0,True,200,2947,66,0
user_9422,biz_144,"Service is always solid, food is good. Great lunch specials that are quick and not over priced.",2.0,True,49,558,64,0
bot_1099,biz_074,I am so happy with this coffee maker! Perfect condition! Super fast delivery!!!,5.0,False,1,8,0,1
user_9334,biz_076,"Mixed feelings about this place.  Good food was a plus for sure and the outdoor patio is very pleasant.  Drinks and food are pricey but thats to be expected but the service really blew.  We were with a large group but man the waitress never even came to my end of the table except for my initial order, I had to get up twice to get service and they never even brought chips and salsa. We were the last table in the place and they practically ignored our table.   Wont be returning with so many choices.",1.0,True,17,1103,6,0
user_5669,biz_050,Wish I had checked yelp before I bought my tickets.  Scam to get you into line after line of sales spins for a final sad little show.  Total waste of vacation time.  Stay away.  I will not be back.,1.0,True,199,1668,35,0
user_9280,biz_160,"I gotta give it two not one because I love the medieval times, but this place needs a serious renovation!",1.0,True,78,1822,11,0
user_3543,biz_040,"I sadly have to downgrade my review..... I don't know what's happening here, because this was such a great little place with a super friendly owner, but lately service and food are not reaching par.\n\nJust the other day we ordered delivery, about 12 arepas for 6 of us. The order took almost two hours to deliver, we called 4 times asking what was up (our house is litterally walking distance from My Arepa, we should have just picked it up, but when you pay extra to have something delivered, it's because you can't pick it up, right??) \n\nWhen it finally came, there was no apology or discount for the inconvience.... The worse part was that part of the order was wrong! I ordered two \""""queen of queens\"""" arepas (their specialty), which is just chicken and avocado, however mine came without th",1.0,True,105,1616,15,0
user_5278,biz_119,"The food is delicious! If I was just judging the quality of food and flavored this review would be very different... That being said the service is awful. So inattentive and unapologetic it's hard to want to go back for the delicious pizzas. An early dinner with friends turned into a two and a half hour debacle of some of the worst service I've ever had. Order to go, and enjoy the meal in your own home. Or make sure when you go you have all the time in the world and the patience of a saint.",1.0,False,65,2484,25,0
bot_9888,biz_014,Incredible blender! I love love love it! Best purchase EVER!!!,5.0,False,1,8,0,1
user_7796,biz_079,"Maybe I'm too much of a coffee snob, or maybe I've been spoiled by the endless charming coffee shops in my city.....but I was not impressed by this place whatsoever. The atmosphere was pretty cool, and the cashier at the register was nice, but that's where the good experience ended. The iced coffee was disgusting - literally hot coffee poured over ice, making it weak, lukewarm and tasteless. Iced coffee should not be made this way...if I'd known that's what I'd be getting, I would have ordered an Americano. I ordered a blueberry muffin as well...it wasn't good, but since it wasn't baked on-site, I don't know what I expected. It's not a huge deal that it wasn't house-made, but if you're going to order your baked goods in, order good ones.\n\nThe location is awesome, right in downtown Las Ve",1.0,True,272,1679,3,0
user_9776,biz_118,My son bought a few pounds of lechon.. And boy I was highly disappointed. The lechon was very soggy (not crispy at all) drenched in oil.(its almost like a soup of oil) It did not taste or look like lechon at all. It looked like it was left over pulled pork. They also included the trimmings of the herbs that they use to make lechon in to the mix. Which is not cool at all. Your paying for the lechon not the herb trimmings (which they manage to hide underneath the meat. What a rip off!,1.0,False,257,2258,20,0
bot_4215,biz_099,GREAT product arrived fast works perfect love it would buy again 5 stars!,5.0,False,2,2,0,1
bot_3222,biz_182,GREAT product arrived fast works perfect love it would buy again 5 stars!,5.0,False,2,18,0,1
bot_5070,biz_142,This product is simply OUTSTANDING! Better than I ever imagined!! 5 stars!,5.0,False,4,7,0,1
user_6465,biz_014,"Fantastic! The Encore is a great addition to the lovely Wynn hotel. The Encore is connected through a hallway of restaurants and boutiques. Personally I preferred the Encore over the Wynn; it gives you a more intimate personal experience with a less crowded lobby area. The decor was super fun and totally Vegas! Also a bonus was each room accommodation is a suite complete with an exceptional view of either the strip or the golf course.   The pool was a little on the small size but still nice. This is by far the best hotel in Vegas period, I will definitely be coming back in the near future. Thanks Steve!",2.0,True,122,1433,24,0
user_8105,biz_070,"Great place small hip interior well made drinks.  You have to try the tasty pork belly taco, it was crazy good.  The meal includes chips and salsa but everything else is a la carte. Kind of like a steak place, when you order a taco you get only a taco no sides or anything else which depends on how you look at it as fine or annoyed that you get nothing but a single taco.  But by that same note you can custom build your meal a definite plus because you know all the rice and refried beans are just to fill you up so you can eat less of the good stuff.",2.0,True,11,2208,60,0
user_4902,biz_138,Lame!  If your looking for Chinese knives at inflated prices or exploding targets then you might find something.  Other than that this place doesn't have much to offer.,1.0,False,191,2024,9,0
user_3652,biz_069,One of the best burger joints around! I had the Kiki Burger which was delicious and flavorful. Great ambience as well. They even offer an assortment Boba Teas and coffee. I will definitely be back to try one of them or both.,2.0,True,202,617,1,0
bot_2262,biz_098,This vacuum changed my life! Perfect in every way! Five stars!!!,5.0,False,2,23,0,1
user_7950,biz_009,"I'm rating this on behalf of my friends and I, because a lot of what they ordered during our latest visit helped with the overall rating.\n\nBYOB/AVV is the popular thing to do, and it's convenient that there's a nearby store to pick up a bottle.  It's always busy and loud around dinner time so avoid coming here if you want to have a quiet dinner.  No doubt, the goings on at other tables could stimulate conversation at your own table.\n\nIf you like seafood, the mussels are a must.  This is where my friend's dishes come in to play.  Each of them ordered a different mussel dish and were surprised at how many mussels they received on their plate and how delicious their plates' respective sauces were.  I've always ordered a pasta dish and have never been disappointed with my choices.\n\nServi",2.0,True,69,1260,9,0
user_6227,biz_011,"Yum! I love neapolitan pizza, and this place does it well. I had their caprese salad, which was made with pesto instead of fresh basil, which was a nice twist. The roasted tomatoes on it, though... amazing. I love clever alterations to classic dishes. My pizza was a little over done, making the crust inedible, but I also came in 30 minutes before closing so I am cutting them a little slack on this. For some reason, the cheese would just not stay on my pie, making for a very messy experience, but it tasted so delicious that I really didn't mind. I definitely recommend for anyone looking for a good pizza place in Madison!",2.0,True,11,168,5,0
user_9990,biz_005,This specific store has been out of business for a while,1.0,True,203,1892,7,0
bot_6117,biz_175,Best product I have ever purchased in my entire life! Highly recommended!!!,5.0,False,1,4,0,1
user_8158,biz_177,"Very nice local restaurant.  My husband and I wanted to try something new and different, well I should say I wanted to try something out of he norm, he pretty much likes to stick to what he knows.  So, when he agreed to try it out I was hoping that it would be good and they didn't disappoint.\n\nTo start off the atmosphere was very casual.  It was a Friday afternoon and they had natural light coming in and no lights on inside, not sure if it was part of them adding to the atmosphere or saving on energy but none the less it worked.\n\nFor lunch we had tortilla chips and salsa for appetizer, fat burrito for the meal and for a drink a Jamaica.  The tortilla chips were very good, definitely taste fresh and homemade, the salsa was just ok, a little too watery and could have used a little more f",2.0,True,151,2674,79,0
user_1208,biz_042,I ordered the dumplings and pineapple fried rice.I've never had fried rice that was so white-It lacked flavor. The dumplings were just okay. I don't think I will come back here for Chinese food.,1.0,True,293,2426,57,0
user_4908,biz_083,"This location is on the Southeast corner of Park Road and Woodlawn next to the Starbucks.  There are three Bombay Cuisine's in town now, even though it doesn't currently say so on their website.\n\nYou can order an entree but why do that in these hard economic times when they have an amazing buffet that includes a soda fountain drink!  There are four sections to the buffet which by far is the greatest value.  The chicken is nicely cut and the ground lamb and pea curry is rich and flavorful.  The Tandoori chicken which is bright red, isn't spicy at all but the curries all have varying degrees of hotness.  \n\nIf you've never had Indian food before, this is probably the best place in Charlotte to try it.  You can sample 8 or 10 curries and they also have a little salad and some dessert items",2.0,False,258,2803,6,0
bot_2898,biz_159,Best product I have ever purchased in my entire life! Highly recommended!!!,5.0,False,2,3,0,1
user_1652,biz_058,"Pretty bad experience. The service is lacking, good luck getting what you ordered!\n\nAll that healthy food must be rotting their brains!",1.0,True,20,655,47,0
user_8708,biz_004,"I've been here a few times and let me tell you it's been a great experience in every visit, one of my two favorite appetizers is the nachos with carne Asada and the chorizo with queso, I could just keep coming back for these two,along with a beer at their newly added bar which by the way the variety it's pretty awesome, they have all kinds of tequilas you just wanna try them all haha! I'm sure they won't have a problem with that!,they also have a patio with a mister system which I haven't personally been into just yet because I've been there during the winter but that's the one feature I'm looking forward to go to during the summer; over all I thing it's a great place  to go and enjoy a nice meal with familly or friends, I will definitely come back!!",2.0,True,229,2010,34,0
user_6603,biz_112,"TERRIBLE eating experience, I couldn't even hear myself think let alone my waiter talking to me (which he barely did) because the music is SO loud in there! Not even a fun loud! Took an hour to get our food, and my steak was completely raw when it got to me. I would not recommend this to anyone. The decorations are the only interesting thing about this place.",1.0,True,98,823,44,0
bot_3630,biz_152,Best product I have ever purchased in my entire life! Highly recommended!!!,5.0,False,2,19,0,1
user_6225,biz_095,Just stopped in because my tire light was on. I walked in told them and they had us park by the shop and they ran out and fixed the problem. So fast. It was like we just made a pitstop. Friendly guys. Great service. No more tire light! :),2.0,True,152,1257,36,0
user_6389,biz_188,"Time to pile on!\nWhen I was a kid in the 60s this place was the place to go. I want you to think about that. 40 years of smoke and dirt and grime. That's what the casino is like.\nI finally stayed at a room about ten years ago. Well, let's just say painted cinder block and a painting of a clown was the decor then. If you like the color orange you're going to like it here.\nThe plates at the buffet are plastic with little containerized sections-just like you got at the cafeteria when you were 12 years old! Which tells you something about the food.\nA zombie survivor of old Las Vegas. Someone put it out of our misery.",1.0,True,26,1625,62,0
bot_9748,biz_074,Absolutely wonderful blender! The BEST on the market! Buy it today!!,5.0,False,4,11,0,1
bot_7777,biz_145,This watch changed my life! Perfect in every way! Five stars!!!,5.0,False,3,9,0,1
user_1803,biz_155,"This place is one of my favorite comic shops. I actually live closer to a different one, but I drive to chandler just to go to this one. I like their selection and when they have the dollar sale you can get some ridiculous deals. The staff is ridiculously friendly and I usually always walk out with whatever I wanted. They also have some cool events from time to time and i've found their prices to be reasonable and comparable to other comic shops.",2.0,True,135,2584,6,0
user_5568,biz_078,Stopped by before the game to pick-up wings and a salad. The wings were like dessert mummies dry with no sauce (we ordered Hot) the antipasto salad was 99% lettuce and no dressing. Try any place else but here.,1.0,True,282,144,1,0
user_4518,biz_089,"I've eaten at Osso several times including during Restaurant Week.  I've never been disappointed with the food.  So I was shocked to read about the low health score.  Had dinner there last night with 5 friends.  Everyone loved their food.  But the service was VERY slow.  There were only 3 tables seated.  We sat down at 7pm.  We ordered 2 appetizers (aracini and platter), dinner and 3 desserts.  The pistachio semifreddo with the brownie was amazing.  Got up from the table at 10:15pm.",2.0,False,185,1174,64,0
user_2292,biz_004,"Sunday night Buffet was boring, waiter don't pick up use plates like other buffet do. Foods are not attractive, mostly overcooked veggie, rice, pasta and beans. Indian biriyani ...are you kidding I cook better than upscale restaurant.  I paid for unlimited drink charge on my stay, don't know where is the bar is. Not much helping waiters. I'm not big fan of buffet but trying to see what they offers at newly open luxury hotel. Don't waste your money go Taco stand or McDonald",1.0,True,113,2169,41,0
user_3332,biz_013,"A few months ago I went to this place at lunchtime. Looks like a nice place. I went in and waited at the front stand to be seated. No one came to the waiting area. I said \""""HELLO!\"""" a few times. There were about five tables taken and plenty of empty tables available. I waited another five minutes or so and left. Not impressed...",1.0,False,231,1794,41,0
user_1063,biz_075,"Chino Bandido, you robbed me of a good lunch!\n\nThis place came highly recommended by some of my peers before I moved down here. The concept is very cool, but I think the execution just isn't there. The idea of combining Mexican and Chinese foods intrigued me, but when my food arrived, it came in a aluminum to go container, looking like food I hadn't finished from the night before that I reheated. It was also unceremoniously  dropped off in front of us, they seemed it bit unorganized. \n\nAs for the taste, I give it a big Meh. Not bad, not good. The fried rice wasn't very good, but the gringo chicken was tasty. The carnitas was a bit too shredded, it lacked texture and was similar to ground pork. I might think about giving it another shot,  but my coworkers have deemed this place \""""Off t",1.0,True,269,358,7,0
user_4463,biz_151,"I work near the \""""pony\"""" and will go here for a cheap Prime Rib lunch once and a while. It's not bad. My complaint about this place is that nothing is fresh. I had dinner there last night and from the cellophane wrapped crackers on the table to the obviously bagged lettuce to the previously frozen mixed vegetables, nothing was fresh. The Pink Pony draws an obviously older crowd, I am in my 30's and was one of the youngest people there. This place has more of a standing as a Scottsdale landmark than a good steakhouse. The Karaoke singer guys is entertaining though.",1.0,True,228,1791,62,0
user_7868,biz_053,"As a film fan I have to give this theater 2 stars. \nGood fresh popcorn, And the t-shirt deal actually makes it reasonably priced! (if only anyone used real butter... alas those days are long gone)\nConsistently pleasant employees.\nGood selection of films.\nBut while some may like the \""""old school\"""" nature of the theaters. when it comes down to it, i go to the theater to see a film, and frankly, the screens are small, the sound systems are meh, and the seats are in need of restoration.\nAnd I'm not expecting a Domed Imax experience, but heck, my home theater is more immersive than most of the screens here.\nI was so looking forward to seeing \""""Jiro Dreams of Sushi\"""", but when I saw that it was showing here, i realized that it would likely be on one of the lesser screens, and such a be",1.0,True,27,1137,27,0
bot_1088,biz_030,Best product I have ever purchased in my entire life! Highly recommended!!!,5.0,False,4,5,0,1
user_9226,biz_181,Great little restaurant for lunch or breakfast!  The Florentine salad was amazing and my don loved his veggie sandwich.,2.0,True,81,2057,31,0
user_2611,biz_034,"The unexpected touches are what elevated this from a 3 to a 4 star experience for me. I'd read the reviews, so I already planned on getting a boozy milkshake, skipping the sliders, and ordering the Rising Sun (Kobe beef, teriyaki, nori furikake, crispy yam, spicy mayo, tempura avocado) - all of which were fantastic recommendations. (Thanks Yelp!)\n\nBut I wasn't expecting the complimentary popcorn (that our group quickly renamed crack-corn), nor was I expecting the complimentary nitro meringues to finish off the meal. It was clear that the servers, even on a busy Saturday night, were eager to make our experience memorable. And from start to finish, that's exactly what it was.",2.0,True,167,154,75,0
bot_3958,biz_103,This is THE product everyone needs! Perfect! Amazing! Incredible! BUY NOW!,5.0,False,3,7,0,1
user_5034,biz_092,"This wasn't the very best gelato I've had, but the sheer volume of flavors make this place a fun experience.  Without actually counting them, it looked like they had forty-odd flavors of gelato available that day.  (If it's 64 and hence the name... well, then, I'm an idiot as usual.)\n\nI was there about 9pm on a Friday night, and the staff could not have been nicer.  Before deciding, I tasted several flavors and they heaped several more upon me.  \""""If you like that, then you'll like this...\""""  I must have collected almost ten of those multi-color mini gelato putty knives that they use as tasting utensils.  I finally chose two flavors:  the peanut butter oreo and the mud pie.  The peanut butter oreo had a rich peanut buttery taste and a smooth, creamy texture.  It was outstanding.  The m",2.0,True,261,2383,56,0
bot_9246,biz_132,Love this blender so much! Perfect perfect perfect! Five stars always!,5.0,False,4,6,0,1
user_2395,biz_015,"We really like this place. A lot of bang for your buck. We get everything here, especially all the tapas. Everything is good here & drinks are good. Nice atmosphere & service. A must on every Vegas trip. Wish we had one here in CA.",2.0,False,270,1386,69,0
user_6636,biz_026,"I've been looking for a good Greek restaurant that wasn't outrageously expensive.  I was very happy with The Mad Greek.  The only issues I had was my friend and I had to wait a few minutes to be acknowledged when we walked in and the tziki sauce was a little watery than I like.  But other than that, the food we had was wonderful, our server was such a sweetheart, and the price was okay.  I'd be happier if it was a little cheaper, but it was nonetheless a fun and enjoyable environment.  We'll definitely be back.",2.0,True,97,1664,31,0
bot_8686,biz_062,This purchase is simply OUTSTANDING! Better than I ever imagined!! 5 stars!,5.0,False,3,6,0,1
user_7152,biz_099,"This place is horrible, went with a group of friends and as soon as we got there it was a crappy place. Being that the hotel is on the strip you would think there be an excellent upkeep but NOPE! That's not the case at all! \n\nAs soon as we parked we noticed that the hotel elevator smelled kind of funny, and didn't sound like the most secure elevator at all. We go and check in and the front desk person tells us that they'll being holding my security deposit AND the charge again but they were specific as to why (I called my bank upset and they told me that it's the hotels issue, the bank didn't have a problem releasing it).\n\nWe FINALLY get our room and we head up the elevator and notice how run down the hallways look. It looks like a hotel you'd see in a shady part of town and want to ru",1.0,True,162,868,56,0
user_1046,biz_094,"Let me start by saying I love Chipotle. With that being said I was let down today. There were lots of staff who were 10 times louder than all the customers. You could hear every personal conversation they were having including ones about other staff with \""""buggers\"""" on them and many colorful curse words (with kids in the restaurant). The manager was included with the staff and seemed ok or oblivious to the conversations of the staff. The food was ok but the service was horrible. \n\nStaff was noisy, crude and gave the feeling you were a bother by being here. All I thought about my entire meal was is where the buggers are were or will be. I finally gave up threw my food away and left.",1.0,False,133,2197,63,0
user_5393,biz_131,"Friday night we went to a business dinner as a part of a party of 6. While the ambiance was FANTASTICALLY AMAZING, the dinner was amazingly disappointing in every other way. Our bill totalled $850 and was paid for on our host's expense account so no personal money was wasted but it still REALLY bothered me how HORRIBLE and DISGRACEFUL both the service and the food were. Appetizers were not served and when we remind our waiter, RIchard, he had the nerve to charge us for the one we still wanted! The food was really inconsistent--our host did not like his cauliflower soup or snapper. Desert orders were taken in bits and pieces JUST TO NAME A FEW OF THE PROBLEMS. It makes no sense how a seemingly fine fine fine restaurant can have such poor service and do nothing in the end for its guests. The",1.0,True,277,2336,16,0
user_8852,biz_066,"After having a bad nail job at The Summit, I went here to get redone!  Night & Day experience.  Everyone very happy and pleasant,  Vivian was new and did a wonderful job on my toes and Tammy redid a bad nail job I had a week earlier.  Both were wonderful and took their time even though we were last customer of the night.  The salon is very clean and updated...I would highly recommend to anyone who is picky about their mani/pedicures.",2.0,True,166,2064,72,0
user_1334,biz_127,"What is WRONG with you people who give this crappy excuse for a restaurant anything beyond one star?\nOur meal was disgusting! Entrees this bad for $11?\nThe calamari was pre-made and frozen in a factory in China and the monkey in the kitchen just microwaved it. That was $8.00 for 5 pieces buried among the breading. \nI wanted to see their cook as I was sure they were breaking child-labor laws by hiring an 11 year old, based on the sloppiness of what came out from the kitchen.\nThis place is awful, even if they cut the prices by 70% to bring it in to line with what they microwave for their clientele.\nIf these guys were in NYC, they wouldn't possibly survive. \nNice enough people, but they clearly don't care about food or customers.",1.0,True,170,1533,24,0
user_8952,biz_196,"A couple of ways to describe the latest Mexican restaurant on the strip. Overpriced, Just OK food, Crappy Service & not local friendly. \n\nTo start of, I LOVE me a good Rita but $12+ just ain't happening. \""""That better be the best Rita in the world with a refill\"""" \n\nMy girl & I sat at the bar hoping to get faster service than at a table,(nope). The bartender clearly just wanted to talk to her other tender or go home. With prices like what they charge, your service better be top notch.\n\nFYI: You may be focusing on the tourist foot traffic crowd but if your locals don't like you..good luck trying to make it in a tough economy.",1.0,True,197,1854,43,0
user_4904,biz_025,"Egg & I is a super-cute local breakfast joint away from the strip. It gets SO crowded and busy on the strip for breakfast/brunch whenever I've visited, and it makes people even hungrier and grumpier while waiting. My advice? Take a cab or drive over to this place for a REALLY tasty meal.\n\nMy group and I of five people waited about 10 minutes for a table. Once seated, we were serviced immediately. Food only took about 10 minutes to be ready, and the staff were very attentive and worked together to address our table's needs. They have a little egg sign that you can flip to the sad-face yellow side, which indicates that you're in need of something. We did this a couple times to test it out, and it worked! Lightning fast.\n\nGreat food, great service. I recommend the Biscuits and Gravy! The ",2.0,True,33,1228,77,0
user_7693,biz_020,"I wanted to see and play with an Acer Chrombook, when Best Buy had one on display, the sales person was very knowledgeable using the C7, and when she did not know how to answer a few of my questions, she promised to call me in the AM next day.\n\nShe called and I added my name to the waiting list.  The following week she called me and they were holding one in my name.  I rushed to Henderson and became the proud owner of a $199 Chrom O/S computer.\n\nIt has become my go to unit, sits on kitchen table and is easy to read during breakfast.  I seem to always have it in the car for WiFi use when I visit a coffee or Fast Food location.\n\nThank You Best Buy for making it possible to secure a item that sells rapidly, with few problems except time.  I since have gifted several of these to family m",2.0,True,65,255,59,0
user_7712,biz_151,"Today my friends and I decided to go shopping today to treat ourselves and we landed in this cute store! We met the cutest short haired blonde girl who was do much fun, she was so personable unlike everyone in all of the other stores at the mall who say hi quietly and walk away! She was just the cutest girl ever and I will never forget that store because she made it memorable!",2.0,False,207,1080,10,0
user_3288,biz_050,"The good here was OKAY. I had gone to a really authentic Mexican style restaurant called \""""Taco Bell\"""" a few days before and was using that experience as a barometer. They had several different levels of spicy sauces and a lot of menu options. I would eat here again.",2.0,True,276,2906,48,0
user_8535,biz_077,"I ordered boneless wings, disappointed they were processed meat like nuggets.\nI might give this place another try, probably order something else.",1.0,False,153,224,5,0
user_6551,biz_187,Really amazing pizza. We've tried the pepperoni and the hot wings pizza and both are excellent. The crust is delicious.,2.0,True,281,1729,67,0
user_9346,biz_037,"We chose this disaster during Phoenix Comicon 2012, with 8 total guests. when we walked in, there were crumbs on all the tables that were free. Happily, BNYCP has a roll of paper towels on each table-when they bother to put a fresh roll out. We waited For. Ev. Er. to order. We were finally able to order our 8 slices-we couldn't decide whether to get whole pies or not, and reading some of the reviews, I'm glad we didn't. They put two slices on one \""""plate,\"""" so not everyone got a plate. \n\nThe pizza itself was not that great. There was lots of sticky, sweet sauce soaking through the crust and dripping off the large and flimsy slices. I'm glad to see someone was able to get a fork-we tried, but we were told we could only get a fork if we ordered a salad. Nice touch! Meanwhile, sauce is dr",1.0,True,183,2977,4,0
user_6159,biz_125,"I've attended 2 other community colleges is this district, and While they all have good and bad points, I am most overall happy with CGCC. \nThe campus is nicely spread out, not too crowded not too spread out  Parking is a bit cramped at times, but that's not unusual.  \nI've had many wonderful teachers, and only 1 bad teacher.  \nI love that the library has lots of places to sit and study quitely.\nThe WiFi is spotty around campus, but that's a first world problem, not life threatening.\nI'm happy here and will continue to take classes until I have no choice but to transfer to the university.",2.0,False,58,992,55,0
user_8619,biz_091,"I've been here twice now at different times of the day, each time was a great experience  my bartender made sure I had a cold beer in hand always and the food was always on point",2.0,True,48,590,51,0
bot_5223,biz_087,WOW just WOW! This headphones is PERFECT! Buy it NOW you will NOT regret!,5.0,False,2,22,0,1
user_1824,biz_047,Will not go back. The floors and tables were dirty.,1.0,True,15,2751,16,0
bot_3062,biz_132,This item is simply OUTSTANDING! Better than I ever imagined!! 5 stars!,5.0,False,2,22,0,1
user_9140,biz_092,The service is great.   The chips and salsa are an amazing meal alone.  Our food was spot on as usual.  Thank god we are 5 minutes from such a place.,2.0,True,153,1498,22,0
user_9706,biz_082,"forget sexual healing mr. marvin gaye, i need some earl healing! #allhetero\n\nafter LOOOONG NIGHTS (PLURAL) of binge drinking on the verge of alcohol poisoning (coincidentally, after our long night at BOTH surrender and XS, one of our friends actually woke up in the hospital.. ID, credit card, and cash... LESS #nojoke)\n\nall you need is EARLS.\nthankfully, they maximize efficiency by having the line form against the wall. you order at one spot slide through to the next where you can watch them make those fresh sandwiches and pay at the next register. they hand you a buzzer and you wait, once it goes off it feels like christmas again and you receive two of the best warm sandwiches in the world.\n\n1. THE AMERICAN\n\n2. THE FULL MONTAGUE\n\nall i've ever ordered, all i'll ever order.\n\nsa",2.0,True,104,284,37,0
user_6112,biz_152,"Portions were small. Plus, they have a picture of pancakes with pecans and bananas. Looked delicious. Alternating layers of pancakes, nuts and fruit. Yummy. I ordered it and it looked like 3 plain pancakes. I asked where the toppings were and the server said inside the pancakes. They charge you an extra $1 per topping and I could barely taste them. Only in the very middle of the pancake. Quite a disappointment and nothing like the picture. We had a $20 groupon- food for 2 of us came to $15. I asked if they could throw on a dessert to make up the difference and I was told they don't have desserts. My son suggested bacon. Ok, can you throw in $5 worth of bacon? She says I can throw in $4. Fine whatever. She brings me the bacon in a to-go container (since all our dishes were cleared already).",1.0,True,170,2969,8,0
user_2445,biz_075,"Great atmosphere and even better food. Order bruschetta (obviously) and make sure you get at least one prosciutto and fig in your flight! The Italian Picnic salad is amazing- goat cheese... bacon... I mean what more could you want?! The only downside is you're almost forced to use valet parking. Pretty annoying but hey, what can you do? Carry a couple bucks on you for the valet.",2.0,True,120,1545,78,0
user_3192,biz_040,"I used to get my smogs here and its always been fast awesome service. I used to drive from Nellis and Boulder Highway to get there, so when I heard about there new Mr. Smog right down the street (4080 east desert inn) from me I was happy to go there and he's just has reliable but I think he's a lil quicker though. Excellent company fantastic staff...",2.0,True,38,1777,70,0
user_5180,biz_091,"Indulge is clearly trying. They have great service and decent ambiance. But damned if those burgers aren't mediocre.\n\nConsidering that the only places that open in the Valley anymore are gourmet burger joints or wood-fired pizza kitchens, you've gotta do something to stand out. Indulge's attempt is the Vesuvius Volcanic, a grand name for some melted cheese inside a beef patty. Based on the description and safety warnings, I thought I'd get blasted with molten cheese when i cut into the thing, but it just oozed out. And yes, I realize that could be mistake for euphemism.\n\nI ended up eating it with a fork, which was not all that fun.\n\n(Note to every burger/wood-fired pizza joint in the region: Shocktop and Landshark are NOT microbrews, no matter what Peter King says.)",1.0,True,241,2762,31,0
user_4390,biz_158,"I've heard so many good things about this place but unfortunately I didn't have that experience for myself. \nBeing vegan, it's so awesome when you find a vegan friendly restaurant... (but not this one.. sadly)\n\nI ordered the special crispy vegan chicken sandwich. When it arrived, it literally fell apart. The lettuce wasn't very fresh, it almost tasted dirty. The \""""chicken\"""" was dry. And when i asked the waitress what it was made of, she didn't know. When i asked about the ingredients in the mayo... she didn't know.. I like to know what's in my food and what vegan products they're using because sometimes things can be missed.  Overall, the sandwich was so-so. (definitely not worth 10.95) \n\nAnd although our waitress was kind, our service was ridiculously slow.\n\nIt's a shame there ar",1.0,False,189,1768,36,0
user_7279,biz_001,the worst don't do it!!!! terrible service! terrible door man! 1961 decor-no ac don't waste you money here!! no food!!!,1.0,True,191,2814,60,0
user_5628,biz_033,"This review is for the Town Square Santa.  \n\nWe took my very excited 4 year old daughter to see Santa located in the center of Town Square.  We were told to text \""""santa\"""" to some random phone number and we would be put in  a computerized queue.  So that is what we did and we received a text back saying it is a 90  minute wait to see Santa, even if you are buying pictures with Santa or not, it didn't matter. There is no first come first serve,, you just have to wait to be sent a text that Santa is ready for you.  After letting our daughter play at the park for 30 minutes, then grabbing some food at Yardhouse, which took a little over an hour, we were expecting to be pretty close to seeing Santa.  We received a text that said our wait time was now 96 minutes.. We went to the cashier guy",1.0,False,140,2865,19,0
bot_5231,biz_120,Outstanding quality! Best purchase on the market! Absolutely love it!!!!,5.0,False,3,1,0,1
user_3094,biz_052,"boo ya, this place is great for anyone on a budget and is a conscious social shopper. Most of the stuff is local, including the fish at the back, smells overpowers the place but it is a local fave and I give props to anyone who doesn't forget who they are. I like getting fresh veggies, cereal, sandwich goods and milk for cheap at this market.",2.0,True,91,68,35,0
user_7295,biz_051,"This was my first time to 7 Day Spa & Nails. The salon is very small and I was surprised how many people they crammed into the place, it literally felt like people were standing/ sitting on top of each other. I do have to say they were very accommodating and were able to get me and my two friends in, in under 15 minutes. I got a pedicure and was very pleased with how everything turned out... that wasn't the problem. When I went to pay, the manicurist asked how much I wanted to put on my card and I told her $30, $25 for the pedicure and 5$ for tip, when she came back with the receipt it was only for $25. I asked her why it was only $25 and not $30 she said she \""""forgot\"""", mind you this all happened in less that 30 seconds, so I don't know how she \""""forgot\"""". I asked if she could run my ",1.0,True,186,2329,46,0
user_3831,biz_031,"As corny and cheesy as this show was, I totally enjoyed it. Yeah they can't really dance but who the hell cares? They are hot, half naked men shaking their stuff for all the ladies. Who doesn't love that? The host, Marcus, was not only extremely hot (I actually thought he was hotter than the rest of the guys in the show) but he was funny and entertaining. My favorite guy was a thick, sexy, bald man who could break dance like nobodies business. This is definitely a great place for a bachelorette or birthday party. If you wear a sash or a crown you have a better chance of getting up on stage and getting your own show. You have the opportunity to take a photo with the boys at the end for $20. Me and my girlfriend totally enjoyed it. We screamed and hooted and hollered the whole time and left ",2.0,True,264,1711,8,0
bot_6111,biz_184,GREAT product arrived fast works perfect love it would buy again 5 stars!,5.0,False,1,5,0,1
user_2375,biz_015,"There's nothing more fun than checking out the latest additions to the strip & the Linq is it.\n\nOk first tip of the day is if you have a local friend that lives in Vegas, hit them up to get you a locals discount at the highroller. That $5 saving during the day comes down to $16 & some change & its less of a wait in the day.\n\n...however ...\n\nThe evening is definitely a sight to see. Lots of fun, trendy,  Vegas type things to do. With places like Yardhouse, FAME, the Quad, Polaroid Fotobar, Sprinkles Cupcake & Ice Cream, Purple Zebra & tons more I'm sure you'll find all sorts of entertainment & places to visit.\n\nFree parking is available, as well as Valet. \nIts a good place to park & walk to Cesear's Palace as well. Its a short walk across the street.\n\nDefinitely check out Polaroi",2.0,False,148,356,59,0
user_1210,biz_066,"glutton for punishment, i am not. accurate documentation of prescription- fail. communication with 1-800-contacts & fill of script- fail.",1.0,True,96,1107,45,0
user_8304,biz_012,"Buy a growler and take it home...okay you got me.\n\nI was wary when I ordered my chef's whim pizza. I thought it literally was going to be made on the fly and whatever he felt like. It's actually just a daily special pizza. No you don't get a unique pizza to you. Sadly...thats what i was hoping for.\n\nInstead it was a very vegetarian sounding pizza. It had beets and corn in it..which scared me.\n\nI have never eaten beets before...so i was kind of scared. I went through with my decision...mostly because my wife made it for me. Good thing because the pizza was delicious. Not sure what beets are supposed to taste like...i thought they would be red, they were yellow..and sweet tasting. Is that normal? not sure but the pizza was good.\n\nAnyways...ended the night with my growler in hand...+1",2.0,True,111,437,11,0
user_4008,biz_041,"I usually love PT's and this one is great because it is close to work. My last visit was kinda different. \n\nStopped in after work to grab 1/2 priced drinks and food after a long day of work. Sat at the bar and was served right away in it's normal fashion. Then once we all ordered our drinks and were looking at the menu the female bartender was like \""""oh are you looking for happy hour specials? I think you might be, well we have changed our 1st happy hour from 4-7 to the new time of 3-6.\"""" The time now was 7:25. I was so pissed that no one told me sooner. She \""""claimed\"""" that it started 2 weeks ago and she wasn't sure which ones. I told her they need to get on that because their radio commercials, and banners still had the old time. I then checked yelp and happy houred and neither wer",1.0,True,58,316,32,0
bot_7877,biz_056,Outstanding quality! Best watch on the market! Absolutely love it!!!!,5.0,False,2,24,0,1
user_3714,biz_037,"I went for lunch with high expectations, and was bitterly disappointed.   I ordered the \""""choose two,\"""" including the pastrami reuben sandwich and the beer cheese soup.   A brew-pub has to have great beer-cheese soup, right?  WRONG!!!!  The soup was like a creamy caraway broth with some green onion garnish.  No taste of cheese or beer, just gross.  The Pastrami Reuben, described as served on Cranberry Nut bread, looked interesting on the menu.  However, what I received was essentially a large cranberry nut scone (about 4\"""" tall) sliced in half with three small pieces of pastrami, a few shreds of sauerkraut, and invisible swiss cheese.  I normally do not send things back in a restaurant, but this showing was so horrible, I sent it back.  I tried the $13 American Kobe burger instead.  Eh.",1.0,True,270,1176,18,0
user_5173,biz_174,"\""""over-cooking\"""" seems to be the overriding theme for this evening.  my binion-cut prime rib was a bit on the cooked side when i asked for rare, but my husband's filet was nicely rare.  we overheard the waiter telling the next table that the chefs tend to overcook their lobster, and on the way out, we heard another waiter telling the manager that one table paid only for the appetizers because the entrees were overcooked.  i guess that's one way to get out of paying your check but unfortunately i believe there is some truth to it.",1.0,True,18,1868,54,0
user_2144,biz_086,"The food is very good, but the service leaves MUCH to be desired. I visited with six family members on my birthday a few weeks ago. We waited about 45 minutes for a table to open up, but I figured it was so there would be a table to accommodate my grandmother, who was in a wheelchair. Eventually, the ma\u00eetre d' called our name, and we went to our table to find that my grandmother's wheelchair would not fit. I snuck away to go to the bathroom, and I returned to find that the ma\u00eetre d' split our group into four and two, putting my grandmother and grandfather at a table about twenty feet away from where the rest of my family was seated.\n\nI ordered the pancakes, which were not only excellent, but about ten minutes later than everyone else's food. We asked a waitress where my pancake",1.0,True,64,2957,35,0
user_6529,biz_006,"I was so excited to have some yummy Mexican for the lunch. So disappointed to have average Mexican for lunch. \n\nAverage Mexican Food can still be OK but what turned me off was the sanitary conditions. The cooks would handle food, money and packaging items and never washed their hands once. Unless you count wiping their hands on their jeans washing! \n\nI was waiting for my food which gave me time to look closely at the restaurant. I always say if the floors, bathrooms and corners of the restaurant are dirty, so is the food handling. I did not go into the bathroom but I did notice a filthy dirty high chair sitting in the corner. \n\nThe guy at the counter was not the friendliest but he got the job done. Going back for more? No thanks!",1.0,True,226,738,15,0
user_7804,biz_076,"Old on the review but my hubby and I booked a  room for to celebrate our birthday. Loved it. Its pretty huge and you feel as if you're walking in a circle but your not because their are a lot of shops, restaurants and shows inside the hotel not to mention casinos. \n\nWe wanted to eat at their Buffet but the line was way toooooo long so we decided to eat at the  Avenue Cafe  (inside the hotel as well). Very great on the food and customer service. But IF you're on a budget, they have McDonalds and other reasonable fast-food joints in the hotel, other hotels along the strip.\n\nALSO, the drinks are awesome! \n\n\nOh and the our room was nice & Clean.",2.0,False,299,78,16,0
user_5690,biz_139,"This place is awesome!  Where else can you hear incredible live jazz music for free on a Monday night with reasonably priced drinks?  Any other major city (like, say, New York), the cover would be at least $15, and they would make you pay for the second set, as well, and a place to sit or stand with a decent view of the musicians would be hard to come by, and by the end of the night you would end up feeling ripped off.  \n\nGranted, this place can get crowded on the weekends, but no wonder.  The beer (no draft) and wine selection is good, the vibe is laid-back, and the music I've heard has been great (I've only see one group here--Jiggle--and they play jazz.)\n\nTip for music-lovers:  Sit or stand in the room where the music is.  Sitting any farther back and you may be tempted to take a sw",2.0,True,215,1586,23,0
user_2993,biz_048,Absolutely wonderful place they are having a Christmas party for their employees and employees gawker children and Santa Claus is here. What more could a person ask for this is absolute Nirvana.,2.0,True,299,1649,72,0
user_2372,biz_082,"I don't know how he did it, but somehow my buddy got us (\""""us\"""" was 5 chicks in short skirts though, so that maaayyy have had SOMETHING to do with it... ) in here without waiting in line OR paying cover AND there was a major artist (Tiesto. Winning.) in that night. Nicely done, I appreciate, especially since one of my rules in Vegas is never to pay cover ;)\n\nAs soon as we got in there, we were greeted by sweet decor that I have come to expect in Vegas. Drinks were expensive, but hell, if you're expecting one thing in Sin City, it's that. I only had to buy one round, so whatever. For all their expense, the drinks were decent I suppose, nothing really to write home about though.\n\nBut here's the kicker and why I actually decided to give a nightclub 5 stars (I usually don't, I am not the",2.0,True,56,901,21,0
user_2790,biz_051,"I've seen enough zombie movies to feel pretty competent in my knowledge of the undead.  But book learnin' ain't the same as street smarts, which is why I dig the Usery Pass Shooting Range.\n\nConsidering the fact that we're in a relative period of peace with regard to zombie human relations, I don't feel the need to own any fire power.  I like to be prepared, but I'm not paranoid.  Luckily, I get to work in some training drills when I go out with a couple of my well armed friends.  As a bonus, it's a very structured environment for target practice, with all sorts of park rangers keeping an eye on the going ons, so nobody ends up the victim of idiocy.\n\nLike most newbies, I dig .22s because they don't have any recoil.  The range provides targets that you can stagger at different distances ",2.0,True,75,1235,26,0
user_7822,biz_151,"It's fast food sushi at its finest. Choose your ingredients: protein, rice, veggies, sauce, etc. and they will 1.) Roll it up  2.) Make a rice bowl  3.) Make a salad bowl. Mine was delicious, fast and fresh. With more then I could eat (I went for bowl option). The only thing I'll pass on next time was the Fuku chips. Not my favorite. Going to try a roll next visit. \nI wish there was this kind of restaurant for ALL my favorite ethnic foods (is that terrible to say?) Not for every meal, but perfect for fresh. fast lunch on the go that's not your burger fast food. Can't wait to return.",2.0,True,162,2490,77,0
user_4855,biz_020,"The food here is just average. I expected more and was pretty disappointed with the quality of the food. It was also very dark, loud, and the service was really slow.",1.0,True,210,2507,29,0
bot_9296,biz_120,Love this item so much! Perfect perfect perfect! Five stars always!,5.0,False,2,23,0,1
user_9366,biz_140,"Love this place. The ordering process is less than ideal but the food is amazing. If you want Mexican but something a little different than the regular...try this place. The mole fries are amazing. Everything is homemade and fresh. Huge draft beer selection. Good for picky kids, too.",2.0,False,38,209,9,0
user_2823,biz_112,"By far the best cab experience I have had in Phoenix.  I travel often and have been disappointed by other cab companies who do not show up as scheduled and/or dislike payment via credit card.  Tru Cab called ahead of time, as promised, for pick up to the airport and texted me as soon as I got off the plane with their location for pre-scheduled pick up from the airport.  Both cab drivers I had were extremely friendly and funny, they made the experience enjoyable.",2.0,True,208,2820,75,0
user_1837,biz_061,"Great selection of fresh meats and vegi's - sauces are to die for; reasonably priced and kids love it.    Watch out for coupons, they have them often.",2.0,False,254,686,61,0
user_7758,biz_095,I never get service here when I go!!! I always end up having to leave the store. In the past 8 years since I've live in Charlotte I have attempted this about 5+ times!,1.0,True,249,526,49,0
user_5057,biz_030,"So this place is interesting. Got sucked in to a TimeShare presentation, since that's what the property is.\n\nIt has a cooler story than atmosphere. The Cosmopolitan sits right on top of it now. Cool that you can use the amenities of a newer hotel when you stay at the Jockey.\n\nThe people are sleazy though. The sales guys pushy and when you say no, they send in the circus to try and close you three more times.\n\nOh well. I got some free stuff and decided if I ever buy a timeshare, it won't be here!\n\nThe Grandview is better ;)",1.0,True,252,1063,44,0
user_8767,biz_185,We golfed yesterday . It was cart only . The course was wet and muddy. The rough was very tall and thick . It was almost impossible to find your ball  we lost about a dozen balls . The ground was wet so it was very inconsistent . The greens  were relatively  smooth and about an 8 it was a lot of walking  shot my highest round in years,1.0,False,221,383,6,0
bot_4156,biz_009,This is THE product everyone needs! Perfect! Amazing! Incredible! BUY NOW!,5.0,False,2,4,0,1
user_7239,biz_035,"This place has really gone downhill. I recently went for lunch with my mom, and she ordered a salad and me the roast beef sandwich.\n\nHer salad had a chicken tendon or ligament in it. It was disgusting. When we told the waitress, she was adamant that it was normal. The manager then came out and apologized, but they didn't take it off of the bill. Seriously? That's not how you get me to come back.\n\nMy roast beef sandwich was very average--not hot, bread not crispy, just average. I could make a similar sandwich at my house for half the price. \n\nThis place has really gone down in my books. I probably won't be back. Oh well.",1.0,False,96,1409,29,0
bot_5452,biz_018,Best product I have ever purchased in my entire life! Highly recommended!!!,5.0,False,4,16,0,1
user_6194,biz_090,"Hands down the best auto place in Chandler.  Honest guys with really reasonable prices.  I've gotten my brake fluid ($35), front brake pads ($130), back brakes cleaned ($58), and car alignment done here.\n\nI've always been able to bring in my car in at most 2-3 days after I called.    Couple of times I was serviced in the same day.  Waiting area is spacious (accurate to pix posted) and has WIFI.  I've always received awesome, honest service.  \n\nI won't even bother with other car shops since I've always got the best service & lowest pricing here.",2.0,True,186,171,26,0
bot_9887,biz_116,Absolutely wonderful item! The BEST on the market! Buy it today!!,5.0,False,2,19,0,1
user_3692,biz_045,"Extremely disappointed with this place.....was looking forward to \""""Beat the Heat -- Arizona Winterfest\"""" at The Venue Scottsdale last Saturday, but as other reviewers have mentioned...it was quite simply a disaster.  No A/C. No A/C. No A/C.  Enough said.\n\nI did at least get my money back.",1.0,True,40,2535,40,0
bot_4512,biz_134,Love this mattress so much! Perfect perfect perfect! Five stars always!,5.0,False,4,8,0,1
bot_1568,biz_172,Outstanding quality! Best coffee maker on the market! Absolutely love it!!!!,5.0,False,2,20,0,1
user_3898,biz_012,Stopped in for dinner and a drink prior to our flight.  It was the only place open on a Sunday evening at 5:30pm in Term D which is insane for how busy it is.  The food was so so - I had the pizza and it was a bit soggy.  My partner had the salad and it was tasty but looked a tad old and wilted.  We also had double gin and tonics and we couldn't taste the gin whatsoever.  There were no forks in the area so they put a box of them out and opened the top.  They didn't call out our order number so our food had been sitting out on top of the display case for about 10 minutes before I went up to check and see if it was ready yet.  My suggestion is to get food prior to going to terminal D. Stay away from this Wolfgang Puck.,1.0,True,119,2529,18,0
user_4512,biz_124,Watched their while they were at the Harrah's Hotel and Casino.\nA lot of fun. Hard to imagine while Australian guys can perform so well with their tribute to Motown.,2.0,False,84,2818,76,0
user_3861,biz_196,We love this place!  My husband turned me on to Sushi and I am still exploring lots of options but this place is by far the best we've found in the Valley.  \n\nIt can get very crowded and quiet noisy.  We avoid Friday and Saturday nights after 8:00pm when their happy hour kicks in again. The noise level makes it difficult to have a conversation.   \n\nWe did have one experience that could have been handled better but you can NOT beat the sushi.  I would certainly suggest you try it.,2.0,True,156,2390,68,0
user_4952,biz_112,"This is a truly \""""special hotel\"""". I have booked hundreds of hotels in US. This hotel is the \""""only one\"""" that will charge you extra $16 service fees when you checked out. You booked from priceline.com and paid tax and fees on the website. When you check out from the hotel, the hotel will charge you extra $16/room/night for shuttle service and internet no matter whether you used these service or not. This is truly outrageous since when I checked in, the agent didn't even inform of this hidden charge and I didn't even use their internet. So, guests be aware of this crappy hotel.....",1.0,True,100,2727,54,0
user_7469,biz_075,"The only downside is that I didn't find this place sooner. No joke, that's exactly what my husband said when we finished our meals. Bottom line is that this place delivers fresh tasting flavorful food in generous portions for decent prices. Worth going back to try more menu items and when I'm craving gyros (which is quite often) - yum!",2.0,True,90,1328,24,0
user_5444,biz_044,"I had to take a star away.  I ordered the Teriyaki Chicken rice bowl and was very disappointed, it tasted really strange and really soggy.  My co-worker said it best, he said it tasted like a frozen meal heated. \n\nI'll stick with the 5 star wraps and salads and leave the 2.5 star bowls for them to keep.",2.0,True,258,1371,1,0
user_1800,biz_060,"I love, love, love Tokyo Lobby!  I go there at least once a week for lunch or dinner.  It is a little jewel in a strip mall that I though was my little secret :)\n\nThe restaurant was introduced to us about 2 years ago through a friend's ex, but that's another story.  At that time it was in a much smaller space, but within the last year they have relocated to a much nicer location.  \n\nThe sushi is phenomenal!  The best I have had in the valley, and I have tried many.  The rolls are to die for - large, flavorful, fresh and they never skimp on portion size or taste.  The staff is attentive and friendly.  Good sake, many flavors and sake bombers - hey why not? \n\nMust try: baby lobster roll, crunch roll, monkey brains and heart attack\n\n(mmmm...i'm salivating just thinking about it!)",2.0,False,16,1659,68,0
bot_8640,biz_060,GREAT product arrived fast works perfect love it would buy again 5 stars!,5.0,False,2,2,0,1
user_3792,biz_199,"Square shaped ice cream, you are delicious. Tried the cookie dough yesterday, and thought I tasted a hint of maple? Don't care for maple anything unless its on my pancakes, but with all of Thrifty's many flavors I know I'll find a new fave. Excited they have bubblegum! - I obviously have the taste buds of a 6 yr old. \n\nMy daughter really loved the cotton candy ice cream; I loved the technicolor goatee it gave her. My youngest enjoyed the circus animal cookie ice cream, she was picking out the cookies in between bites. \n\nWe'll be back soon to try more flavors. This was our first ever Thrifty experience. Yummy!!",2.0,True,235,1527,40,0
user_7297,biz_052,"About one year ago, I stayed here and my room was broken into and robbed. Not only my room but 3 other rooms on my floor.\nThe head of security was very nice and seemed upset that they got through 4 rooms before being stopped. \n\nHowever, the front desk was very mean. Telling us they didn't have another room for us to go to yet, making us wait upwards of an hour in the wee hours of the morning when I just wanted to sleep and forget about all of it until the morning. \n\nSo I called the person who is in charge of \""""making things right\"""" who insisted Excalibur is at no wrong doing. She offered us a stay in a standard room. I told them, I have been coming there as a kid with my family now coming as an adult. I don't want to stay in the standard room again, I am traumatized. They said no, s",1.0,True,198,524,11,0
user_8931,biz_195,As a big fan of their Bahamas location I was excited for Carmine's to open in Las Vegas but to my surprise it was a huge disappointment! :(  Service was horrible (waiter took our order and pretty much forgot about us) and the dishes are cooked better in the Bahamas. Listed below is what our meal entailed: (Hope it helps)\n\nCalamari: The best dish of the night. \n\nCarmine's Salad: Don't waste your money on this. The salad tasted bitter. \n\nBeef Tenderloin: This was their Thursday special but don't waste your $79.99 because there is nothing special about this plate. It took over an hour to come out and it looks like a lot of meat but in actuality they stuff the plate with a lot of potatoes and layer the beef on top. It was dry and unsatisfying.\n\nVodka Pasta: Good dish nothing to rave ab,1.0,True,218,297,67,0
user_3052,biz_100,Love coming here to sample their chocolates and buy gifts for my relatives back home in Hawaii. Free water and a VARIETY of samples makes me super happy (especially on a hot summer day). \n\nI really appreciate their attention to detail. When I purchased a sampler set ($25) they also provided an ice pack to keep the chocolate cool in the Vegas heat. So smart! They even replaced my ice pack when I stopped by later in the day!,2.0,True,64,1073,76,0
bot_7622,biz_113,GREAT product arrived fast works perfect love it would buy again 5 stars!,5.0,False,3,13,0,1
user_2456,biz_039,"This was my first Cirque Du Soleil show. I was warned I would walk away in awe, and I did! \nFrom the second you walk in they pull you into the performance. The  performers are up in the rafters that line the treater as you find your seats, screaming and yelling to eachother. They walk around and interact with the audience. But BE WARNED, as I was taking a drink of my cocktail, one of the performers jumped on the back of my seat and spilled it all over my new dress : (  I know, Boo Hoo, right? Regardless, it was a great show. I don't want to give too much away, So add this to your \""""Vegas too do list\"""" and we'll look forward to reading your review in the future.",2.0,True,37,968,26,0
user_6424,biz_160,"This could possibly be my favorite place to eat in all of Vegas.\n\nIt's located in a strip mall on the NW corner of Charleston and Rainbow- which is right in my neighborhood, making it one of the only restaurants I frequent near my home.\n\nThe owner, Jin, is seriously the friendliest person I've met. He knows everyone's name- seriously, everyone! He always remembers me and everyone else who comes here, which makes us all keep coming back!\n\nSo now, about the food.. These chicken strips are delicious. I've tried all three varieties. The baked have so much flavor, and the grilled are great too. My favorite is the fried. These are not your typical American chicken strips- battered, sodium laden, and fried. These chicken strips are panko breaded and fried to perfection- coming out steaming ",2.0,True,91,500,12,0
user_2686,biz_024,We were wandering through the Wynn and were looking for a place to eat. After looking at the menu we decided on Lakeside. I would recommend this to anyone who needs to eat gluten free. Let me tell you why. \nThe menu has a nice variety of fish and shellfish. They let you decide how you want it cooked and what if any sauce you want on it. They have a separate gluten free menu which made ordering for my wife very easy. \nThe fish we ordered was superb. Perfectly cooked with some very nice garlic mashed potatoes and roasted vegetables. \nTo add to the experience they baked some gluten free bread for my wife and served it right out of the oven. The chef also stopped by to personally check that her allergy concerns were addressed. \nThere was literally nothing to critique so I am giving them 5 ,2.0,False,27,2970,7,0
bot_1250,biz_037,Super super great product! Best seller! Number one! Perfect perfect!,5.0,False,1,20,0,1
user_3436,biz_027,"This place has a lot of potential, but certainly misses the mark on food and service. There were 5 of us on a Thursday that arrived at 5:00. Maybe 1/2 a dozen people there having drinks. We ordered our drinks from our server, but there was no bartender in sight. The bartender re-appeared, and starting serving people at the bar as they came in, ignoring our drink order. We waited 15-20 minutes for our drinks. We then ordered food, which took a solid 50 minutes to come. I ordered soup, which I anticipated being there prior to my meal, which was delivered with my meal. My caprese sandwich was I thought going to be grilled- however was cold, and served on cold toast. Our food had sat in the window for at least 20-30 minutes before being delivered to our table, and it was not busy at all. I tri",1.0,True,161,1384,45,0
user_2990,biz_167,Opened for a couple months then closed down!!! Scammed many people out of their Groupon. And now groupon has to lose money to refund everyone. Shame on this place. Couldn't even last a year and had to resort to scamming.,1.0,True,214,953,58,0
user_4589,biz_183,"Sadly disappointed.  I've passed Lola's an uncountable number of times and each time thought I needed to try it.  I finally did tonight and was terribly disappointed.  For anyone that has been to Firefly in Las Vegas there is just no comparison.  The sangria was decent but nothing special and the tapas were just \""""so so.\""""  The atmosphere was busy and our service sucked, but it was a very unique and cool environment.",1.0,True,297,1207,9,0
user_7596,biz_188,I used to love to go here. The food used to be excellent every time you went. Now you never know what to expect and the prices are too high for the so-so food. I will go back again someday but not real soon. For a family of 4 dinner after my son's graduation cost $65. Way to expensive for mediocre food.,1.0,True,77,2709,43,0
user_8815,biz_124,Four flights on US Airways in the last three days and not a single one left or arrived on time.,1.0,True,46,1188,34,0
bot_3086,biz_079,Amazing quality! Fast shipping! GREAT item! 100% recommend!!!!,5.0,False,1,12,0,1
user_8045,biz_032,As I shared in the tips! I have stayed here many times! Never any complaints! I love this place and will keep coming back!,2.0,True,71,1865,68,0
user_3900,biz_167,"Wonderful shop. The staff is so helpful and will even order a specialty item for you, if they don't already stock it. I really appreciate that almost all products here are vegan (except for obvious things like eggs), so you don't have to spend time scanning every label. Some of their brands are also worker-owned collectives, like the pasta company, and the veggies tend to be from local farms. Other favorites include the smoked tofu from Engine Shed, the za'atar, and of course their selection of chocolates!\n\nIt's pricier than I am accustomed to, but I am very glad to support a worker-owned store. Thank you, New Leaf Co-op!",2.0,True,234,1481,46,0
user_9296,biz_057,"I'm going to do a pro & con list to make it as easy as possible to lay out my thoughts about the restaurant. Consider my review more like a 3.5.\n\nBackground/Facts:\n- I've eaten at Monte more times than I can count. \n- I visit mostly for breakfast and brunch. \n- I've been to Cafe Monte several times for dinner.\n- My husband has celiac disease and cannot have any gluten.\n\nI'll do the con first so as to end on a positive note. \nCon:\n- Biggest problem is food quality consistency. I tend to find a favorite dish and order it over and over again. Doing things this way makes me aware of any changes made to the dishes (also, simply the poor execution of said dishes). So, for example, I can't help but notice when the English muffins served as part of Monte's Classic Eggs Benedict suddenly ",2.0,True,158,182,28,0
bot_5143,biz_172,This is THE product everyone needs! Perfect! Amazing! Incredible! BUY NOW!,5.0,False,2,7,0,1
user_9072,biz_068,"Good food! Although, there was this strange flavor that seemed to be carried throughout each main and side dish. Great service, and the food came out at the right temperature and promptly. Fpr cleanliness, I would rate it 4 out of 5.",1.0,True,99,660,55,0
user_6857,biz_180,Vdara where you might get pregnant by just sitting on the couch!\n\nThis hotel has unqualified staff that is incompetent. Stayed here for business this week check in was ok the room wasn't ready but they quickly found another room on a different floor. When dropping off luggage into the room and checking out the layout of the room it was noticed that there was a huge white stain on the couch. I think we all know what this was gross!!! \n\nSo here comes the trip to the front desk to alert the staff of the condition of the room and to request a room change. They should have apologized up and down this didn't happen. They should have also offered to change the room it shouldn't have taken us requesting that be the course of action.\n\nThe luggage was still in the room so the receptionist said,1.0,True,92,2891,49,0
user_2740,biz_083,"So I wanted a full interior and exterior detail done and my roommate got a GroupOn for this place so I figured we'd go and get our cars done at the same time. I decided to spring for their $200 premium detail package. Sounds great right? WRONG. Where do I start?\n\nFirst off, the guy that was taking our orders said the premium detail includes a 2 step wax job and claybar. When I picked up the car, it was obvious it wasn't claybared. The car didn't look much better than just taking it through the wash. Half of the rear bumper had swirl marks. They went way overboard on the leather conditioner and interior cleaner. I could feel the excess on my hands from the steering wheel and airbag. The detailer didn't even put the floor mats back in the car. He put them in the trunk and told me, \""""You c",1.0,True,101,2213,63,0
user_5022,biz_070,They have great pizza and now have a new menu.  I tried the Lasagna and being Italian I never ate one better than mine until I had their's.  I had to tell the chef.  They also have a stracciatella soup which is an egg drop soup (not on the menu) and it is delicious.  The other friends I was with loved the meals they ordered,2.0,True,95,127,12,0
user_5698,biz_198,"This place is amazing. Definitely the best BBQ place in Vegas. It's a little out of the way, but definitely worth making the trip down there. The food is awesome and the staff is really nice too! And the prices are really decent for the portions they serve. The outlaw burger and the beef ribs are a definite must try. I would definitely go there again if I'm ever craving for some good BBQ!",2.0,False,170,2255,65,0
user_7631,biz_066,Don't use them their pick ups or not ever 15 min.,1.0,True,63,2076,18,0
bot_6958,biz_046,Absolutely wonderful coffee maker! The BEST on the market! Buy it today!!,5.0,False,1,11,0,1
user_1640,biz_039,"Service is awful.  The food came out in a very bizarre order.  There were three of us.  My friend Brandon's fries came first.  They were a SIDE.  For his MEAL.  Not the appetizer.  But we all picked at them.  Because we were HUNGRY.   For our APPETIZER.  \n\nNext two of our entrees came out.  The third came much later.  Awkward.  \n\nTHEN alas, our appetizer arrived.  AFTER our entrees. \n\nJust ridiculous.  \n\nOur bill came before we were finished eating.  We wanted coffee.  So we ordered that.  And then the SECOND bill came.  \n\nThe food tasted pretty good.  \n\nThey were not crowded on a Saturday around noon- prime brunch time.  (Which makes even LESS sense about the bizarre service trends.)\n\nThe area is cute- a little off the beaten path.\n\nAt this point I am really digging for ni",1.0,True,293,1437,14,0
user_3200,biz_033,"I guess as far as Raising Cane's goes, I'm in the minority looking at all the 5-star reviews this place has been receiving.\n\nFor the unfamiliar, this is a fast food joint that specializes in one thing, and only one thing - chicken fingers. That's about all there is to this place. All they have are chicken fingers, fries, bread, their signature Cane's sauce (and basic sauces like ketchup), and drinks. Nothing else. There is ONE KIND of chicken finger, so if you're expecting a place like Buffalo Wild Wings where you can go in and get your chicken cooked in one of 15-or-so types of sauce, go back to sleep. Variety is the spice of life, and Raising Cane's doesn't have it.\n\nThe staff here are always friendly and have a positive attitude, however I find it annoying the way they ask for your ",1.0,True,266,268,35,0
user_6445,biz_155,"Make the dicks that work here your last resort literally. This review is based on my bar experience only seeing that I did not eat the food. This is supposed to be a fun party atmosphere. The bartender (white guy didnt get his name unfortunately) looked miserable under his fun balloon hat. When we entered the hotel, they were giving away 2 for 1 drink cards trying to get anyone to go in there. Well i tell the bartender if i can have the 2 for 1 deal and he says No you need to have the card. You mean the card that everyone is holding? You want me to go all the way back to the front of the hotel to get the card theyre handing out to everyone? Yes. So i go back and i get the card and come to him with it. He scowls and pours me two weak drinks. The hostess looks at me like what are you doing h",1.0,True,128,1244,73,0
bot_2075,biz_175,Amazing quality! Fast shipping! GREAT purchase! 100% recommend!!!!,5.0,False,3,17,0,1
user_5904,biz_057,"Always packed, great beer selection, and the food isn't too bad either! The 2nd best beer bar on the strip! Surprisingly they had a few Cask Ales to choose from, which is a rarity within the Las Vegas area... so naturally, with that enhancement, it bumped it up from a 3 star to a  4 star...\n\nI would very much like to see some more promo's for the locals however.. the nickel beer night was a huge hit... but they unfortunately got rid of it :-(",2.0,True,88,2421,74,0
user_2217,biz_134,"Ok, I have tried this place one too many time with same bad result.\nFOOD good.\nSERVICE slow.\nSEATING break your wide hips uncomfortable\nGet booth and have plenty of time.",1.0,True,278,1598,20,0
bot_2585,biz_194,This watch changed my life! Perfect in every way! Five stars!!!,5.0,False,3,9,0,1
bot_2802,biz_182,This product is simply OUTSTANDING! Better than I ever imagined!! 5 stars!,5.0,False,4,16,0,1
user_7695,biz_185,"Been here a few times for drinks, LOVE IT! So fun, always a loud and happy place to hang out. Fun for a big group of friends or just good for a date night.\n\nCame out for dinner with the bf and Gabriela was our server. Was funny, attentive and got our orders right and was GREAT at refilling our mugs. \n\nI dig this place. Highly suggest the chicken sandwich it is HUGE.",2.0,True,164,421,35,0
user_4034,biz_036,"I actually went to the Jersey MIke's on West Chandler Boulevard - but the review is general for the chain.\n\nI second the many other reviewers that this sandwich shop is way to expensive for what it provides (approx $1 more expensive then other general sub chains). The toppings are limited, the meat is nothing fancy to make it more expensive, there is only two choices of bread and there is no toasted option. For as much as I paid for my 5 inch sub - I could have ventured over to the nearby souper salad and recieved a more comprehensive meal",1.0,False,22,2479,4,0
user_7112,biz_090,"you can never go wrong with Brio. They have a good variety of options and pretty much everything on their menu is very tasty. I would highly recommend this place for happy hour. You can not beat their prices on their food and drinks\nservices: Good\nprep time: 15 min\natmosphere:  trendy, clean \nBest Thing:  free bread !! :)",2.0,False,202,1599,51,0
user_4082,biz_024,"Probably the best show we've seen so far! It's really worth it, nice theater built especially for this and the show is amazing! Try to not seat in the first 3 rows, you'll get wet. You can get drinks and popcorn, but they are pretty expensive.",2.0,True,116,2731,39,0
user_3510,biz_116,"Sorry for the lack-luster tip, but not really! I would give this a one-star rating, if we had never been here before...\n\nWe go out for sushi quite a bit!! We've eaten at Sushi Eye (Warner, west of the 10) once before, and it was \""""ok.\"""" So when we saw the Groupon come up, we decided to try it again. This time, the food seemed more overpriced, the portions seemed smaller, and taboo of all taboos, the rice was definitely not cooked thoroughly. And, to top it all off, the service was....well, just bleh! We kept having to look for and flag down our server. When the restaurant isn't very busy, that does not bode well with us, especially when we are sitting AT the sushi bar and they wouldn't let us place over-the-counter orders - their bad!\n\nWith all the choices for good and great sushi in",1.0,True,288,1338,22,0
user_2987,biz_197,"Yay, finally opened to the public",2.0,True,156,2158,63,0
bot_5407,biz_150,Love this product so much! Perfect perfect perfect! Five stars always!,5.0,False,2,10,0,1
user_1229,biz_094,SAVE YOUR MONEY! Was on vacation and family took us here. Worst pedicure of my life. Was over in 30 minutes and they missed several areas of rough patches.  The wine does not make up for the lack of attention given to massage or the actual pedicure. The workers spent more time talking to each other than doing the pedicure.  Very dissapointed and wish I could get my $30 back! NEVER SHOULD HAVE TIPPED FOR CRAPPY SERVICE!,1.0,False,183,401,74,0
user_5033,biz_084,A great little place away from the strip.  The service at this place was extremely wonderful.  The Hummus and fries for appetizers... great!!\nThe Chicken Curry and Gyro was both delicious! Can't wait to stop in again.,2.0,True,99,1725,0,0
user_8846,biz_065,"I purchased a package for 18 face sessions last year for $400 which at the time seemed like a great deal for the price. You absolutely get what you pay for which is cheap laser hair removal and horrible customer service from very unprofessional people. After a few months worth of  sessions I did not see any significant decrease in hair growth and the worst thing was the girl burned my scalp by not paying attention to where she was using the laser! It has been almost one year and I still have a noticeable bald spot on my head, and the company fought me on even refunding my money. Do not use simplicity unless you want to waste your money and permanently ruin your face or body! I regret it.",1.0,True,118,2261,9,0
user_5438,biz_047,"After having read many reviews on the different Vegas airport shuttle companies (and their difficulties getting people back to the airport) it was obvious that it was wise not to book a round trip ride, just one-way from the airport to the hotel, which is what we did.  The trip charge for my husband and I was $12.00 ($6.00 each).   The shuttle took off soon after we boarded and was pretty full.  The first stop was the MGM Grand and about half the people on the shuttle got off.   The next stop was our hotel (The Four Seasons next to the Mandalay Bay).  It took a total of fifteen minutes from the airport to our hotel.  With the tip the total cost was $15.00.  When we returned to the airport we took a cab.  The cost (including tip) was $18.00 - not much of a difference and we knew we would ge",2.0,True,33,2984,44,0
user_9236,biz_100,"One word.. AMAZING!\nMy boyfriend and I were in Las Vegas for 4th of July weekend and had heard about giada's. We already had dinner plans, but since we are such big fans of hers, we decided to check it out for a late afternoon bite.\n\nAs we waited for the doors to open at 5, we used Giada's photo booth which was such a fun start. We were promptly greeted and showed to our table upon opening. We were greeted right away from a very friendly cocktail server in the lounge. \n\nMy boyfriend order the giada cocktail and I had their blood orange martini (it had a much better name but I forgot) both were delicious.We ordered the burrata, bacon stuffed dates and the mushroom pizzette! All were to die for. We decided to also order a chocolate orange specialty espresso and my favorite.. Polenta cak",2.0,False,97,2482,57,0
bot_4702,biz_085,Outstanding quality! Best watch on the market! Absolutely love it!!!!,5.0,False,3,19,0,1
user_3205,biz_111,"Not my extreme favorite, but this place is good for a nice date or even a first date... Food was good...  I was there for a get together birthday party, I found it rather small for that type of event... but otherwise...good",2.0,True,72,1964,60,0
user_6925,biz_187,"This place is always hit or miss. Been going here for years and every time service and food is great and other times it sucks. One thing that's consistent is the staff is always rude. One night a group of my friends went to eat here at around 3am after a long night out and were laughing having a good time (not drunk), and the owners sitting at a table by us rudely told us to keep it down. We were the only customers in the restaurant. For the place itself, its nothing special and easy to miss. The food is probably the only thing keeping this place open. Philly cheesesteaks are always good along with the fries. However the last time I had it, the bread was hard. Calzones, pizza and chicken fingers are also a good choice. I've only ordered delivery a couple times and it always takes about an ",1.0,False,250,1399,17,0
user_4161,biz_067,Love how they've been upgrading this place! Starting to get name brand drinks and snacks. Even their vegetable sections are improving. I go here for the things I know if I go anywhere else would be more expensive!,2.0,True,162,2431,23,0
user_3546,biz_072,Store closing but not quite sure of the date. There are some deals to be had but there were also a bunch of holes in the store when I was there a couple weeks ago. It's worth checking out if you are a bargain hunter. You never know what you might find.,1.0,True,207,1571,52,0
user_5657,biz_123,The carne asada fries are great and they give you a ton of meat for just $6 you can't go wrong just add some of the fresh hot sauce from the salsa bar and your good to go.,2.0,True,275,1831,45,0
user_3914,biz_001,"They do do a great job (well the part they finished) that I will agree with, however, if they set a time to be there, figure on it being 3-4 hours later than they say.\n\nWith that said, I did give my father in law their number and they did do a great job there as well, however, on each of the days they were late.\n\nBack to the \""""part they finished\"""", they installed rock in my rear yard, cleaned it up, cut back some bushes.\n\nThe bushes were supposed to come out, that was going to get finished the next day. The next day I am at work, they showed up, talked to my wife, decided they didn't want to do what we agreed on and left.\n\nWith that said, for what I paid them, I do think they went above and beyond.",1.0,True,149,915,37,0
user_2343,biz_085,These people never seem to call you back no matter how many messages you leave. They also tell people different prices on items and will sell to the highest bidder even if the item was already sold.,1.0,True,110,1067,4,0
user_7564,biz_197,"It took an hour for drinks... Even though I ordered water. We placed orders about 45 minutes before the waitress came back and broke the news that they only have one more baked potato left... I'm sorry, what? Is this not a restaurant? For crying out loud, there's even a grocery store across the street.  I ordered the Southwestern taco salad and let me just save you the trouble. The taco shell was greasy, the tomatoes tasted old and the \""""mixed greens\"""" were the inside of a head of iceberg with a few pretty leaves dropped in for good measure... The service started to pick up to decent about 2 hours in... But I still don't think that's enough for an extra star... If I ever set foot in this place again, it will definitely not be by my own choice... Save yourselves, please.",1.0,True,285,680,37,0
user_2640,biz_055,"My husband and I didn't realize how far this place was from the Strip. A little too expensive of a fare for breakfast! HOWEVER, this place is super yummy. We did have a wait for about 40 minutes upon arrival as well. A local favorite. Combine tourists like us with locals, you got a busy place! Look in the 24/7 guide for a buy 1, get 1 entree free coupon. The banana nut muffin is served warm and is a must eat. We both got omelets - love the unique variety! The homestyle potatoes are super tasty and you get a generous portion. Fresh squeezed orange juice - a plus! The little black/yellow egg flipper as a service indicator is fun and helpful. Within seconds of flipping it to the black egg (meaning we needed service) the MANAGER was over at our table asking what we needed and joking with us. E",2.0,False,139,1808,10,0
user_2038,biz_149,Went here Last Month for a Bachelor Party Not impressed yes its the Worlds Largest Gentlemens Club But Quality over Quantity when It comes to Strip Clubs. A lot of Crappy Looking Girls with Crappy attitudes and it would not be so Bad if it wasn't so dam Expensive 1 Vodka Club 31 Dollars its OK I guess just don't think its worth the Price that's all.\nMaybe next time I'll check out the Blue Rhino.,1.0,True,206,1835,25,0
bot_4447,biz_167,BEST watch EVER!!! Absolutely AMAZING!!! Must buy immediately!!!,5.0,False,3,18,0,1
bot_8415,biz_017,Best product I have ever purchased in my entire life! Highly recommended!!!,5.0,False,4,11,0,1
user_6946,biz_049,"Zumaity is located inside New York! New York! in its own auditorium done up all velvety to look like an old burlesque. This was my third Cirque Du Soleil show, and I went into it not really knowing what to expect, and from the time you walk into the auditorium, still had no clue what I was in for. \n\nThe acrobatics where nice, sure they where not as stunning as some of the other Cirque shows, but that was made up just in the sheer enjoyability of the show. What Zumanity lacks in technicality, and don't let the term 'lack' dissuade you as it is still spectacular, it makes up in intimacy and entertainment. From the moment you walk in they have entertainers talking to the audience. I didnt go into Zumanity thinking id be giving a full figured buxom woman a massage as she fed me a strawberry,",2.0,True,107,1138,6,0
user_6066,biz_112,"I really enjoyed this place a lot until recently. Went there last Friday after work. They were out of Classic Vanilla and Chocolate. Uh. How does that happen?! Anyways, so I tried to make to with the tropical fruit flavor. Then I proceeded to the fresh fruit. There were GNATS all over the UNCOVERED fruit. I guess they left the doors open to the business and forgot they had fruit out on the toppings bar. I was very disappointed. I really loved this place but I might have to turn to Sweet Frog after this experience.",1.0,True,102,821,26,0
user_3203,biz_062,"This place is flat out amazing.\n\nEvery Item on the menu is great. I love the Spicy Korean chicken the most though. My other favorites would have to be the Fried chicken, chicken katsu, hamburger katsu, and the Kalua pig.\n\nBest Hawaiin food in town.",2.0,True,184,1921,44,0
bot_9757,biz_084,GREAT product arrived fast works perfect love it would buy again 5 stars!,5.0,False,1,2,0,1
user_3924,biz_028,"For a \""""Small\"""" airport, CDI sure does make a killing. It has to be one of the busiest airports on the east coast just because it services US Airways, like fo real.\n\nSome Drawbacks:\n-Only 3 security checkpoints\n-Continental's 2 gates are about the farthest from the checkpoint\n-Daily parking shuttle seems like it comes once every half hour.\nThat's about it.\n\nWhy I don't mind it:\n-Cheap daily parking\n-Delicious BBQ stand inside\n-Checkpoint lines tend to get long, but move real fast.\n-$25 cab ride from uptown.\n-Drive thru the hood to get there.\n\nCDI gets two thumbs up from this guy. Just move the continental gate closer please!!!!",2.0,True,100,1808,13,0
user_1294,biz_094,Great beer selection a terrace in the back.  And ever since they expanded its not the crowded mess it use to be.,2.0,True,222,2139,5,0
user_3240,biz_113,Heres my tip...dont order the philly sandwich.  The ratio of chicken filling to the bread was like 10% and the bread 90%  and they should be ashamed to even call it a philly cause they used cheddar sliced cheese.,1.0,True,215,1659,74,0
user_7636,biz_077,My husband and I have been going here off and on for about 10 months. Service is alright but food is pretty bland. We had the spinach con queso and it had no flavor to it at all. The tacos are super small and the fajitas also were pretty tasetless. The last time we went they raised the house wine cost by almost 50%!!!! It is ridiculous to charge $7 for a house glass of wine. They raised a lot of their other costs and it is not even worth it. There are so many other places to go. Really?!?!  $7 for a house wine. I don't think so.,1.0,True,61,1685,75,0
bot_7622,biz_144,Amazing quality! Fast shipping! GREAT purchase! 100% recommend!!!!,5.0,False,1,6,0,1
user_6795,biz_197,"Easy Street is the best downtown spot to enjoy a beautiful, relaxing lunch or dinner right in the middle of the city.I absolutely love the ambiance of this downtown restaurant. The patio is such a cool, hip place in the summer.  Grilled chicken sandwich with fresh avocado is my favorite. Everything tastes so delectably fresh and  flavorful. The service is always top notch too. I've also been here for a friend's rehearsal dinner, which was awesome. The party was a hit and the food was incredible. I'd recommend this spot for anyone hosting an event.\n\nWhen I come to Pittsburgh, my hometown, to visit I always stop at Easy Street to meet up with friends and family. Love this downtown gem!",2.0,False,140,319,53,0
user_5860,biz_176,"I went here... and I'm sad. It was popular, it was crowded, the music was good...\n\nBut WAYYY too many people. Guestlist took an hour to get in @ 10. Inside... there was absolutely nowhere to dance ! \n\nCoat check is expensive... wish I just left my coat in a corner chair. The stairs are annoying since there are drunken girls everywhere... drinks cost way too much anyway, and the service was horrible (probably because it was so busy). \n\nThe only saving grace is the sheer number of incredibly single, hot Asian guys.",1.0,True,277,125,49,0
user_5403,biz_104,"DO NOT, I REPEAT, DO NOT EAT HERE!!This place is GOD AWFUL!!! The service was pathetic. Me and my friend came to get some food and a drink to kill time because Southwest (which is an awful airline as well) got delayed. We were seated and me and my friend waited 15 mins for a waiter/waitress to take our order.  We were purposely overlooked and when we got up to leave, the waitress snatched our menus off the table to seem as if she was making a a statement. We don't know what we did to piss her off, but I guess when you have shitty airports, with a shitty airlines I guess it must be accompanied by a shitty restaurant such as Barrio Cafe Airport. As For the costs of their food and the attitude displayed, it is not worth A DIME to eat here unless you are in to evil waitresses and expensive shi",1.0,True,189,2493,71,0
user_5276,biz_126,"WCBnD is a true gift to Las Vegas! They have the best Italian Beefs and Hot Dogs in the entire Valley, hands down!  Who likes a dry sandwich? Make sure you get your beef 'dipped'. Italian Beefs are meant to be soggy form the au jus and falling apart as you eat them. Thats the ONLY way to eat one ;) At the very least, get a few sides of the au jus. It's all about the beef, the juice and the bread for an Italian Beef. If you like a little heat, be sure to also get their Pappa's Giardinera. Delish!  The hot dogs are mouthwateringly scrumptious! Vienna dogs, Chicago style, talk about Yum!",2.0,False,231,2039,64,0
user_3626,biz_097,Went with a co-worker and I am not a sweet things fan. But their cookie is creamy and sweet.,2.0,True,28,2612,8,0
user_9726,biz_076,"Anchor Steam on tap! My bf's taken me here for drinks a couple of times lately after we discovered it was right around the corner from Richardson's. It's cozy and friendly, and I noticed that both times after 9pm, it clears out. Our bartender says they stay open until 2, so maybe it picks up again later. I would like to try their brunch since breakfast is my favorite meal.",2.0,True,266,1118,67,0
user_2116,biz_069,"Customer service should extend from the headquarters, while in transit and directly to the customers door when you are a courier service. Today at 12:20pm (noon) I was on my way home in the Ocotillo area when I end up behind an ON TRAC van (with company log magnets on both doors). After following him about 1/2 mile up the road I put on my right blinker to turn, however the courier just yanked a right before me, with no blinker. The very first stop sign we approach, I have my left blinker on, however, the van driver in front of me, neither signaled to turn nor stopped, he just coasted straight through the stop sign turning left. After I'd come to a complete stop at the stop sign I turned left and proceeded down the curved road that I reside on. Once the courier driver sees my car in view ap",1.0,False,266,2733,30,0
bot_2052,biz_114,Incredible product! I love love love it! Best purchase EVER!!!,5.0,False,3,2,0,1
user_7521,biz_033,Service was great and server was informative. The bread is amazing. \n\nPortions are huge and the filet and chicken dish with the basmati rice was fantastic. \n\nWe had a party of four and everyone loved their dish. \n\nVery surprising interior based on the exterior. \n\nI can't wait to go back.,2.0,True,135,486,16,0
user_2162,biz_093,"i love this gym,after remodeling the gym 2 months ago everything is flawless. ill be coming to this gym for a while!",2.0,False,86,305,25,0
bot_8527,biz_123,Outstanding quality! Best blender on the market! Absolutely love it!!!!,5.0,False,3,9,0,1
user_4603,biz_164,"I enlisted the help of Yelp Tempe/Phoenix talk forums to find a massage therapist to come to my rescue the day after Ironman Arizona.\n\nAfter much digging around, a few emails, and some calls, I ended up choosing MyoSymmetrix.  I was mainly looking for a massage that involved deep tissue and trigger point work, none of that froo froo swedish mumbo jumbo.\n\nChad the owner was very responsive over email and sent me all the information I needed. Over the phone, he was very nice and friendly and we settled at 2 massage therapist (including Chad) to come to the condos to take care of me and a handful of people from my triathlon team. The price was VERY reasonable for transportation to our condo and the cost of the massage itself.\n\nNow granted the day after an Ironman, I didn't want a hard c",2.0,True,207,2147,17,0
user_1723,biz_199,"Just another chinese restaurant. Nothing fancy. Ordered the crispy chicken in japanese curry and the order came wrong. They gave us a small portion and then halfway through, the waiter came out with another plate of the dish saying that the cook prepared the wrong portion. What's funny or not-so-funny, is that the peas and carrots on this dish were the frozen stuff you can find in the supermarket freezer. C'mon! I can understand the peas but the carrots? Jeez! And we had phoenix and dragon which is two dishes that is chicken in sa cha sauce (so sweet that you can get diabetic attack) and curry shrimp (5 pieces) which is not bad but not great either. Another odd thing was that our food weren't served at the same time and have to wait at least 3 more min for the next dish to be served. Oh we",1.0,False,201,1699,51,0
user_6780,biz_176,"I stopped by Daisy Cafe recently for lunch with a friend and will definitely be back (partly because of how many chorizo dishes they have; I LOVE CHORIZO!) \n\nFrom the moment we walked in the door, the staff was incredibly friendly and eager to tell us about the delicious looking cupcakes in their display case. We were immediately seated and quickly brought the homemade Arnold Palmer which was quite tasty. \n\nUnable to resist the call of chorizo, I ordered the Chorizo Strata. The bread cubes were perfectly toasted and the spicy, yummy flavors of the pepperjack cheese and chorizo blended beautifully in each bite! My friend ordered the Daisy Burger and although I loved my strata, I have to admit that I couldn't help but steal bites of his burger throughout the entire meal. The chicken patt",2.0,True,144,2624,9,0
user_2938,biz_034,"I am not a fan.  Perhaps it is the proximity to the superior Wynn, which seems to have luxury AND a soul.  Or maybe I just don't like themeless slot warehouses that set their sights so low as to try to imitate a boring Beverly Hills luxury mall in their design.  Look!  We've got overpriced glittery stuff!  With Eye-talian labels!  Fancy!   \n\nPalazzo gets one star for the funky little jazz bar next to the Jersey Boys Theater, that place rocks.  The rest of the place is like the Nordstroms of Vegas casinos.  Bleh.",1.0,False,226,230,50,0
user_5688,biz_033,"Okay first the good news - they are really nice here, and that about sums that up.\n\nThe bad news? I got a pedicure and a gel manicure on Tuesday. They did the pedicure first and then once she was done she looks at me and tells me that they don't have the same color (royal blue) in gel. I asked her to do whatever was closest and ended up with a dark purple. It bothered me but none of my friends seemed to notice. \n\nAs for the actual manicure? She cut two cuticles so that they were bleeding, only did 2 costs of color (supposed to be 4) and you can tell! She also did not buff my nails so the gel started peeling by Friday (which was the day I needed them). Also, when I got home Tuesday I realized that the gem on my left big toe was completely out of place, it also fell of by Thursday.\n\nBa",1.0,True,141,531,8,0
user_3792,biz_184,"This is the worst car rental company ever. Not only is the Las Vegas airport  location crooked but so is the corporate office. I had a prepaid reservation booked months in advance. When I arrived to pick up the car I informed them that the credit card that I used to pay for the reservation had been cancelled due to fraudulent activity and they issued me a new card which I presented to them. I was informed that because I did not have the original card that the reservation is not valid. Even though they had full payment on the rental paid months earlier and the replacement card issued by the credit card company for security they would not honor my reservation.They would however make a new reservation as a \""""walk up\"""" at double the rate I had already Paid! I told them I was not willing to p",1.0,True,51,1819,13,0
bot_3776,biz_014,Amazing quality! Fast shipping! GREAT product! 100% recommend!!!!,5.0,False,3,22,0,1
user_9106,biz_047,I'm gonna say that I am not one to normally buy juices like this but I tried it at an event and it was really good. I branched out this time and tried the green clean. It tastes a little grassy if you aren't use to it but over all refreshing. My favorite is still the Beet Boost.\n\nLocated in the 7th street market with free parking conveniently located. The people at the counter are friend and check outs quick and easy. I was happy to see they took credit cards.,2.0,True,27,2794,29,0
user_5810,biz_074,"Unless you like hanging out a Frat House, this place is not for you. There were fights in the hallway, drunk people yelling all night long, doors slamming starting at 10:00 pm until 3:00-4:00 am. We complained to the management only for them to shrug their shoulders as if to say, yes we hear this all of the time. The \""""maid\"""" service does not even begin to clean your room until 5:00 pm, so we could not even get into our room to get ready for dinner.  Unless you are age 18-21, this is not the hotel for you. The Firesky Hotel, Sanctuary Resort even the Hilton hotel in Scottsdale are far better.",1.0,True,298,2002,3,0
user_9732,biz_150,I've been taking my dogs here for years. The staff is very friendly and they always do a good job. They are kind to my pets and I recommend them to others often.,2.0,True,11,424,23,0
user_3131,biz_078,I stayed here twice. One time in the regular rooms and one in the GO! Room. I definitely like the Go room much more but it also cost $20 more per night. Location is good but not great. I'd only chose this hotel over IP and Harrah's next door. It's not a bad place to go to though.,2.0,False,134,2585,61,0
bot_8211,biz_109,WOW just WOW! This watch is PERFECT! Buy it NOW you will NOT regret!,5.0,False,1,2,0,1
user_8904,biz_029,"The produce is fresh, they have the best selection of lean meat, and the store is always clean & stocked.",2.0,True,215,1060,70,0
user_2663,biz_119,"I think this concept is really awesome.  I just wish we knew what to expect every week. But I totally understand why we don't know what fruits and veggies we will get. I like volunteering, i have met many people though doing so. The produce is great. I always order the bread too. It freezes really well and saves me a lot of money! Also sometimes I wish I didn't have o get up so early....but I would definitely recommend trying it!",2.0,True,21,2065,48,0
user_7119,biz_093,"Welcome to an excellent case study in why a nice property in a desirable, high-traffic location would be more than half empty during dinner.  Exhibit A: Three empty-headed hostesses so busy bantering wittily with themselves that it took them over two minutes to acknowledge my existence.  Exhibit B: I ordered a glass of Pinot and it tasted like it had been opened sometime during prior year.  I mentioned to bartender who said \""""no, I just opened it\"""" rather than offering a replacement.  And what a Happy Hour: $1 off -- can they spare it?  Dinner portions were excellent, but food was mediocre, other than the super croissants: warm and delicious, but nowhere near enough to make up for the rest of the experience.  With so many other superb options in Scottsdale, I can't see this place lasting",1.0,True,62,1155,21,0
user_8236,biz_005,"Although I like the concept of the place, it was seriously lacking in customer service.  In addition, the bartenders don't even know enough to tell you what different types of beer they have.  I don't care what your selling, you should at least have some knowledge about your product.",1.0,True,217,2488,10,0
user_1183,biz_133,"Dr.  Steelman is one of the most dedicated medical professionals I have ever met.  She is very busy for a very good reason - she is a great vet. She and her vet techs and staff are there 100% for the cats - no drama, no overpriced nonsense.",2.0,True,213,475,8,0
user_8423,biz_130,"Absolute GARBAGE!  The waiter bragged how they were better than Texas De Brazil which is actually comical. Service was horrible, food was cafeteria quality at best and NEVER do a Groupon there as they have some tiny print that says you need 4 full paying customers to use it at $50 a pop.  Worst seafood ever...Imagine eating at Dennys for $50 a plate!  Save your money...trust me on this.",1.0,True,186,1866,69,0
user_3205,biz_029,"OK, nothing is really perfect but this yogurt comes close.\n\nHave visited many times and always have been satisfied.\n\nYou must go at least once...even if you \""""don't like yogurt.\""""\n\nworth the trip.",2.0,True,289,1000,32,0
bot_2690,biz_175,This item is simply OUTSTANDING! Better than I ever imagined!! 5 stars!,5.0,False,3,7,0,1
user_2413,biz_183,"Big rooms. Clean but have a smell to them. The included 7a-10a buffet breakfast is good (needs sausages,though). Nice to have that refrigerator & microwave,too. Free shuttle to the airport on the half hour was extremely convenient. Tipping at breakfast and with the shuttle (which can take or pick you up at places in less than a 2 mile radius) is appreciated just the same as you would your housekeeper.",2.0,True,275,1847,5,0
user_2693,biz_066,"This is my home course. I play here about 75 times a year. Recently they had a management change. For some reason  they forgot about the golfers who supported them when times were tough. The changes that they are making are great for the course. Just remember the local guys are the one replacing divots, spending money in the restaurant and making a effort to support you guys even when you burn the greens or the fairways on 13. If you keep up your changes, the locals we will find another place to play. Now with that being said the course is playing well. There has been some new ways of keeping the course in good condition. They are mowing early and raking the bunkers. This has helped them  become more consistent. The layout is fair for every golfer. There's not much trouble and even errant ",1.0,False,206,364,14,0
bot_4070,biz_087,BEST item EVER!!! Absolutely AMAZING!!! Must buy immediately!!!,5.0,False,4,22,0,1
user_1910,biz_153,"I just went yesterday for my third time... Unfortunately I have a lot of peach fuzz and also a lot of baby hairs that grew out crazy cause I decided to use those little facial hair razor thingamajigs... Sunita did a great job cleaning up my entire face. My skin looks a bit clearer and my makeup goes on way better after the first day. I only give it 4 stars cause she tends to over-thread a wee bit too much on the inside of my left brow by the nose. Other than that, I always leave satisfied and recommend her to anyone as it's less painful than waxing or plucking!",2.0,True,188,2762,67,0
bot_5491,biz_143,Amazing quality! Fast shipping! GREAT product! 100% recommend!!!!,5.0,False,2,7,0,1
user_5852,biz_163,"They've always been able to get me in, even on freakishly short notice, as when Lumpkin ate half an aloe plant and I panicked. It's not five stars because I think sometimes they recommend over-treatment, like a special diet for her \""""allergies\"""" (\""""Live with it, Catkin,\"""" I said, and she agreed), but I'd rather they over-treat than under-treat. \n\nAlso, they have an agreement with the Dane Country Humane Society, so if you adopt a kitty there you get a discount on your first visit. The cats-only atmosphere is nice, too, as I'm not sure Lumpkin's reaction to a pit bull would be pretty.",2.0,True,26,1674,56,0
user_8651,biz_057,"Love this place, our room was breathtaking, we signed up a few years ago for specials and were going for a wedding and lucked out with an offer the same time we were going. It was I believe $160 a night for a delux panoramic view, $50 hotel credit, two tickets to the circ show, ext. Whata deal, we never wanted to leave our room! The staff was top notch and beat our expectations. Hope to get another letter soon!!!",2.0,True,259,864,52,0
bot_3653,biz_011,Best product I have ever purchased in my entire life! Highly recommended!!!,5.0,False,2,20,0,1
user_7498,biz_039,"I read great reviews about this place and wanted to try it out for myself. I ordered the all beef hot dog and fries and was hoping for the best. Somehow the ketchup, mustard, pickle relish and tomato I asked for didn't get thru to the lady taking my order as my hot dog only had a million sliced tomatoes, ketchup and a pickle. Now don't get me wrong, the actual beef hot dog was AMAZING!! I love that it's char-grilled. It reminds me of a summer bbq, but the fries were terrible and because my hot dog order was slightly messed up I can't give this place high reviews. I'll stick to Lobby's for their delicious fries and CHICAGO STYLE hot dogs (which I love)... but if I'm in the mood for something char-grilled I'll definitely come to Teds again... though I'll watch them make my hot dog step by st",1.0,False,184,1369,69,0
user_3666,biz_155,"THIS PLACE DRUGGED MY GIRLFRIEND AND I! DO NOT TRUST THE WAITERS! On saturday May 31st, my girlfriend and I went into this establishment for a drink and some music. After being disrespected by the quebec nationalist bartender who was rude to us because we were anglos, we finally got served. About a half hour later we completely blacked out from some substance (we think it was ketamine). After a troublesome night getting home we came to the next morning and were sick as hell for the next week. We are going to file a police report and take action against the bar. NEVER GO HERE!!!!",1.0,False,128,410,45,0
user_4192,biz_122,"I'm giving this place 5 stars on the quality of the sushi,  I came here for lunch when on business and saw all the good ratings here so decided to give it a try.  First off is don't come on Monday for lunch they are closed.  Second, be prepared to wait a bit for your order and items to come.  I'm ok with that to a point  because I think they really spend the time to prepare everything so it comes out nice.  But the woman working there seems not  to know many answers to the questions I had. She really could not answer which fish are in which selection.  She kept leaving and coming back to give me answers but between that and handling all the other tables it got to be a long wait to get everything.  So on to my sushi order. When I first got my order I was a little surprised of the selection ",2.0,True,13,280,26,0
user_7037,biz_039,"Wow. I just gave up on my burger and fries. There was absolutely no flavor and I hate to waste precious calories and stomach room on worthless food.  I had the Dante burger which had cheap blue cheese and a \""""garlic aoli\"""" aka plain mayo. I have never had sweet potato fries that taste like nothing even after a packet of salt and add to that completely flavorless ranch dressing until now.",1.0,False,75,2447,78,0
user_5298,biz_020,"Incompetent staff, glitchy new technology, and three hour wait times. Get ready to bend over. It's the greatest display of local government incompetence.",1.0,True,267,2760,54,0
user_3834,biz_168,"I purchased my 2013 Equinox in November 2012. Took hours and hours and the salesman was obnoxious. After that I swore never to purchase from Freeway Chevrolet.  I am to get free car washes and half price oil changes for life. I took my car in for oil change twice, first time was a 2 hour wait. Oh they don't take appointments. My car was not clean. They left water spots and streaks. Even with the oil change discount I prefer to pay twice as much elsewhere. I am sure GM is happy with that as they will save money. My next vehicle is Nissan. Loved my Nissan truck but thought I would go back and support GM. I was born and raised in Detroit and Dad worked for GM. I tried going back to GM but buying from Earnhardt Nissan was so much easier than this place. I have received text messages from sales",1.0,True,274,1218,45,0
bot_6057,biz_079,FANTASTIC headphones! Exceeded ALL expectations! Will buy again and again!,5.0,False,4,11,0,1
bot_6038,biz_067,I am so happy with this blender! Perfect condition! Super fast delivery!!!,5.0,False,2,17,0,1
user_6539,biz_064,"Who doesn't like a throwback to the mirrored ceiling/neon lit days of old Vegas??  This place is AWESOME!  From the huge breakfast portions, to the breakfast bloody marys, to the waitresses (I swear ours was a stripper at nite!).  The BEST part of this place, the fireside lounge!  Straight out of an '70s porn set/ night club scene!  I LOVE IT!!!\n\nThe food was pretty good, country fried steak & eggs, how can you go wrong?  And how would you know if it was wrong because its smothered in yummy gravy!  The corned beef hash was pretty good, nice and salty.  The one flop of the meal was someone's peppermill omelet.  Otherwise, the steak and eggs were good, as were the pancakes.  Another goodie was the Bloody Mary that was brought out by the drink hostess in a long black evening dress @ 10AM.  ",2.0,True,169,1657,19,0
user_4197,biz_031,"I've struggled for a bit with how to rate this restaurant.  Based on all the spectacular reviews on Yelp, as well as the exorbitant prices and the reputation of the great Joel Robuchon, I was quite disappointed with my dinner here on Monday, January 14.\n\nNeither my boyfriend and I have ever been here, so we tried the Menu B, which allows you to choose one out of the five following courses (http://mgmgrand.com/pdf/atelier_pre_fix_menu.pdf) at $105.00, and the featured Seasonal Menu with the Quail (http://mgmgrand.com/pdf/atelier_decouverte_menu.pdf - the one shown is different from what is offered now) at $159.00.\n\nThe Seasonal Menu is 4 stars on taste, though my boyfriend felt the price is a little on the expensive side for what we got.  We both had the same Amuse Bouche, which was a F",1.0,False,53,633,11,0
user_1635,biz_122,Best haircut and beardtrim I've had in a long time.\n\nShe really took her time to make it look good and the service was friendly!\n\nWould definitely recommend  to anyone!,2.0,True,267,1554,29,0
user_9471,biz_080,"I travel very often and have had sushi (my favorite food) in most major cities on the west coast.  Their fish is very fresh and they're not afraid to do custom rolls / orders.  Don't let the $20 all you can eat menu option scared you, this is certainly a quality joint.",2.0,False,41,629,11,0
bot_4167,biz_131,Absolutely wonderful coffee maker! The BEST on the market! Buy it today!!,5.0,False,3,20,0,1
user_4131,biz_020,Taste really BAD.... Maybe my expectation for a 4.5 star icecream shop was too high. It kills your appetite for real icecream.  Don't recommend for anyone who wants a good taste icecream.,1.0,True,293,1277,68,0
user_3838,biz_089,"I typically visit this McDonald's and am a regular due to the Playland, my daughter and the Arizona heat. As of late, they have been completely lacking in the Customer Service end. My latest visit left me quite displeased. I waited 15 mins for my order and when it finally was ready, my frys were  missing. After pointing out the issue, I had to wait an additional 5 minutes. I got over it, big deal. But then my daughter asks me for an icecream cone so I go to order. As I approach the register another patron enters and is behind me. When this happens the manager and employee completely overlook me standing there placing my order and service the patron after me. At this point I am shocked and appauled. I decide to express my frustration to the assistant manager who offer me a very lackluster a",1.0,True,159,2760,59,0
user_4404,biz_065,"It's a TGIF, so you'd think that it would keep up with standards.  The service was nice, but on a Wednesday night (and it was actually fairly busy at the bar), you would have thought that they'd be a little more attentive. \n\nThose on the other side of the bar that the bartender had their backs to were serviced less unless you happened to be friends with the bartenders.   At least so it seemed.  Didn't bother me as much since I was just having dinner and as long as my Coke was refilled, I was good.\n\nI had a Jack Daniels Flatiron steak (medium rare).   They might have to teach their cooks how to cook a steak.   When you cut into it, there were two different \""""red colors\"""" which basically means that the darker red is \""""raw\"""" while the other red was \""""cooked\"""".   Not a good sign if y",1.0,True,233,1303,14,0
bot_1885,biz_093,GREAT product arrived fast works perfect love it would buy again 5 stars!,5.0,False,4,21,0,1
user_7287,biz_048,"Should change the name to Lobster Mehhh. I felt like I was at the food court in the mall when i saw how this place was set up. It would have been better if it were since the mall has more seating.\nHad the lobster roll combo that came with fries and a drink. The Lobster roll was not a traditional one in my eyes. It was filled with plenty of lobster but was not tossed in the mayo/scallion mix a Maine lobster roll would have. It seemed to have a vinegar based medley that overwhelmed any on the natural flavors. The item that was the best was the fries, theses were actually very tasty. The lobster mac and cheese was so-so. A few lobster chunks on top but none throughout, not worth the $9.95. Definitely not returning!!",1.0,False,292,786,59,0
user_4128,biz_003,"One star for super cheap rates on a weekend. Second star for location on the strip\n\n45 minute check-in on a Thursday night, at 11pm\n\nNo rooms left with two beds (had to call front desk to send up second bed)\n\nLamp in room broken. Super loud AC unit (at least it was working)\n\nNo toilet seat cover (at least it had a seat!)\n\nDue to construction for the new Linq project, entrance to the parking garage is past IP and through the Harrah's parking garage entrance. If you are not familiar with the garage and getting to the hotel, it is very easy to get lost. \n\nA group of us came back to our room to relax and digest dinner at Hash House and drink vodka drinks. Our balcony overlooking the pool area provided entertainment for us as we tossed \""""porn slapper\"""" cards off trying to hit our ",1.0,True,185,837,20,0
bot_2790,biz_009,I am so happy with this mattress! Perfect condition! Super fast delivery!!!,5.0,False,4,23,0,1
user_4751,biz_121,"The good service and cleanliness cannot overcome overcooked and stringy lobster and king crab legs. First time, last time.",1.0,True,77,1544,29,0
user_2429,biz_115,"We booked online and got a great price and honestly didn't expect too much, so let me tell you how surprised we were! Make sure to get a room in the new tower!! Their casino was clean and we had plenty of refills on our drinks which was very nice. They also have a Starbucks and several other dining options that looked pretty tasty. The only downfall was being so far from the strip.",2.0,False,84,1439,15,0
bot_9657,biz_037,Absolutely wonderful purchase! The BEST on the market! Buy it today!!,5.0,False,4,7,0,1
bot_3379,biz_116,This blender changed my life! Perfect in every way! Five stars!!!,5.0,False,3,22,0,1
user_4856,biz_049,"The service was horrible. They ran out of hot water for the Pedicures, some of their nail tools were not sanitized, and the polish job for my mani/pedi was bad.",1.0,False,144,793,65,0
user_4063,biz_191,"We were looking for a different Thai place and came across this restaurant. We were at work and decided to order for delivery.  When I called to place the order,  I believe it was a cell phone because it went straight to a voice mail.  I called again and a man answered he sounded rushed and kind of annoyed that I was asking for delivery.  He took my order and said it will be there shortly.  50 minutes later I call him to ask if the food is on the way. He asked me what did you order again? So I tell him, he says oh yes my driver on his way 3 minutes ok thank you bye. He hangs up. Another 10 minutes go by and I almost called and canceled then the delivery girl walked in. 1 hour for our food and it wasn't even good. It lacked flavor, the spice was there but it was missing something. The papay",1.0,True,41,1928,29,0
user_6342,biz_033,This is the worst dry cleaners in Charlotte. They have ruined several shirts and after recently losing a suit if mine I have decided to take my business elsewhere. The owner is also extremely rude and I would strongly encourage anyone in need of dry cleaning svc to go elsewhere and avoid these hassles.,1.0,True,299,2976,71,0
user_7207,biz_035,"Worst BBQ by far that I've had in las vegas.  Got the 5 meat combo with two sides. And the combo fried dill pickles and onion straws. For pick up .For 35 dollars.   Smallest portions I have ever seen.  Brisket dry and chewy,  pulled pork was dry and flavorless , no seasoning,  chicken was juicy but no smoke flavor or seasoning tasted like oven roasted chicken.   Ribs were flavorful but a lil dry,  and like 2 bones with no meat on them.  Loved the burnt ends.  Very flavorful, and smokey. The two sides I tried the mac n cheese which was really good, but smallest portion ever.  Like 3 fork fulls literally.  And tried the hush puppies which were good, but you get 5 of them the Size of a quarter max. The fried dill pickles and onion straws were very oily pretty much inedible.  Maybe It was late",1.0,False,60,1668,16,0
user_3041,biz_113,"Craving a good burger and based on a co-workers advise decided to try out Blue 32 Sports Grill.\nWaitress was friendly and attentive. Since this was our first time here she explained how everything was fresh made on site. \n\nI always want an explanation of \""""seasonings\"""" as some are \""""spicy\"""" seasonings and I don't do spicy.\n\nThe onion rings were seasoned with both black pepper and cayenne pepper. The onion rings were evenly sliced and had a nice \""""crunch\"""" to them. After the 3rd onion ring they started really getting to \""""hot\"""" for me. I would suggest using the cayenne pepper as an add-in for those who like spicy foods. \n\nI also ordered the Blue 32 Steak Sandwich. I expected to get thinly sliced  Steak instead I got something that resembled hamburger cubed steak. \nThe mushro",1.0,True,204,532,66,0
user_2830,biz_141,"I went shopping for a new futon at several stores in the Valley.  The low price leader is Wal-Mart, where they have one that is great for the $219 it costs, but it wouldn't have matched my existing furniture.  IKEA has some, but I didn't care for any of the ones they have right now.  The stores that specialize (at least somewhat) in futons are all charging about the same price, but Futon Factory Outlet here had a frame, futon, & cover that I liked, all in stock in one place, so I bought here.\n\nI paid $419 for a nice oak frame & 10\"""" foam/cotton mattress, plus $99 for a stylish cover, for a total of $518 plus tax.  (They also carry a couple of innerspring futons, for about the same price.)\n\nThe frame came in two boxes, oddly from different countries.  The flat parts came from Indonesia",2.0,True,161,2714,31,0
user_2895,biz_184,I purchased glasses on 5-3-13.  I am still waiting to receive the glasses that I paid for.  I paid on 5-3-13 and then waited.  After waiting two weeks I called to see when my glasses would be ready and was put on hold.  I was on hold forever when I was finally told that the factory had made an error with my prescription and that they had to be sent back.  I was told that they would rush the service and call me as soon as the glasses were ready.  I waited a week and called to see when the glasses would be ready and was told they just arrived.  I went in and picked them up.  I wore the glasses for two days when a friend informed me that the glasses were not darkening in the sun.  He showed me how the lenses did not change at all in the direct sun light.  I took the glasses back and the repre,1.0,True,93,1938,60,0
user_2906,biz_181,!!!!!!!!   beware   !!!!!!!!!!!!   food is disgusting.....nasty red cheap egg rolls. lo mein  is loaded with msg..... i am really feeling sick after eating there over priced nasty food......,1.0,True,201,1762,72,0
user_5827,biz_128,"Been coming here since it opened as Wild Sage and we've never had a bad meal- everything is fresh, delicious and just unusual enough to be really interesting!!  Love the vibe!",2.0,True,143,649,56,0
bot_6508,biz_067,WOW just WOW! This coffee maker is PERFECT! Buy it NOW you will NOT regret!,5.0,False,3,17,0,1
user_4135,biz_022,"Wir waren 2 mal bei GR's BURGR und hatten unter anderem den Uebercheesburger ( 15$ ), HellsKitchen Burger ( 14$ ) und die Truffle Parmesan Fries ( 11$ ) -  viel besser gehen Burger nicht ! So einfach ist das !\n\nDer Service ist Standard, das Menu sehr \u00fcbersichtlich und preislich etwas gehoben - sicherlich zahlt man hier auch den Namen mit - nichtsdestotrotz sind auch die Zutaten der Gerichte sehr hochwertig - geschmacklich war das ganze f\u00fcr mich eine kleine Offenbarung ;)",2.0,False,293,1611,10,0
bot_9836,biz_170,This watch is simply OUTSTANDING! Better than I ever imagined!! 5 stars!,5.0,False,2,19,0,1
bot_4259,biz_059,This purchase is simply OUTSTANDING! Better than I ever imagined!! 5 stars!,5.0,False,3,22,0,1
user_9770,biz_100,"Taxco is the latest incarnation of restaurant in this space, but that may not mean it is the best. It isn't bad, by any means - in fact, the service is actually quite good. The food, however, is a bit lacking. Even the fajitas do not feel like they want to come to the party, as the cast iron skillet doesn't want to sizzle. You can put your hand on directly on there without any protection (not suggested in all circumstances).\n\nIt is hard to put my finger on the exact problem - everything tasted okay, it just had no pop to it - almost like the cook(s) forgot to add seasoning to everything. About the only thing that had any flavor the night we tried was the salsa that came with the chips - and it was not so hot that it killed off everything else, so I don't think that was it.\n\nSince they ",1.0,True,130,2759,38,0
user_7444,biz_122,This place is great.  The food is cheap and the noodles are wonderful.  For $7 you can get different hand cut noodle dishes.  They give you the option for thick or thinner noodles which makes my heaven customizable.  The staff is really friendly and fast.  It's a little off the beaten path but well worth it.,2.0,True,263,2499,22,0
user_3628,biz_039,"Stayed here for three night on a busineess trip.....FIRST beware they charge a $20 per day resort fee for NOTHING.................This hotel is not worth a resport fee...its run down and worn out................great location .......close to other nice casinos.....do not overpay for this hotel..............it not worth it.......................Add $20 a day to the room rate....................rooms are average...........nothing special.............if you do stay here ask for a room close to the elevator and low floors.....if not you may be walking a lot.\nCheck out the Quad next store...........its a new and clean hotel and casino,,,,,,,,,,,and I think low cost...............anything is better than flamingo...........the flamingo charges for wyfi.....",1.0,True,152,2186,39,0
user_1884,biz_138,Food sux. Overpriced. Wont come here again!,1.0,True,22,1547,60,0
bot_9290,biz_042,BEST item EVER!!! Absolutely AMAZING!!! Must buy immediately!!!,5.0,False,1,11,0,1
user_5697,biz_012,"On my way home from visiting my father at the Hospital! Wife's at work,not in the mood to cook this late in the evening!!! I haven't had my yearly splurge of McRibs!!!! So I stopped off at this location, pretty big place! Walked in, because drive through was pretty busy. Only one person in front of me, it was time for me to order! I order the McRib Sandwich Combo, she asked me if I wanted it large! Well no, but thanks for asking! Then she offered me a second sandwich for only .99 cents!!! Wow, well yes! I love to have my yearly McRib sandwich, It's a great time! This half hour of eating this great icon of a sandwich was amazing! You get that stamped piece of pork, lathered in a authentic BBQ sauce and loaded up with pickles and onions, Yea baby!!!! It's only one time a year, and just once!",2.0,True,145,436,3,0
user_3316,biz_066,"Stayed here with a group of girlfriends. We booked our rooms as a package deal with the flights via Expedia. We called them months in advance to make sure that our two rooms were adjoining. We called the hotel on the day of check in to confirm our reservations and they told us that we didn't have any! After a 2 minute mini-heart attack and a transfer to someone else our reservation was found. We also confirmed again that our rooms would be adjoining. Flash-forward. We get to Vegas and check in. Our rooms were not adjoining. The closest that we could get was across the hall from each other, which worked out okay for us. \n\nThe hall carpet desperately needed replaced. It was bunched up in the hallways and was not easy to walk on with heels. The hotel room itself was okay. The TV was turned ",2.0,True,228,1644,60,0
bot_9278,biz_195,Incredible item! I love love love it! Best purchase EVER!!!,5.0,False,2,5,0,1
user_8398,biz_015,I have not known a person who spoke of this place in anything but glowing terms. This was over many years. I have had their food a few times and felt the fish was like cardboard and nothing to speak well of.,1.0,True,72,1543,42,0
user_2215,biz_066,Just finished a fantastic meal. #1 Chiliburger all the way with fries and onion rings. Great atmosphere and staff. Just a Fun place. Great meal. Will be back again soon.,2.0,True,211,1705,54,0
user_1520,biz_101,"What can I say.. we went today, for lunch,  using the groupon and am so sorry I bought 2 groupons, now I have to go back...yikes.  The service was horrible.. no words to describe it.. We were seated in the bar area.. and waited for a server to come take our drink order...and waited and waited.. it was 15 min from the time sat down.  By the way there were only 3 other tables with guests there, another server had 2 tables out front.   Our server did not pay attention to us at all, didnt provide us with clean plates nor remove the ones we put to the side. The food was good,  but is much better at Texas de Brazil or Via Brasil.  We waited another 15 minutes to get a refill on our ice teas... The service was not up to Las Vegas standards in a town that works on service and tips.",1.0,False,131,1373,14,0
user_4095,biz_030,"We came here the other day for dinner and yay the lines weren't long!  \n\nThe prices were really really decent considering it is a Las Vegas buffet. $40 a person? Can't get much better! With that being said, they have a nice, tasty variety of food although they don't have as much as the other buffets. They only have snow crab as a seafood option as well as other tapa style options (ex. shrimp ceviche, blacked tuna..that sorta thing). So if you're looking for AYCE seafood, skip out on this place. All the food here is done and served tapa style so you'll have to make several trips considering you can only fit so many little plates on a large plate. Most of the food I tried, I loooved! My favorite? Thai tea ice cream! Yumssss",2.0,True,160,176,63,0
user_2536,biz_051,I love the atmosphere in here! Sat at the bar with my friend and the bartenders/sushi chefs kept us entertained. We all had pretty good conversations since the restaurant was getting close to closing time and it was clearing out. Sake was perfect and beer was cold and delicious :) the teriyaki beef plate was just enough to get me full and take home for some leftovers! Definitely a good date night place or a night out with your girl friends.,2.0,True,58,2849,31,0
bot_9580,biz_097,Absolutely wonderful vacuum! The BEST on the market! Buy it today!!,5.0,False,3,3,0,1
user_3213,biz_037,"This was probably the worst bojangles I've ever been to.  First traffic makes getting in and out hard and when you do get inside you see a store that doesn't look like it's had a major cleaning or remodel in years.  I'm the only customer there is I go to the register and service was pretty apathetic with a hint of ghetto attitude for making them work.\n\nI get my order and see that all the tables are dirty and the floor hasn't been cleaned so it's a game of find the least nasty. Sit down and the sandwich is overcooked to the point of being rubber.  The fries were pretty average so I ate quickly and left, no point in trying to get that mess fixed.",1.0,True,152,1209,71,0
user_7801,biz_108,"This is our second trip here in 6monts and this place has gone downhill bad in the last year. First off the service was horrendous and the food not that good. I don't know if it is new management or what but we used to enjoy coming here, never again. At least not the one at Desert Ridge. So we were seated promptly which was probably the only good thing and I should have known considering the restaurant was half empty on a Saturday night at 6pm. Well after we were seated it took almost 20min for our waiter to show up. After that I started to time things because I had a bad feeling it was going to be a bad experience. We were a pretty large group 8 of us out to celebrate  Easter. Will after our drink order was taken it took almost 15min to get our drinks and get our order. I am pretty sure o",1.0,True,268,2937,79,0
user_7292,biz_048,10/7/2013\nThis restaurant is unbelievable I go to this restaurant to order hamburgers and french fries it took 10 minutes for the waitress to come back to tell me there out of ground-beef REALLY & offers  Me to order  a hot dogs instead and it took 10 minutes  to figure out that you don't have any more ground meat in your establishment a hamburger place???,1.0,True,113,826,9,0
user_8869,biz_194,"I would like to start by saying the star rating I am giving to Lesley's Creative Cakes is based solely on the customer service experience I had with her over a several month timeframe while planning my wedding.  The cake tasted great, however I would NOT recommend her to brides in the future - you already have enough stress as it is, find a baker who will help in instead of add to the stress.\n\nMy husband and I got married at the Windmill Winery in Florence, AZ last April.  It's been awhile, and I've debated whether to write this review at all, as the rest of our wedding was absolutely amazing and the Windmill Winery is spectacular to their customers.  However I would have appreciated this feedback prior to making my decision a year ago.  \n\nWhen we locked in the Winery, part of the pack",1.0,False,155,748,3,0
bot_9230,biz_047,Absolutely wonderful phone case! The BEST on the market! Buy it today!!,5.0,False,2,15,0,1
user_6417,biz_199,"The service and setup for this place was awesome.... Which was why I was terribly disappointed when the food came to the table. I ordered the heuvos rancheros and it was so incredibly bland. My eggs were dry and overcooked, my husband's sausage was rubber, and the coffee was literally the worst I've ever had. Not worth the price.",1.0,False,223,1265,41,0
user_4908,biz_132,"I have to say that this all-you-can-eat sushi buffet wasn't too bad. The service and ambiance was definitely better than Sushimon, but when it comes down to quality, taste, and presentation....Sushimon wins the competition!\n\nIf you don't mind driving a bit off the strip, then come to this sushi place. It was only $22 for lunch when my friends and I went here on a Saturday.\n\nSorry, peeps...Sushimon is still better for me...",2.0,True,156,2364,79,0
user_9363,biz_122,"This was my greatest airport experience ever!\n\n+3 stars for canceling our first flight and making us wait 4 hours for a new flight at a different terminal with a different security checkpoint.\n\n+2 stars... one for each of the friendly ladies that assured me that all our  baggage would be transferred to our new flight.\n\n+4 stars for then singling us out for the most degrading, totalitarian security checkpoint I've ever had the pleasure to experience. The joys of having every single item in our carry ons exhumed and swabbed for chemical traces by surly geezers in neckerchiefs has to be experienced to be believed.\n\n+1 more star for the fat dreaded dude with braces who asked me who my new wife was, and when told, proceeded to ogle her like a piece of meat before gurgling a monosyllabic",1.0,False,242,2671,2,0
user_3119,biz_019,"Been here several times.  Food is generally good, happy hour prices could be good if they know how to ring you up.  Depending on who waits on you, you will be charged for drinks you didn't order and the prices will be inconsistent on the check for what you actually order.  3 different prices for the same brand of beer.  I believe this is padding to compensate for the fledgling revenues and dwindling crowd.  Sit at the bar as the service is better.  Careful when you bring up the inconsistencies on the tab as the owner is defensive and condescending.  They should practice consistency.  Long time regulars complain about the shell of this establishment from whatnot was, but come here for convenience.  If you really have a choice, go to Garage across the street.  Good service and act like they ",1.0,True,272,116,51,0
user_9738,biz_146,"I brought my cat there today to be shaved. I made the apt for 1:30. When I got there I was told that the woman who was supposed to groom my cat was across the way getting her hair colored. Originally I was told I would just wait for my cat, but now that the groomer was getting her hair colored, I had to leave my cat there until 3:00.\n\nNow let me preface that my cat does not like to be groomed, to be fair. BUT when I got there, 2 other gals had my cat pinned down. My cats nail was bleeding because it was cut too short, and she had 3 other cuts on her. The groomer was yelling at my cat to \""""CUT IT OUT\"""" because she was trying to get loose. Well, anyone that knows cats would know yelling at them is pointless and only upsets them more.\n\nMy cat then got very upset and peed on herself. My ",1.0,False,127,681,10,0
bot_6454,biz_181,This phone case is simply OUTSTANDING! Better than I ever imagined!! 5 stars!,5.0,False,3,16,0,1
user_2615,biz_090,"March 2014...Stayed at the TI in Vegas for 2 nights. Was in town for a convention, not just for a carefree time.\nThe room was clean and well stocked. \n\nFirst... I went to flip on the light in bathroom and cut my finger on the switch plate. The hard plastic was broken into pieces and the pieces had been fitted back into the switch plate cover. I dislodged them when I cut my finger, proceeded to stop the bleeding, collected all the pieces, wrapped them neatly in a tissue and took them to the front desk in the morning. The manager was unimpressed with my situation and said that someone would go up to look into it. When I arrived back in my room for the evening, my switch plate was still missing pieces.  It was not fixed during my stay.\n\nNext... There is this little, sliding mechanism tha",1.0,True,63,2632,76,0
user_2939,biz_119,"We decided to try Root174 on a random Wednesday evening and were surprised to find the place empty. It wasn't because the food or service was bad but just proximity to a holiday. This slow day made for an excellent experience for us. We had the undivided attention of our waitress, Michelle. She recommended amazing dishes for each course and never steered us wrong. The Brussel sprout and bread and salt appetizers were unique and delicious. Our entrees were equally as good. The hanger steak was the highlight of the meal with the Creme br\u00fbl\u00e9e bone marrow. We finished our meal with the flourless chocolate cake. We would highly recommend this restaurant and can see why it's on Pittsburgh's best list!",2.0,False,226,1197,15,0
user_4618,biz_186,C concourse has no internet signal.  Anyone interested in a hot dog eating contest at Nathan's? No waiting.,1.0,True,75,1918,31,0
user_5146,biz_172,"Went to this show a couple of years ago with my parents. Great show to take your kids, but not so great for older people. The novelty of 3 guys in blue suits pounding on drums got stale really quick. Also, their audience participation bits were pretty lame/cheesy (ex: putting a spotlight on people coming late).\n\nWould not see this show again.",1.0,False,216,1834,3,0
user_2289,biz_115,"PH towers Westgate was really nice IMO.\nUnfortunately it took forever and a day to get my room but it was definitely worth it in the end. I arrived extremely early due to my flight being crazy early in the morning... so I had to wait many hours, but I couldn't blame them since their check in time IS at 4. Luckily the room was ready by 1PM. We had the TWO BEDROOM SUITE high floors and had 9 people. It fit us all pretty well. I probably wouldn't do more than 10 in the overall suite. What I was a little bummed about is that when I made the reservations WAY IN ADVANCE, I was promised two pullouts.. when we got into the room we only noticed one. I called and they offered me a roll away bed.. that was fine, so we took it.\n\nThe room itself was a really good deal.... especially for the summer..",2.0,False,93,1846,2,0
user_8285,biz_082,"I am a little worried about getting clobbered by cheap looking Coach bags from all sides for this.\nAt the same time a bit giddy to give Coach its first 1 star review.\nI don't get it. I really don't. \nI love designer clothes as much if not more than the rest of the female population. I ooh, ahh, pet, purr, swoon over purses and shoes and will go through hell for a good deal or fabulous pair of heels.\nWith that I do not get the Coach hype.\nNot at all, not one bit. \nThey are not upperclass, though you will still pay a few hundred for kitchy, logo covered (yawn!!!), bland and lifeless handbags that everyone around you has as well.\nThey make you stand in line to get in the damn store (not that I would want to) so that you think you are getting some kind of amazing deal.\nI get cheap, fun",1.0,True,126,573,47,0
bot_7687,biz_001,Love this blender so much! Perfect perfect perfect! Five stars always!,5.0,False,1,24,0,1
user_2389,biz_046,"I bought a 80 min massage and hot oil scalp massage for my hubby on our last trip to Vegas for Father's day. He said it was the Best Massage ever! Yes we travel all over the nation and enjoy getting massages, mostly at upscale hotel spas. After reading the reviews I asked if he wanted to go there instead of a hotel. He had Rosey and says she is the best (next to me of course ) and even scheduled another appt on his next trip. Thank you!!",2.0,True,98,2213,43,0
bot_4625,biz_019,I am so happy with this purchase! Perfect condition! Super fast delivery!!!,5.0,False,1,10,0,1
user_6872,biz_041,"I ordered a cab online the evening before I needed it to get me to the Badger Bus. The cab never showed up. When I called,  the dispatcher was rude and unhelpful.",1.0,True,243,2312,50,0
user_4404,biz_167,"I have taken my dog to this clinic for almost 5 years, the latest vets have been there for a couple of years and I continued to take my dog there. They will take good care of your animals.  My issue stems from needing to take my dog in for his rabies shot, they won't give him his shot without a wellness exam which is an extra $40. He had a wellness exam there about 7 months ago and is perfectly healthy. I really don't want to spend an extra $40.  I can take him to the Petsmart clinic or humane society clinic and get the shot minus the wellness exam, and my vet said \""""fine\""""!!!! After many years and $100's of dollars spent there, I was surprised and disappointed  that he wouldn't let me take him there and just pay him for a rabies shot, after all he'd be going back in in a couple of month",1.0,True,150,203,78,0
user_2005,biz_143,"This is my favorite lunch spot in Ahwatukee. The gyro meat is always fresh, the tzaziki is tasty, pitas are toasted. Basically a perfect gyro sandwich. And even the \""""single gyro\"""" is huge. I'm not sure how people order double and triple orders. My friends also like the chicken artichoke pita, though I'm not a huge fan of chicken gyro meat in general. The service is always really friendly and the food is very reasonable priced. My only complaint would be about the decor - faded posters showing gyros and hot dogs really don't do it for my appetite. Luckily the food is so good I can ignore the visuals.",2.0,True,259,2636,61,0
user_1962,biz_108,"Wow, I do not get why so many people like this place unless they like it because it is ethnic and different.\nI went with a group of friends, some of whom are vegetarian. We had 3 children with us. It is in a strip mall on University. It has very basic decorating. The owner was our waiter, his wife was in the restaurant and so was his child who ran around the whole time.\nWe ordered 2 of the large assortment platters where you get a scoop of everything. We ordered injera bread and various drinks. I frankly felt overcharged for scoops of food that were CLEARLY not freshly prepared but froma steam table. Who knows when it was prepared! Sorry if you do not agree but food from a steam table is not worhty of the price they charge. I will not go back again. This is not the first Ethiopian restau",1.0,False,169,2185,29,0
bot_6222,biz_032,Amazing quality! Fast shipping! GREAT coffee maker! 100% recommend!!!!,5.0,False,2,21,0,1
user_8501,biz_098,"I love Chipotle. The menu is very basic, consisting of burritos, bowls, and tacos with various very fresh rice, beans, meats, salsas, and cheese. Basic, but very very tasty.   \n\nThis location is closest to home so it gets our business regularly.  I'm dropping one star in my review for the relative slowness of this location. In some Chipotles, a line out the door still moves quickly. This location just isn't as fast. When they're busy and you're hungry, it can get a little frustrating. Also, the line wraps awkwardly in front of the door. \n\nOnce you get your food, the line slowness becomes a worry of the past. The barbacoa burritos are especially good and I like the chips with medium salsa.",2.0,False,207,2053,53,0
user_1532,biz_117,"Before eating at Lobby's I had never eaten Chicago style food, and man it is delicious! \n\nI ordered an Italian Beef sammie with hot peppers and cheddar and it was basically a giant meat sandwich dipped in sauce and it was so good it's making my mouth water just thinking about it. If you go there, make sure you order that. Also, the fries are super crispy and great with the fry sauce.\n\nYou will love it.",2.0,True,129,1345,53,0
bot_9666,biz_163,Outstanding quality! Best headphones on the market! Absolutely love it!!!!,5.0,False,4,6,0,1
user_2967,biz_135,"This was the first place I wanted to dine when we got to Madison, and it was GREAT!  It's loud and a little hipster-ish (we were seated inches away from a blonde waif who continually pulled on her e-cigarette), but worth it.  Cocktails of all makes and models (I went with the French 75), great stories and names.  Cheese curds were tasty and not greasy, something I find they are too often.  I had the duck breast and it was perfect.  My friend thought her pasta was just okay (she'd dined here multiple times and found this disappointing compared to her previous entrees).  Check it out.",2.0,True,239,673,49,0
user_2881,biz_151,"Does this happen to you?\n\nYou're getting ready for bed, admiring your stunning good looks and thinking, I'd better apply some skin cream if I want to remain this good-looking fore.v.e.r.\nNo, I'm not gay.\n\nI simply know the importance of good skin care, having lived my entire life in this oven we call Phoenix.\nSo I reach for whatever product my wife happens to be using...Clinique, LaMer, whatever.\nThe next morning, as I look in the mirror while simultaneoulsly scratching myself, (because I'm cute like that in the morning) I see what appears to be a magical forest of white flakes all around my nose and eyebrows. \nI'm like a fucking mushroom patch.\n\nThat's when I decided to go see Dr. Cummings, the highest rated skin care specialist in the entire universe. Or at least Arizona.\nShe ",2.0,False,162,2151,13,0
user_7590,biz_127,"I feel bad leaving this review, but it is the truth.  I ordered 120 cupcakes for a baby shower, and while they looked very cute and the service I got was really great, the cupcakes were not good in taste.  I think vegans are just self promoting with all of these great reviews.  The truth is that these cupcakes taste like frosted muffins.  And everyone I talked to agreed with that.  The \""""cake\"""" and the \""""frosting\"""" are both very dense (although the frosting is still pretty darn good.)  The cake is not especially good and is not worth $2.50 each (when buying in bulk.)  I used to be a vegan and cooked all sorts of cupcakes from the book \""""vegan cupcakes take over the world\"""" that were delicious!  And this bakery can't even compete with my homemade vegan cupcakes.  I just expected more.",1.0,False,214,275,22,0
bot_3410,biz_176,This is THE product everyone needs! Perfect! Amazing! Incredible! BUY NOW!,5.0,False,3,16,0,1
bot_3745,biz_013,Incredible blender! I love love love it! Best purchase EVER!!!,5.0,False,4,1,0,1
user_9271,biz_123,"I highly recommend the duck curry (with lychee and pineapple!), drunken noodle, and thai tea creme brulee!! \nVery unique and great dishes!",2.0,True,39,138,5,0
user_2304,biz_005,"Made my first stop at Two Hippies Magic Mushroom Burgers today and the joint (har) definitely lived up to the hype. I Hoovered a delicious chili cheeseburger with perfectly seasoned sweet potato fries (hand-cut, I'm pretty sure) and paired it with a Grape Shasta. The $8 tab is a little more than I generally like to spend but the meal was so dang good I could care less what it cost. Plus, KSLX provided a fitting Beatles soundtrack--all post-1965, so controlled substances were well represented. Those Two Hippies make a mean burger. Stop in and see 'em.",2.0,True,229,1073,68,0
user_8856,biz_111,"If I could give a zero star I would!\n\nI am reviewing this place on behalf of my husband who had a horrible experience.  First of all it is very hard for him to schedule an appointment since he is so busy with his work and he actually had to take a day off work just to get a routine check up on his teeth.  \n\nMy husband had a 12:00 appointment and waited for about 15 mins. Once he was in the chair, he sat there for about another 15 mins. They took his first set of x-rays and waited some more until finally being told that he needed another x-ray. This x-ray required him to go into another room where he had to stand inside an x-ray machine. My husband doesn't like waiting and it took another 10 mins to get the contraption to work and the person operating it didn't speak very good english s",1.0,False,206,1232,47,0
user_2212,biz_095,"After just returning to the Valley of the Sun from San Francisco, it was great to find a really fantastic, fresh, Vietnamese fusion option! They mean fusion, so don't expect $3 Pho, but be happy to find a smorgasbord of spring roll options, as well as a pho for every eater in your group. \n\nWe'll be back soon for their fantastic happy hour deals!",2.0,True,163,2170,33,0
user_6885,biz_171,"I've never stayed here before, but I've attended a couple of events in the conference area and used the parking lot for Coyotes games.  Some thing you should know....Self parking garage costs $$$, so does valet.  It varies based on the event, so be sure to check ahead of time.\n\nThe hotel lobby and amenities are nice for attending a conference.  Their meeting rooms are spacious and well appointed.  Their staff is well trained and helpful too.\n\nAlthough I haven't stayed in the rooms, I recommend this place to friends and family who visit from out of town to watch Coyotes & Cardinals games because it's so convenient to the Arena/Stadium.  They've always been happy with their stay, so I continue to recommend.\n\nOne of these days I will take my own advice and stay there on a game weekend, ",2.0,True,149,396,7,0
bot_1026,biz_037,Love this product so much! Perfect perfect perfect! Five stars always!,5.0,False,4,23,0,1
user_5431,biz_074,"I actually want to give them 3 and a half stars. But 4 total for service, friendliness and cleanliness. \n\nAs soon as we walked in we were greeted by the owner. He is very nice, personable and pleasant. We ordered to go and he even brought out water with lemons for us without even asking. The menu is pretty small. They don't have much variety. Rather, it looks like their focus is on the core staples at Vietnamese restaurants. I didn't eat pho, but had a rice dish instead. I will have to return another time for dinner to try our their pho and provide an update. \n\nThe com tam dac biet (combination) is pricey at $10.50, but fairly cheap in comparison to Charlotte's standards (sorry to beat the dead horse, but when you are used to paying an average of $4.75 for the same dish back in Ca, it'",2.0,False,217,2242,18,0
user_5264,biz_015,I came here since it was in my hotel. The ambiance was great it was so packed you were literally dancing elbow to elbow. I enjoyed myself alot and got drunk hahaha. It was fun!,2.0,False,296,1816,32,0
user_5952,biz_158,"Got to the tour a few minutes late but staff was super friendly and accommodating in catching us up to the group.\n\nWe went at night, while I did hope more signs would be operational and restored, it was fun and definitely a \""""Vegas\"""" experience. Got lots of cool photos that I plan on framing.",2.0,True,32,237,49,0
user_3911,biz_002,"This was my first experience at a smashburger. The menu was small, maybe five burger choices, five chicken burger choices & five salad choices. I found my burger to be extremely greasy and overrated.  While I was eating the burger grease was just draining off the back side down my wrists. That was disgusting. Unfortunately I have a sensitive stomach and all that grease caused me to be sick the whole next day. Disappointing.  So all in all small menu not much choice and super greasy. Not my cup of tea. The atmosphere was lively and loud & there were very few table tops that would seat six or even eight. So not a great place for groups. We had to split up, five in one area and three across the way at the bar like table under the windows, so much for family dinner. Over all I was fairly unhap",1.0,False,78,2025,7,0
user_5667,biz_184,"Love this SB location. Easy to get to and it has never been busy anytime we have gone, so the service is very fast. My #1 location in the SW area.",2.0,True,168,2332,34,0
user_6362,biz_121,We split the Western omelette. I really really wanted to like this place but sadly I just can't make it something that it wasn't. The omelette had about 5-6 small cubes of sausage and bits of mushrooms but mostly egg and green onion. The home fries were basically flat wafers of potatoes and were kind of rubbery. We ordered a side of home fries for 2.50 and honestly the side and what came with the food still didn't quite make up a great serving. People rave about the amount of food but I am but sure why. The omelette was supposed to be 4 eggs but there is NO WAY that was the case. \n\nSo about that coffee. I could tell when I saw the waitress pour it and I could see through it like water that it was a problem. Very disappointing. Fortunately I was so cold that it just was nice to have a hot,1.0,False,44,1941,26,0
user_7773,biz_044,"So. The service. Just awful. \n\nMy mother and I stood at the front door and no one greeted us even though there were three servers working. One group left a table at the front and someone came by to clean it (and still didn't greet us). Then another server came by to talk to the girl cleaning and asked her if we were waiting for that table, she said yes. News to us. \n\nWhen we sat down they immediately asked what we would like to drink, got that right away. Then we had to wait ten minutes while they took everyone else's order that walked in after us. Irritating to say the least. \n\nFood came out in an average time but I wanted to ask for some hot sauce but couldn't get it out as the server ran away from us. Eventually someone came by and I asked (after already eating half my food) if we",1.0,True,198,2734,8,0
user_1789,biz_179,"Fun place. Been here a few times with friends. The arcade in the back is a really cool touch and gets busy on the weekends. Fun bar, cold beer, cool crowd.",2.0,True,43,1985,75,0
bot_2840,biz_030,WOW just WOW! This mattress is PERFECT! Buy it NOW you will NOT regret!,5.0,False,1,12,0,1
bot_5314,biz_052,Love this blender so much! Perfect perfect perfect! Five stars always!,5.0,False,1,23,0,1
bot_6955,biz_018,BEST mattress EVER!!! Absolutely AMAZING!!! Must buy immediately!!!,5.0,False,1,5,0,1
user_3285,biz_189,"Three of us went for dinner.  We ordered the spring rolls that come 2 at a time.  So I asked if they could give us 3 spring rolls instead - just toss on another and charge us for it.  \""""Oh no.  The cooks won't do that.  You have to get two orders\"""" .  So we get two orders.  We ordered several other items and finally when we were done, we had one spring roll on the table.  When I asked for it to be boxed the server asked if I really wanted it.  Heck yeah - you made me buy an extra one - feel free to box one spring roll.\n\nThe service was pretty much like that the whole night.  I'd suggest take-out.\n\nThey ask you what kind of spice rating you want - medium, hot, etc.  I'm not sure why, the medium was hotter than the hot which doesn't say much.  There's no Thai spicy at this place.",1.0,True,212,2008,48,0
user_6321,biz_189,Looking for a great mullet hair cut!? Never fear Fantastic Sam's is here! I went in and showed a picture to the lady and she clearly did not look very close at the pic because it did NOT look like the picture I'm going to post. Just look for the mullet picture. The environment was awkward because it feels like the employees don't get along. The woman who cut my hair knew she messed up but still charged me $30. So I called and tried to get ahold of the manager named Christine. She never returned my call. I'm not gonna waste my time and money on this business again. Thankful for friends who can clean up their terrible job! Oh and if I could give 0 stars I would!,1.0,True,35,2045,4,0
user_7159,biz_057,"I have had two less-then-favorable experiences at this store. I don't think I will be back, despite how close it is to my work (making it easier for me to go to then any other Halloween store in town).\n\nFlash back to about a year ago. I needed some tanga panties, the cute looking little boy shorts with all of the ruffles. I was still debating what else I was going to wear to the event I was attending, so I started out with a black pair. I found them near the shoes for some reason. Didn't make sense, but their unusual placement later became important. When I bought them I was told no refunds, exchanges only. This also became important later.\n\nAfter purchasing my other items, I realized I needed the tanga panties in pink. So I went back to exchange them. I wouldn't normally take panyies ",1.0,True,22,372,53,0
user_8691,biz_153,"Just tried Laurel Market today for the first time, thanks to my fellow Yelpers :) I've driven by a bunch of times, but like others mentioned, it doesn't look like much from the outside.\n\nI had the Athena wrap. YUM! It was fresh and I loved the dressing on it. I could taste the hummus in every bite...mmm, can't wait to go back soon.\n\nIf you haven't, definitely give Laurel Market a try!",2.0,True,236,1978,69,0
bot_3726,biz_169,Love this watch so much! Perfect perfect perfect! Five stars always!,5.0,False,2,18,0,1
user_3035,biz_071,"UBBC is definitely not closed - weird! I found Ultimate Body Boot Camp through Groupon - I thought it was a great deal. I chose the Windgate Crossing location, and it is definitely a challenging workout! What I love the most is that Ray gives a challenging workout, pushes you to do the best you can, but isn't obnoxious or in your face like the other boot camp I went to in North Phoenix. He's tough in a way that is motivating, not discouraging. I also love how Richelle, the owner, is so smart about nutrition. I have tried diet after diet over the years, talked to nutritionists, etc. and I learned more from Richelle about how eating affects your body than I did from anyone else.",2.0,True,162,632,76,0
user_7001,biz_130,"Stratta, you know you're in the Wynn right? \nwent with a large party, and they were the only ones that could accomodate. \n\nFood was overall OK, but wasn't worth it. \nclam appetizer: tasted great\nSteak: solid but expensive\nBlack Bass: looked better than it tasted\nPastas: looked and tasted like they were microwaved packaged and tossed in a bowl\nPork Chop: incredibly salty and both orders were sent back\n\nGo somewhere else, Wynn/Encore dining is usually much better than this.",1.0,True,181,229,32,0
user_2287,biz_171,"Oh my god, this place was abysmal. \n\nMy dinner partner and I had planned on going to Sushi Eye for happy hour last night, but after driving up and down Elliot 4 or 5 times without finding it and with the end of happy hour quickly approaching, we finally pulled into Kobe out of sheer desperation. Biggest mistake ever. \n\nSo, the hostess asks us whether we want sushi or teppan, and we say sushi. Then, sushi bar or table? We've got some talking to do, so we say table. Once we're seated at a table with menus, our eyes pop out of our heads when we see the sushi prices. Like, we're talking $8 spicy tuna rolls. So we ask the waiter whether there are any happy hour specials. He says, \""""Yes, but we only have happy hour at the sushi bar, not at the tables.\"""" Hmm, okay. So we move to the sushi b",1.0,False,235,102,72,0
user_1655,biz_145,"Excellent food, excellent service. Reservations was easy, and finding the place was easy as well.",2.0,False,270,74,76,0
bot_7883,biz_198,BEST watch EVER!!! Absolutely AMAZING!!! Must buy immediately!!!,5.0,False,3,14,0,1
user_4745,biz_062,So serene... eat an entree like the Beef short ribs. Appetizers are small enough for only one person. You also need to take a few seniors with you to fit in the crowd... :),2.0,True,65,2585,20,0
user_6928,biz_070,"Had the sunrise egg croissant with potatoes and good coffee. The restaurant is fresh and clean and the service is very helpful and cheery. \n\nThe sandwich was a large croissant with very soft and fluffy scrambled eggs and chives. Add some salt to the rosemary roasted red potatoes and they are perfectly soft (although I roast my own to more crispy). The sandwich is large and a bit unwieldy as a handheld, so grab a fork and eat it like an open face. I wish the sandwich came with meat - sausage would be a nice addition. There are better croissants in town, but that doesn't detract from the Sunrise.\n\nI didn't get anything from the buttery bakery counter, so a return trip will happen. To the extent they are locally sourcing ingredients is appreciated. As is the cheery big band music on the s",2.0,True,170,2912,27,0
user_3095,biz_179,Cheap quality bar food at a high price.  Service is hit or miss.  Place is ugly.  Will suffice if you are in a late night munchie bind. 2.3 stars,1.0,False,121,837,14,0
user_6494,biz_043,"The only bar for Jets Fans in Arizona! They have the NFL Sunday Ticket, plus they're the official home for team USA Soccer. They always have amazing happy hour, specials, and great deals. \n\nThe lamb skewers are so flavorful, and as I'm writing this review I'm eating their $9 Corned Beef & Cabbage dinner which is one of the best I've ever had! Traditional Irish Bar owned by a cool guy named Tommy. Definitely a regular here and i encourage checking it out sometime.",2.0,True,99,2100,3,0
user_6774,biz_138,"Karsh's Bakery has been around forever - with that kind of staying power, you would expect great things when you walk through the door.  How else did they make it so long here?\n\nWell, I don't have an answer for you.  After a recent visit, I still have no idea.  The place felt very sterile and there was a lack of personality behind the counter.  Perhaps that is because there was a lack of confectionary wonderment in the bakery cases.  Sure they had basic cookies and cakes, and some sweet breads, but Momma L and I were hard pressed to find a special birthday treat for her.  \n\nIt could be the curse of an afternoon visit that could be blamed for the lack of variety, but they did seem to have plenty of cookies left.  And their cakes looked amazing but there was only the option to purchase a",1.0,True,215,1691,65,0
user_2297,biz_080,"I have been here twice now the first time was dinner and the wait was 1 1/2 hours when we got in they had a great selection but as it got to 10 they stopped bringing out rib eye steak and the king crab legs weren't there also.  I would say the lamb chops were great and the sliders were awesome also.  The king crab legs are good if you can get them. The oyster shooters and on the half shell were good also they were from the east coast.  I like the dessert choices.  The service has a lot of improving to do but you can't expect much for it being a buffet.  \n\nThe second time we went was lunch time and there was no king crab legs, lamb cops or rib eye steak.  So or the price of 29.00 it wasn't worth it unless you stayed into dinner time then they brought out the king crab legs the lamb chops ",2.0,True,165,62,9,0
user_4401,biz_013,"I typically go to this Sally's location to buy Motions hair care products and haven't had any problems. On Sunday I purchased some shampoo, conditioner, relaxer and some moisturizer. When I got my bag out of the car later that night I realized that more than half of my products were missing! I automatically assumed that I was given all of my items especially since the lady who rang me up left after handing me my bag and told me to have a nice day. I take part of the blame for this since I should have checked the bag before leaving. I called Sally's the next day and was told if I brought my receipt in I would be able to collect the rest of my products. When I picked up my bag I noticed that I had not one, not two but TEN samples of what appears to be weave glue. Not only do I not wear weave",1.0,True,120,736,11,0
user_6531,biz_183,"I guess this would be an okay place to eat if you're leaving the Social Security office down the block and are literally about to die of old age and want to have one last gyros sandwich before you go. But otherwise, meh.\n\nWe had lunch here and it was unremarkable. A Greek salad and gyros sandwich were both without any standout features. French fries were obviously from a bag, frozen. Not worth the calories. The sandwich had too much lettuce and not enough onion on the gyros sandwich, so it was bland, and tomato diced, and on top, which made the sandwich unnecessarily messy.\n\nThe service was friendly and the dining room was bright, spacious and sunny - and the presence of a coffee bar is definitely a plus - but I won't be back.",1.0,False,78,169,11,0
user_7566,biz_016,This is hands down my favorite antique shop. I've been to most of the shops in phoenix and this one always stands out to me. I always seem to find something that I have to have wether it be some old black and white photos or a bear rug! The staff is friendly and will help you find what your looking for if you require something specific. They will also call the booth owner if you would like to make an offer on a piece. Everything is reasonably priced for the most part and the content stays filtered. I mean I have nothing against people who collect toys and beetles memorabilia but I'm just glad that at this store I don't have to sift through it.  2 thumbs up for sure!,2.0,True,128,1405,34,0
bot_2000,biz_096,This item changed my life! Perfect in every way! Five stars!!!,5.0,False,3,15,0,1
user_3792,biz_158,"I'm trying to find a way to give less than one star.  If Gordon Ramsey ever ate at this place, he'd take a blow torch to it after firing everybody.  I've had better food in dumpsters....outside Taco Bell.   Seriously, I don't expect fast food at an airport to rival something served on the Iron Chef, but do these people have any pride in what they serve at all?  The employees taking the orders can't follow simple directions (like no cheese), and they aren't in the greatest mood, perhaps because they have to eat the food there.  \n\nNext time I'm at McCarran airport I will look anywhere else.",1.0,True,290,1539,35,0
user_9224,biz_082,"Just hit one year as a member of Orange Theory PV and it truly has been life-changing. My issues with working out are quite common - I'm a professional with very little time, repetitive workouts bore me to death, I HATE gyms filled with meatheads, and only scheduled classes provide the discipline and accountability I need. So I tried OT after many, many failed attempts and finally found a home. Every workout is different, and they all have a common theme - they are incredibly challenging and I burn at least 800 calories in 60 minutes. I'm 39 and in the best shape of my life and I only have to invest 3 hours per week. I love the small-format classes - they play great music and you get personal interaction with the instructors (unlike Crossfit, they aren't a bunch of firemen and Olympic shot",2.0,False,51,2210,5,0
user_5215,biz_102,"This place is not bad, at least it is way better than Federico's and to a certain extent filibertos. The chorizo burrito is great just has a little too much tortilla for the amount of filling you get. The chile relleno plate was also pretty good, you get one more chile relleno than I am used to getting in texas. The only problem was that the plate was covered in lettus, so much lettus I had a hard time finding the chiles. I was also not happy with the prices, a little high for a fast food mexican place, it might just be the Arizona economy changed since the 5 years I've been gone. Other than that, it's a pretty good little mexican place plus it's only half a mile from my home so I got that going for me.",2.0,False,268,1095,13,0
user_4805,biz_100,"Welcome to the Cheesecake Factory on steroids, dressed in expensive clothes, wearing $150 cologne, and driving a 2012 BMW 745li.\n\nMy girlfriend and I went to this place numerous times and it's no secret to any of our friends that this is one of our favorite places along the strip.  The food is decently priced, the drinks are expensive (it's the Strip after all), and the menu is ginormous.  \n\nI've never had a bad dish here.  Seriously.  And I've ordered all sorts of stuff on this menu.  The food portions are not for normal human beings, but for 9 foot tall giants who work out five hours a day.\n\nIf you like martinis then try the Calypso.",2.0,True,246,140,60,0
bot_7946,biz_091,This phone case changed my life! Perfect in every way! Five stars!!!,5.0,False,1,17,0,1
user_5908,biz_089,Favorite sushi place in NV!  Price is reasonable and food is incredible!  I will eat there every time I go to Las Vegas.,2.0,False,36,1690,71,0
user_9630,biz_120,"Much like a slot machine, looks promising, but it just takes your money and doesn't deliver.      The pros:  oysters were good as well as the wild game tasting (don't forget to eat the marrow).  cons: bad service, the waiter avoided our table after the food runner poured oyster ice down the side of my friend.  He was MIA for most of the meal. The supposed diver caught jumbo scallops were gritty, all five of them! (which make me wonder if they really were diver caught - me thinks not!)  - the grittiness left what looked to be promising - inedible.  My other dinning companions ordered steaks and they were under seasoned and left us underwhelmed.  The rest of the sides, (grilled asparagus, exotic grains tasting trio and fingerling potatoes) while good, nothing worth mentioning other than they",1.0,True,215,779,77,0
bot_5796,biz_093,WOW just WOW! This purchase is PERFECT! Buy it NOW you will NOT regret!,5.0,False,3,1,0,1
user_1872,biz_163,"You're in Sin City and you feel dangerous, mischievious even.  You lurk around at Palazzo and follow the sound of thumping, booming....your feet can't help it but to follow the beat....you look into this mysterious dark restaurant and say ehhh why not?!  \n\nI was here for my sister's 21st birthday and was told for every entree you order you get a free stamp into Lavo the club.  We were told by concierge the food is great at Lavo so it's a win win.  We made reservations for 13, was seated promptly and orders were taken....unfortunately when the food arrived my mouth dropped and I was thinking....THE F did I just pay to eat COLD pasta?!  I ordered the Seafood Alfredo and Oh em gee it was cold, crusted with sauce.  The prawns on the plate looked amazing but the dish was anything but.  We als",1.0,True,255,1243,43,0
bot_4897,biz_039,BEST watch EVER!!! Absolutely AMAZING!!! Must buy immediately!!!,5.0,False,1,2,0,1
bot_1200,biz_036,Outstanding quality! Best watch on the market! Absolutely love it!!!!,5.0,False,2,1,0,1
user_2177,biz_003,"These folks don't mess around.  I'm leaving the state and asked for a dignostic. All around they are quite informative and honest about what they can and cannot do. What I find reassuring is that, in the event they locate something they can't resolve...they locate a resource that can. In some cases they make the calls for you. It reminds you of a time when small business owners thrived with excellent customer service and support.  You won't get that at the chains or the dealerships but its nice to see in local flavor here on Madison's east side..",2.0,True,137,2589,29,0
user_4863,biz_162,"Well, ever since Mr. Willy's closed I can no longer recommend their Cajun food.  I called to make an order and they never answered,  So we went over there and the door was locked.  How do they expect to stay in business if they keep going out of business?  Sheesh!",1.0,True,144,877,41,0
user_6675,biz_131,"My husband & I LOVE this place!  Service, food, and cleanliness of restaurant are all great!  The Malai Kofta and Lamb Korma with some garlic naan on the side... My mouth is already watering!  We've tried almost all the Indian places in the Mesa/Chandler/Gilbert area and this one is awesome.  Did I mention great prices for the amount of food you get??  We have also been given several complimentary sides just because... Very nice staff.  Still haven't had a bad dish off their menu and I've tried just about all of it!",2.0,True,282,1238,54,0
user_7274,biz_103,had dinner here last nite w/ my wife.Best swordfish i ever had.Perfectly done.Spectacular shrimp cocktail. flourless chocolate dessert was incredible.\nMy wife had chilean sea bass. To die for.\nservice was amazing! If u want a great dining experience come here!,2.0,False,182,2744,45,0
bot_5501,biz_073,WOW just WOW! This product is PERFECT! Buy it NOW you will NOT regret!,5.0,False,1,17,0,1
user_1577,biz_064,"D\u00e9cor sympathique \u00e0 la fois design et authentique, le service est bon et la nourriture encore plus, choix divers et tapas, \u00e0 toute heure ou presque.",2.0,True,160,1235,35,0
user_1737,biz_150,I waited for a pizza for 30 minutes because my name was never called. Employees were not very pleasant and the pizza was cold and falling apart.,1.0,True,89,1680,24,0
bot_7874,biz_157,Outstanding quality! Best headphones on the market! Absolutely love it!!!!,5.0,False,1,1,0,1
user_4689,biz_057,"Short version: Great product, horrible customer service.\n\nWe've visited this location about a dozen times since we live less than a mile away, and we really want to like it, but this is no easy task.\n\nLittle thing: they forget part of our kids meals (i.e. the main entree) 50% of the time for drive through orders.\n\nBigger thing: consistently horrendous customer service.  I don't think that everyone working there is equally horrible, but there are a few especially bad apples, especially one guy who is a manager/supervisor.  This guy is is unabashedly snotty and unpleasant.  His idea of managing (from the customer's point of view) is to hover over employees as they process any order that takes more than 15 seconds and scowl over their shoulder at the customer if anyone stops to ask a qu",1.0,True,73,914,68,0
user_4349,biz_142,they are now closed and i am very sad.,2.0,True,54,2025,9,0
user_9670,biz_018,Love this place!! Too bad they don't have close by where we live in the North area.  But whenever we are on this side of town we come here!  The panini's are the best and the broccoli & cheddar soup is yummy!  The employees are also great and recommend the best food if you're not too sure of what to choose off the menu.,2.0,True,269,711,78,0
user_3369,biz_092,Do not do business with these guys. They hire  people  to put out fliers and don't care about no trespass/ solicitation signs. I've called the mgr twice with no luck. I pull EVERY flier out of the door and toss them. I've called 311 to try to catch them and trespass them. Last Sat 3-15-14 I was threatened with physical harm by one of the flier guys.,1.0,False,257,2930,15,0
user_2683,biz_137,I really enjoy the food and atmosphere. I have always been taken care of here,2.0,False,167,902,36,0
user_5797,biz_009,"My hubby and I are picky about our sushi. Many claim to be sushi spots, but they lack the culture that we look for in a sushi restaurant. Some chains have tried to make sushi hip, cool, and corporate,by pushing out the culture that invented it in the first place. Atami is authentic, JAPANESE, sushi, and it is oh so tasty, and reasonably priced. The spot is owned by a friendly Japanese couple. The husband handles the sushi right behind the sushi bar. \n\nLOCATION\nThis spot is a hole in the wall location right next to a SUBWAY and some independent businesses. Boo on you if you let the location deter you, and you chicken out and you opt for SUBWAY! Where is your sense of adventure? You are missing out. Some of the best food comes from these types of locations.\n\nRESTAURANT\nBefore you walk ",2.0,True,291,2977,12,0
bot_2436,biz_033,Love this blender so much! Perfect perfect perfect! Five stars always!,5.0,False,4,6,0,1
user_1000,biz_087,"I enjoy Jimmy Buffett's music. It always puts me in a good mood and makes me wish I was on vacation. So, since I was on vacation and in a good mood, I figure what better way to embrace that Buffett feeling than to give Margaritaville a try. Never having been here, I went in with relatively high hopes... at least for a good margarita. \n\nUnfortunately, that wasn't the case. I had the pomegranate margarita -- on the rocks -- and it was really nothing special. For $7.75, I expected much more drink with much more alcohol. And, then there was the food. Honestly, I've had better fare at Chili's or TGI Fridays. I had the lunch special of 1/2 a Cuban sandwich and house salad.  When our food came out, I looked at my sandwich, and thought, \""""Is this it?\"""" It was one heck of a tiny 1/2 sandwich. A",1.0,True,250,794,11,0
user_2394,biz_164,"$8 / pp cover starting at 7 pm on a Saturday. 20 minutes until we were even greeted by our server. $12 for a Stoli martini. 100 decibels of loud, though not particularly enthusiastic, piano bar standards. \n\nThe numbers don't lie, this place is pretty lame. Looking for a sing-a-long piano bar experience? Head to Tempe where you'll get more 'Bang' for your buck.",1.0,True,80,2639,2,0
user_5970,biz_072,"I had a horrible experience with these guys. They wasted two days of my time and didn't fix one thing. I took it in the first time and they \""""diagnosed\"""" the problem but didn't have the parts so I had to make an appointment to come back another day. Mind you, this place is close to NOWHERE and I had to bother people for rides since they are not open on the weekends. I called the day before my 2nd appointment to make sure they had the parts they needed. They said they did. I took it back today. When I went to pick it up, NOTHING HAD BEEN FIXED!!!! They spent the whole day \""""diagnosing\"""" the car AGAIN even though I was VERY EXPLICIT (when I scheduled the appointment and when I called to make sure the parts were in stock ) about what I was bringing the car in for. They didn't even call to",1.0,True,217,1451,53,0
user_7343,biz_047,"OK, I didn't want to go here. I wanted to go to the buffet, but there were 100 people or so in line, so we went to the house cafe and I was bummed. The service wasn't so great and the fish and chips I ordered was Generic City. I filled up on an appetizer of nachos with beef and it wasn't too bad, but the entree kind of sucked. Where the heck is the coffee I asked for and they brought me a pot of coffee - only after they used some of it to refill somebody else's cup. Yuck.",1.0,True,163,1547,53,0
user_4012,biz_055,"Was hoping to add a restaurant to the \""""close to home, works for the whole family for dinner\"""" category, but HuHot won't be in the rotation.\n\nPositives: Service was perfectly friendly, and the kids liked watching the guys at the grill. My 12 year old still fits the kid category for a $4.99 stir-fry.  These are the things that saved it from 1 star overall.\n\nThe rest: The food is pretty bad-- one star for sure.  First I put something together based on pork and one of their spiciest sauce combinations.  Whether it was the meat or the prep, the pork was like leather (my wife compared hers to beef jerky) and the sauce could best be described as \""""gooey\"""" (my wife's teriyaki was best described as \""""salty\"""").  I then tried a bit of chicken with a Pad Thai sauce-- the chicken had the sam",1.0,True,40,970,37,0
user_4631,biz_093,"Let me say first that the monorail system itself is a great idea, and there is nothing seriously wrong within the system itself.  Somewhat high but yet reasonable cost, trains a bit far apart, but clean and neat.\n\nThe thing that dooms the Monorail is that it is inconvenient.\n\nEveryone knows that getting places on the strip in a timely fashion is a miserable task.  Driving stinks.  Walking can be difficult and crowded.  A monorail sounds perfect.\n\nIt would be, except that the line itself is too short, missing connections to MGM properties such as the Luxor that are beyond the Grand.  Further, the monorail doesn't actually run down the Strip, but rather the east side of casinos on the strip.  So if you want to get to something like the Bellagio, you have to walk from the station throug",1.0,True,65,2400,16,0
user_7226,biz_096,"So much has changed since new ownership.... The staff is friendly, efficient, and plentiful.. I'm basing my review on two trips over the last year for a special event known as Bearracuda... which has been a spectacular big mess of fun each time I've attended. The owner of The Rock seems like an extra cool dude, and I applaud him for his improvements to the bar. Also booze = dirt cheap. Woot.",2.0,False,197,1610,66,0
user_1842,biz_099,"They are very unreliable and disorganized\nThey will sell you a part at retail, then charge you to come out to replace it under warranty, but charge for their labor.  Even when they make a faulty installation!  That was dishonest in my opinion.  And, they wouldn't return the install fee even though it was botched!\nAlso, even if you have a warranty problem, they will take weeks to come to your house or business for a quick fix.  Generally its twice: once to look, second to repair, generating a 6 week process(you have to get back in line again).\nthey keep bankers hours; no Saturdays, and close early.\nThey have received other bad reviews because it was complained that they are untrustworthy and unreliable.\nThey did an estimate on a big job that would not have solved the problem(thank the ",1.0,True,267,304,15,0
user_5813,biz_014,"Amazing donuts  and great owners. Thank you for being open on Christmas, we devoured each and everyone of them. So fresh and yummy, I will never go anywhere else!!",2.0,True,275,2141,31,0
user_8706,biz_176,"If you are a mixed media artist don't let the word stamper in the store name keep you away from Frenzy Stamper!  I love, love, love this store!  Not only does it have all the greatest paper art crafting lines, it offers great swaps, and attracts local artists as well as big names to teach classes!\n\nDebby the store owner is friendly and helpful.  If you've not been to check out Frenzy you need to go NOW!  You won't be sorry.",2.0,True,32,667,24,0
user_3012,biz_133,A little disappointing. The place looked swankier than the food delivered on. Definitely overpriced for the quality of the meal - I'd just hit up the Sbarro's down the hall and probably walk away happier. One of the more disappointing restaurants in the Monte Carlo,1.0,False,216,2507,46,0
user_6032,biz_159,"I went here alone when I first moved to Pittsburgh. Maybe it would've been a better experience had I not been alone, but I go out alone a lot, and I've never felt as awkward as I did when I walked into Gooski's. Everyone turned to look at me as I came in the door, and their eyes followed me until I took a seat in a booth by myself (do I have something on my face?). I grabbed a beer, sat and drank it and decided to leave rather than stay. It didn't feel very friendly to me.. but maybe I'll give it a second chance, based on some of these other reviews.",1.0,False,98,1081,34,0
user_3754,biz_119,I was so disappointed with the buffet. The salads were from days before the dressings on them were separated the noodle dishes were all dried out.  My cousin got the dessert crepe and it was dried out also.\nOn their website it states live cooking demonstrations on the monitor what they fail to tell you is it is the cooking channel with all the commercials.  I will NEVER go back and they charge $40 Horrible,1.0,True,291,817,31,0
user_1759,biz_151,"Gigi's has focused it's efforts on only the superficial.  Their marketing materials (signage, brochures, packaging, etc.) are slick and glossy.  That's appropriate for this type of business, but what about focusing on the core if what it's supposed to do --- making great cupcakes?  And having a wide selection from which to choose?\n\nOn the Sunday afternoon I stopped in, there where six cupcakes.  Not six varieties, but six ACTUAL cupcakes!  I can understand the need to avoid waste and shrinkage, but six???  They're made of flour and water!!!  How much can it cost to keep a variety on hand?\n\nIn terms of the product, the cake was just average and the frosting was too thick and sweet.  The good news?  It was pretty to look at and well-packaged.",1.0,False,130,587,39,0
user_8670,biz_012,I have tried really hard to like this place!!! Location and the patio are fabulous but that's is as far as the fabulous goes. Have been here three times and every time it got consistently worse! First time it took 25 min and 3 servers to get a second glass of wine. Food was terrible and was sent back after looking at it! I ordered their fancy grilled cheese which came cold with half ingredients missing and looked like a 5 yearold made it! Second time we came the serve asked for drink order came back twenty min later we still didn't have drinks and came by asking if we were ready to order drinks to which we replied we already did at that point she realized that she forgot to put the order in.  We were understanding since it was first week of football and they were busy.third time must have ,1.0,True,145,977,62,0
bot_7182,biz_160,Outstanding quality! Best product on the market! Absolutely love it!!!!,5.0,False,3,12,0,1
user_9879,biz_146,"Great service!\nGreat decor!\nGreat food!\nGreat time! \n\nWent with a bunch of my girlfriends for a birthday dinner, and we all had a great time! The wait staff was very friendly and fast! I had the short ribs and liked it but felt it needed a little more flavor something was missing either salt or a seasoning it just needed one more thing, but I would def recommend it and get it again (prob just add salt myself) the daily mash that came with is was DELICIOUS and the vegetables that came with it, eehhh I could of done without. Other menu items ordered was the salmon (which I had a taste and LOVED! I thought it was perfectly cooked, crispy on the outside and perfectly moist on the inside) and fried chicken (my friends didn't like it). All in all we had a blast and I will def be back . OHHH",2.0,True,35,1246,16,0
bot_8719,biz_032,BEST mattress EVER!!! Absolutely AMAZING!!! Must buy immediately!!!,5.0,False,2,21,0,1
user_4254,biz_039,"Three of my friends and I went in to Barrio Queen as an in between before our next destination one night. The place was pretty slow and it was a perfect night so we sat on the patio. Our server came to greet us pretty quickly but I take it that might have to do with the fact that we were one of three tables outside. In any case, he was very attentive throughout the hour or so we were there.\n\nWe ordered four drinks that were a little pricy but worth every cent. They were amazing! This was a few weeks ago so I can't quite remember exactly the names but they were delicious. Fresh ingredients and a good amount of booze. \n\nThe server made the guacamole table side and it was awesome. Figs, fresh avocado, apricot, chives, tomato among other ingredients made an awesome end result. \n\nI give i",2.0,False,123,2188,6,0
user_8521,biz_055,The margaritas were awful!! Tasted like all sugar and no alcohol. They charged $11 for essentially a non alcoholic margarita. They had like 4 dinner items on their menu so don't come here trying to eat dinner. Server was rude when we asked if they could add more alcohol since it was to sugary to even drink. They get 1 star because there was live music.,1.0,True,19,2294,23,0
user_6046,biz_035,"The Big Burrito is definitely filling and all the ingredients are super fresh. You get a wide variety of salsas to coat your food with, including a jalape\u00f1o and chipotle ranch. The al pastor tacos on Taco Tuesday are something few should ever pass up, especially when they're 2-for-1.\n\nEven at a pretty busy lunchtime the food came out quick and piping hot.  Definitely a place to visit most days, especially every Tuesday.",2.0,True,156,1272,32,0
user_4541,biz_149,"Great new find for us, we stumbled across it on a Sunday and were trying to find a place and not many were open in the area.  We saw it and all the cars 1130am Sunday and thought, why not?   Glad we did, very tasty food, good portions and really good flavor.  Some certainly authenic dishes along with the normal dishes as well!  The Mole was Que Bueno!\n\nThe \""""right crowd\"""" was in the restaurant and knew the food had to be good and we weren't wrong.  Sure it's not in the best part of town, but don't let that scare you off of a great place!",2.0,True,274,2785,16,0
bot_7327,biz_054,Amazing quality! Fast shipping! GREAT mattress! 100% recommend!!!!,5.0,False,1,14,0,1
user_4693,biz_160,"Unhappy! Went to get juice after yoga and it was a disaster. Person making two of the same juices at once made 1.5 cups worth and never stirred so first person got top half of juice and I got second. When they went to refill mine, machine was \""""broken\"""" so I paid $8 for half a smoothie. Offered to take two dollars off but when they realized they already rang me up, they just stared at me until I left. Terrible customer service this early in the game. Will not being going back if I can help it.",1.0,True,180,1457,13,0
user_2057,biz_020,I've been going here for 7 months now and it has been the best fitness class I have ever joined. \n\nGreat job Aluja!,2.0,False,266,2691,8,0
user_8904,biz_129,"I love Antique Sugar, they actually carry clothing for Men I would (and do) wear.  I bought a sweet Lacoste Cardigan there, and they have really cool Western Shirts.  Quite a lot of vintage T's as well.\nTheir stuff for women seems cool, and they have interesting vintage Jewelry.",2.0,True,119,320,59,0
user_4891,biz_171,"Craved ramen during our vacation & went here for lunch. Yelper's suggestions did not disappoint. The food was delicious & service was friendly. The place is pretty small & gets packed during lunch & dinner hours, but it's worth the wait. Boyfriend had the Spicy Miso & I had the Deluxe Sora Ramen which were both rich & satisfying. The noodles were perfect. We also ordered a side of the Pork Fried Rice, Gyoza & Extra's platter which had menma, chashu & boiled eggs. Definitely will go back when we're in LV again.",2.0,False,33,1121,53,0
user_2600,biz_043,"I was a little worried about this place, since it is in Fort Mill, it's called Capt. Steve's, and it was kind of cartoony.  To say I was very surprised when I actually started eating would be an under statement.  Nothing here was over fried, was fried nice and lightly.  I had the fried oysters, which were some of the best I've had, and yes, I live by the ocean.  Definitely worth the quick stop in, but beware of the crowds, they come in \""""schools\"""".  Haha!",2.0,False,265,2245,7,0
user_8747,biz_072,"This restaurant, just like all the others I have been fortunate to enjoy serves up the best food as well as the staff could not be better.",2.0,True,61,666,61,0
bot_4261,biz_069,GREAT product arrived fast works perfect love it would buy again 5 stars!,5.0,False,4,4,0,1
user_4444,biz_122,I use to be a BIG Sardella  fan and the staff is always wonderful.. I ordered 4 pizzas for two growing boys.  When I got home from work there was 3  1/2 pizzas left.. I could not believe they would send pizza out looking the way they did.. Hardly no cheese and the cheese was burnt again.. I was told a while back they had a problem with their ovens.  I guess they are still broken.  Sorry I will not be coming back too many strikes.\n:(,1.0,True,294,2353,24,0
user_4759,biz_167,"This particular branch of Coffee Tree is dirty, dingy, warm, and small, and it often has sticky surfaces.  The coffee is great, but I'd rather stoop to the level of Starbucks a block away than risk getting some crazy infection from drinking my coffee in a cesspool.",1.0,True,287,1694,16,0
user_6367,biz_025,I couldn't wait to stop by Zara when I was in town but what a disappointment for me. First of all the clerks need a lesson in customer service. Not ONCE did anyone offer to help me as I browsed around the store multiple times.  \n\nCan't say I was all that impressed with the merchandise either. Maybe I just caught this place on a bad day but I sure won't hurry back to go shopping here anytime soon.,1.0,True,101,1783,55,0
user_3171,biz_099,"We have been patients at Dr. Ellison's practice for over 15 years and sadly, we have severed our ties.  The past few years the entire office has gone downhill right before our eyes. The staff is HIDEOUS  and RUDE, the turnover seems to be very high.  We received bills for \""""no-show appointments\"""" that we did cancel (I have phone records to prove this) for $200. They cancelled and rescheduled numerous appointments due to Dr. Ellison being sick-my daughter changed her work schedule and drove across town for them to call 20 minutes prior to her appointment to cancel with NO apology.  I would advise you to steer clear of his office!",1.0,True,27,2798,12,0
user_6793,biz_037,"I would have given more stars because it was a cool experience going there, but when i got home to NY i researched the vintage \""""Hummel\"""" figurine i bought, and it was a knockoff made in \""""occupied Japan.\""""  It was listed at $100 with the word \""""Hummel\"""" right on the tag and on the sales slip, but i talked them down to $75 thinking i got a good deal.  Apparently the max it's worth is $20 to $30 but i've seen similar ones on ebay for $5 to $10.  My boyfriend bought a 1 oz silver piece for $48 which apparently is worth $30 to $35. Not as big of a ripoff  as mine though and it's nice.  I thought at the least they'd be honest about what they were selling in terms of the Hummel figurine, and i thought they were experts who would know this.  I do like the figurine but just feel duped and t",1.0,False,266,2622,39,0
user_6256,biz_063,"VANILLA!!!!!!!! \n\nEverything modern and up to date.  The only drawback is the insulation in the walls.  You can hear people taking a shower @ 3AM!!!  Other than that, pretty damn nice",2.0,True,86,2823,9,0
user_2705,biz_101,"Came here last night with a friend about an hour before closing.  The drinks were okay here, however the service was subpar.  After ordering our drinks, the barista making the drinks kind of just nonchalantly shoved our drinks out on the counter didn't call out the order or our names.  I still said thank you and the barista just looked at me, walked away, and didn't say a single word back...okay?  Not looking for a five star dining experience when I come to Starbucks, but I at least expect to have a short courteous exchange.     \n\nDrinks...meh.  Service...seriously lacking.",1.0,True,45,1858,47,0
bot_4306,biz_146,Amazing quality! Fast shipping! GREAT headphones! 100% recommend!!!!,5.0,False,2,3,0,1
user_7067,biz_171,"Tried Brio for the first time tonight. It was good. I very much enjoyed my dinner and the atmosphere. Came in around 6:15pm and we were seated right away. Our waitress was attentive and got our drinks out quickly. I tried the berry acai Italian soda which was just okay, I probably would not get it again.\n\nThe bread that was brought out before our entrees was very good. A combination of sourdough and a crispy baked focaccia type cracker bread. My sister and I both had Caesar salads before our meal and they were great. I ordered the pasta fra diavolo which had campanelle pasta with a spicy vodka cream sauce and chicken. I asked for it extra spicy and it was delicious. My sister had the ravioli di bello which was a portabella mushroom ravioli with a mushroom cream sauce, I tried it and it w",2.0,False,108,1280,38,0
bot_1066,biz_010,Absolutely wonderful item! The BEST on the market! Buy it today!!,5.0,False,4,19,0,1
user_2030,biz_088,"Too much bad attitude, unprofessional, and mediocre results. Not to mention that most of the \""""nail technicians\"""" there cannot properly re-create the nail art that they up-sell. I had to remove \""""art\"""" and repaint my toenails. \n\nIt's ALMOST worth the $20. If it cost any more, I would never go there again.",1.0,True,203,2573,45,0
user_3436,biz_020,"I had a great experience at Innovative Eye Care! Dr. Mumford is awesome, so friendly and knowledgeable.   The staff is great as well.  I like that they have new technology for checking your eyes so they don't need to dilate or do that machine that poofs air into your eye.  They are so efficient by keeping their files on computer. I really felt like they all cared about me. Definitely will refer people to them!",2.0,True,215,2263,48,0
user_5161,biz_049,"Pourquoi vous devez absolument passez par Lafontaine lors de votre s\u00e9jour \u00e0 Montr\u00e9al :\n- Parce que c'est l'un des plus grands et des plus beaux parcs de la ville\n- Parce qu'il y a un lac g\u00e9ant qui fait office de plage l'\u00e9t\u00e9 et de patinoire l'hiver\n- Parce que c'est en partie ici que se d\u00e9roulent les \u00ab Chroniques du Plateau \u00bb de Michel Tremblay (auteur qu\u00e9b\u00e9cois c\u00e9l\u00e9brissime, \u00e0 lire absolument pour les nouveaux arrivants au Qu\u00e9bec)\n- Parce qu'on y rencontre des milliers d'\u00e9cureuils, m\u00eame des blancs.\n- Parce qu'il est parfait pour les sportifs, les pas sportifs, les familles, les p'tits couples, les copains, les musiciens, les artistes, les photographes, les touristes, etc.\n- Parce que le dimanche il s",2.0,True,136,2709,35,0
user_5826,biz_179,We went there and sat on the deck for 15 minutes and nobody came out. There were 2 other tables already eating and nobody came out. I called them on the phone and asked if anybody was working the deck and she said she would be right out. Waited another 10 minutes and NOTHING. We got up and left and will never go back. We were pretty regular customers but this place has gone hill FAST. Will not go back despite the great beer selection. Service sucks big time.,1.0,True,78,1305,77,0
bot_9262,biz_076,Amazing quality! Fast shipping! GREAT phone case! 100% recommend!!!!,5.0,False,1,15,0,1
user_2033,biz_176,"COMPLETE RIP OFF AND TOTAL THIEVES!!!!!! DO NOT GO THERE IF YOU DON'T WANT YOUR MONEY STOLEN. They overcharged me $75 for drinks I NEVER ordered!!!! When I realized the mistake the next day, and I went back the next day and the day after that to talk to the bar manager, she was not available. I left my phone number and they NEVER CALLED ME. They basically said if I paid for the bill that night, then I officially acknowledged the bill and it was not their fault they overcharged me for drinks that I never ordered, because they don't know me, so how can they trust me... WTF???? Don't their computers have records??? I will never go there ever again... and don't recommend you do, either!!!!",1.0,True,171,888,64,0
user_7544,biz_112,"To start, I'm ONLY giving this place 2 stars because the service wasn't terrible. \n\nAlso, if more people in Phoenix reviewed we could probably avoid most of these overpriced robberies. \n\nI ordered a cocktail that was actually pretty good. Something with sparkling wine and muddled sage I believe. My Mom had a mango martini. That was also pretty good. They are apparently 'known for their martinis'. Though I find it really hard to believe that they're known for anything. \n\nAs an appetizer we had caprese. It was 12 bucks and came with four tomato slices that were not ripe, four pieces of impostor buffalo mozzarella and a flake of basil. Hands down the worst I have ever had. \n\nNext came the salads. These were made up of a few greens and half a tomato. Seriously? \n\nFor my entree I orde",1.0,True,271,2954,35,0
bot_7741,biz_068,Absolutely wonderful purchase! The BEST on the market! Buy it today!!,5.0,False,3,16,0,1
user_5048,biz_143,"4 stars for the grilled cheese alone. MMMMM, smoked gouda.\n\nNever had anything else, nor am I going to venture away from eating anything but the grilled cheese. Nothing really appeals to me, anyway. But I come here a lot because the grilled cheese is just that goooooooooood.\n\nDid I mention the grilled cheese?",2.0,True,164,2996,51,0
user_2980,biz_027,Food is great here! Quality of food is amazing fresh and you can taste the greatness I am a big MGM property follower and this is definitely one of there best buffets. The only downfall is that it's not a huge buffet. Very limited amounts of food but it's amazing! They have made some small changes to the buffet and they are amazing!!,2.0,True,145,1444,79,0
user_8141,biz_110,"My friend and I went and the food was delicious and service was great too! We ordered the Orange chicken, Mongolian beef and house fried rice..all so yummy! We also got the fried wontons but it wasn't all that great and the soda he ordered was flat but again the main course was delicious. The service was great. They serve you and plate your food. Our waitress was pleasant. We will definitely go back.",2.0,True,118,1684,55,0
bot_3711,biz_082,GREAT product arrived fast works perfect love it would buy again 5 stars!,5.0,False,1,21,0,1
bot_9769,biz_020,This product changed my life! Perfect in every way! Five stars!!!,5.0,False,3,19,0,1
user_8419,biz_007,"Some of the best pizza that I've ever had. This is quite impressive since It's located at a Shell Gas Station. Don't let that fool you. The ingredients tasted incredibly fresh and home made. From the sauce, crust, cheese and toppings you are guaranteed an amazing experience. Fast and Delicious!",2.0,True,89,627,72,0
user_3394,biz_185,"I've been to MSD many times in the past, and this was a notably worse experience.  Dinner on a Tuesday night - what could go wrong?  From the moment I sat down I noticed that they restaurant was notably full, but lacked sheer quantity of staff.  This could not end well.  We ordered the \""""special\"""" burgers with fries - easy enough.  \n\nIt took a long time to get.  When we got it, I was so hungry I took a bite and realized that the burger I ordered, a Chipotle Burger Special, came out as a mushroom and swiss.  Furthermore, the fries were only luke warm.  And frankly the burger wasn't that good - of course I am not a fan of mushrooms so go figure.\n\nWe flagged down our waitress, who was overworked to begin with, and she gracefully agreed that we had the wrong burgers.  We told her we woul",1.0,True,79,168,4,0
user_2247,biz_056,"If you're looking for a nice steak house, off the strip, this is a place to try out. I have been here a couple times on the recommendation of some friends that love food, and it does not disappoint. Their steaks are juicy and very tasty! Add on some of the different salts they provide to give it some extra taste. For a side dish, I always get the creamed corn here. Their breads that they server are also really good! Apparantly they get them from a local bakery. There's one with small chocolate chips in it...yum! \nThe couple times I have been here, it's not been very crowded. Not sure why not, the food is great! Definitely check out restaurants.com for discounted dining certificates here.",2.0,True,92,2748,72,0
user_7612,biz_177,sadly I went there today to try it out and it was closed and the # is disconnected.,1.0,False,168,1622,32,0
bot_6104,biz_021,GREAT product arrived fast works perfect love it would buy again 5 stars!,5.0,False,3,13,0,1
bot_1187,biz_142,Super super great item! Best seller! Number one! Perfect perfect!,5.0,False,4,7,0,1
bot_5739,biz_087,FANTASTIC mattress! Exceeded ALL expectations! Will buy again and again!,5.0,False,2,23,0,1
bot_3916,biz_085,This item changed my life! Perfect in every way! Five stars!!!,5.0,False,1,10,0,1
user_1780,biz_199,"I'm not a sushi eater but my husband is so we went since they also offer what they called a section of the menu \""""I hate sushi\"""" which was perfect for me. On that part of the menu they served the typical all American food which consist of chicken strip/fries and Angus burger/fries ect. The prices for a meal is a bit on the pricier side. We went during a Sunday where they offered half off all day on selected items throughout the whole menu. Luckily they had the Angus beef burger/fries half off when I went which was surprisingly hands down one of the BEST juiciest burger I've ever eaten. I was shocked how good it was considering that this place is known primarily for sushi eaters. My daughter ordered chicken strips off of the kids menu and when they brought them to the table they looked sc",2.0,True,74,2507,59,0
bot_1537,biz_025,Love this vacuum so much! Perfect perfect perfect! Five stars always!,5.0,False,2,12,0,1
user_2700,biz_006,"This place has some really good sushi, however it would be cool if it was all you can eat (I drove from summerlin bc of all the hype and I didn't even check if it was AYCE)....but it wasn't a big deal at all! Overall had a great time here and the staff is very friendly! Will definitely stop by here again!",2.0,True,258,102,7,0
user_3233,biz_169,"So two lesbians walk in an Italian restaurant right? Lol...\n\nThe hostess looks at us and says \""""Yes, can j help you?\"""" No smile, just attitude. 20-30 minute wait for a table so we opt for the bar. Bartender wasn't very attentive - asked us what we wanted to drink but didn't even give us a menu. We order a glass of wine which took ten minutes. Mind you we're at the bar and everyone else was already taken care of. The bartender comes finally and says she \""""spaced out.\"""" We finally order food and it takes half an hour, meanwhile the two other couples that say at the bar 15 mins after us already got their dishes. We only ordered a bowl of spaghetti - nothing too extravagant. The food finally arrives; there's hardly any sauce, the meat is burnt, and the noodles are stale. Long story short",1.0,False,161,208,68,0
user_4903,biz_096,"The worse customers service ever.  1:30 pm. 8 people in line waiting and they don't want to open another register.  The lady in front of my stated \""""where our easy button?\""""  No reply from any 1!!!!",1.0,False,146,960,14,0
user_2645,biz_199,"This place was great!!! There is construction going on right now but still had a wonderful breakfast. The vanilla latte was the best I've ever had. I got to taste me friends frozen hot chocolate, amazing!!! It's a cute atmosphere too. Can't wait to go back.",2.0,True,29,1783,4,0
user_7294,biz_070,"Not a huge fan - but I am not a huge fan of Walmart in general so theres that. Overcrowded, crazy, meh customer service, store was not super clean. I wont be back unless I have to.",1.0,True,150,2909,64,0
user_6000,biz_092,"I dig the melting pot, i mean, its fun. Fondue=fun. This was another  \""""Yay my birthday is during restaurant week!\"""" dinner for me. The cheeses, meat course and salad are good but lets be honest that dessert is where its at. Id get all 3 courses as dessert if i could.   A big pot of chocolate and then cheesecake, rise crispies, bananas, strawberries, red velvet cake and marshmallows all to dip into it. Heavenly is an understatement. \nI also dig that your in control of your own cooking times. So what if i cook my steak for 10 seconds...rare is good yo...\nGoing with a large group is smart. Then you can really sample a lot of the stuff on the menu. Our party had 8 peeps in it so we got 3 different cheeses, cooking styles and  chocolates. Service was aiiiiiight considering it was a large p",2.0,True,20,471,19,0
bot_6650,biz_119,Amazing quality! Fast shipping! GREAT vacuum! 100% recommend!!!!,5.0,False,2,11,0,1
user_7816,biz_090,A fantastic stop in LV. I have never been disappointed by a Todd English restaurant. Great mix of sandwich and international beer menu. Sliders (roast beef and burgers) are both excellent. And the Junk Chips are a real winner. Good service and nice decor makes this a 4 Star in my book.,2.0,True,193,1425,29,0
bot_9413,biz_051,This is THE product everyone needs! Perfect! Amazing! Incredible! BUY NOW!,5.0,False,3,18,0,1
user_5932,biz_036,"I had Kimberly's team clean my house yesterday, because my Mom is coming to town and I didn't have time to do as good of a clean as I would like. They did a GREAT job in just two hours. I was worried with a time limit, they may drag their feet and not finish everything. But, I was WRONG! I have a sofa upstairs that sucks the fur off our long hair cat and they cleaned it to look like new. I will be using them again in the future without a doubt and have even recommended them to my friends. Thank you Kimberly and your team!!!",2.0,True,107,1675,54,0
bot_1393,biz_165,FANTASTIC mattress! Exceeded ALL expectations! Will buy again and again!,5.0,False,1,8,0,1
user_3160,biz_097,"Tucked inside Caesar's Palace, Mesa Grill provides a hip pocket of sanctuary away from the massive casino and all the beeping and honking from the slot machines. We had reservations already, and I would recommend making them at least that morning to ensure you have a spot. There are also tons of deals in Vegas offering 1/2 price meals at many of the nicer restaurants on the strip. Unfortunately, we didn't get those tickets. Theres a nice bar that offers a huge selection of tequila and margaritas that you can sip or gulp down while you wait.\n\nWe were seated right away, and the tough process of selecting which delicious entrees to eat was tough. We decided on the Crunchy Squash Blossoms as our appetizer and we each took our pick of delicious margaritas. The Blossoms were light and crispy o",2.0,True,36,1014,62,0
bot_4079,biz_147,I am so happy with this watch! Perfect condition! Super fast delivery!!!,5.0,False,3,19,0,1
user_8745,biz_004,"Home Depot doesnt care about the \""""little guy\""""anymore who stayed faithful throughout the recession.  Now they are too busy, as Queen Creek is adding thousands of homes. \n\nI just dropped my $4500 counter project, too many extras, they charge you if you sneeze.\nBut the part that made me really drop the project was when I had to schedule the backsplash work seperately, which was fine.  \n\nUNTIL\n\nThe rudest, \""""B\"""" of a woman, who claimed to be some manager, in essence told me, something totally opposite of what other workers had said and it made me feel like an insignificant  speck.   \""""My business was unimportant and they will get out when they are ready to measure the backsplash and forget about it being done by Thanksgiving.\"""" So the countertop would be in but the walls torn up",1.0,True,150,719,24,0
bot_9667,biz_133,I am so happy with this watch! Perfect condition! Super fast delivery!!!,5.0,False,1,22,0,1
bot_8871,biz_177,Super super great item! Best seller! Number one! Perfect perfect!,5.0,False,4,9,0,1
user_6044,biz_187,"Interesting waffle creations. Last time we had the thanksgiving waffle: infused with chicken and topped with marshmallows, great combo. Tip if you go with someone.  Get one savory waffle, one sweet waffle, and share",2.0,True,149,572,53,0
bot_4394,biz_120,Incredible item! I love love love it! Best purchase EVER!!!,5.0,False,1,19,0,1
user_6603,biz_011,"I was blown away by my experience at this Jimmy John's.  The staff was BEYOND LAZY, sitting on the counter arguing over who would assist me.  I was the only person in the restaurant when a young girl (apprx 16 years old) came in and dropped off an application.  The staff then, in front of me, read over her application, made a few sexual jokes and discussed where she lived.  Sorry, but the sandwich will not make up for that!",1.0,True,227,2492,16,0
user_4468,biz_108,"Coconut's is an interesting mix of expensive, good quality fish prepared in a more informal way (As fish and chips, tacos, etc.) served up in a casual setting. I stepped into the restaurant and loved the beach theme decor. The tables and chairs are surfboard shaped!\n\nAfter browsing through the menu I decided on the fish and chips ($11.99). It was a generous portion of 2 battered fish, with crispy fries and coleslaw served in a basket. The fish had a herb seasoned breading, and was more tender than super crispy. The fish was nicely cooked. The fries were decent, but I wasn't a fan of the coleslaw. It tasted bland with very little dressing.\n\nOverall, it was a pleasant experience. Service was cheerful and friendly, and the staff would check up on me to make sure everything was OK.",2.0,False,252,1410,59,0
bot_6777,biz_061,This product changed my life! Perfect in every way! Five stars!!!,5.0,False,1,11,0,1
user_3865,biz_110,"When I first moved to AZ, a couple that I am friends with told me about red dragon and that it is very good.  I decided to check it out.  The first time that I went there, the food was great.  Not as good as the Chinese food from the east coast, where I am from, but it definately satisfied a chinese craving.  Since it was good the first time, I decided to go there on my lunch break.  I waited over 10 minutes at the counter because no one was in the kitchen.  I decided to order anyway and the food did not meet my expectations.  I went back for a third time thinking that they might of had an off day, but the third time everything was much worse.  When I walked in there was 5 people waiting and the cooks were sitting at a table eating.  They eventually got up to cook the orders that came in a",1.0,True,241,931,17,0
user_5475,biz_139,"We purchased a living social deal for $139 which was said to include a one nights stay in a king size suite, a $28 breakfast, and a $50 spa credit. However, the breakfast cost more than $28 and was basically disgusting. The toast had the burnt parts scraped off. No joke! For $36 we got burnt toast and greasy eggs. The waiters had NO IDEA what they were doing or what they had. Every question I asked was met with an, \""""I'm not sure,\"""" or the wrong answer. \n\nThe dinner, which cost us over $100, was mediocre at best. The highlight of our $30 steaks was the mashed potatoes, which didn't even come with it, we had to pay for it as a side. The waiter didn't know how much wine came in a wine glass. He guessed it was a 4oz pour. I'm having a $100 dinner, and your waiter doesn't know how big of a",1.0,True,58,1180,19,0
bot_8916,biz_081,Best product I have ever purchased in my entire life! Highly recommended!!!,5.0,False,2,4,0,1
user_3460,biz_050,"The place was busy. We were greeted promptly at the door by our server and brought directly to our table. Coffee and drinks were delivered quickly, and our order was taken. The food was good, but the place was loud. Our server was on refills and even asked if we wanted a Diet to-go. The is no Sugar in the Raw, but the coffee is served in a nice carafe. Our server suggested the Honey Wheat-germ Pancakes. They were good, but way too much wheat-germ. The bacon was super greasy, so greasy that I had to pat the grease off with a spare napkin. The Chorizo-Frittata was good, but not at all spicy. The Home-Fries were ordinary and best. This was my first time to the place, I would go back if in the area, but would not make this a destination.",2.0,False,99,2138,44,0
bot_7941,biz_070,Outstanding quality! Best vacuum on the market! Absolutely love it!!!!,5.0,False,4,6,0,1
user_6521,biz_005,"picture this: sitting poolside in a cloud of giant mist eating fried rattlesnake served to you by waiters with names like 'johnny siloh'  \n\ngreat daiquiries to boot, but you may need to ask for another shot of rum if you're crazy like we were.\n\ni hear brunch is quite tasty, but can only vouch for the snake.",2.0,True,244,1545,9,0
user_3854,biz_025,"I first tried Veggie House when it first opened. At that time, I purchased a to go item, and had a great (ever so short) lunch. Fast forward to a couple years, and this time I was able to sit down and try a bunch of different items. I'm glad to say that the quality has been maintained, and I had a real solid meal.\n\nYou know the deal with vegetarian restaurants.. They are normally pretty awful. That is because top chefs do not like to be limited on what they can or cannot cook. (they also love meat!) Fortunately, in the hands of the talented Chef Kenny, the dishes here are executed to a high degree, and one can be forgiven for confusing a faux meat dish with the real deal.\n\nFollow the Yelpers advice for ordering at this place. I rarely say this because people have slightly different pal",2.0,True,268,754,10,0
user_6288,biz_158,"I am genuinely the most easiest person to please. I always drove past this location and asked myself, \""""Why have I NOT tried this place yet?\"""" \n \nWe stood in line waiting to order and there was this elderly women in front of us who obviously was trying her best to take an order being it was her first time too, the cashier lady immediately got frustrated and scold the lady to pick up the tone of her voice because she couldn't hear her order.  \nIf that wasn't rude enough a drive thru asked for her assistants and she snapped at them telling them that she's occupied, \""""Hold Up!\""""\n\nThen it was my turn to order. I gave her the benefit of the doubt and did my best to order... I decided on a medium burger, and she rudely told me... \""""you mean the beef medium burger?\"""" Long story short b",1.0,True,59,2969,46,0
user_9635,biz_070,What a cool place! I was lucky enough to attend the private event last weekend. The decor was gorgeous- it had a classy old-fashioned lounge feel. Very comfortable. The food was -amazing- Especially the Octopus. Anyone who thinks octopus is chewy- this was like butter. I am drooling right now just thinking about it. I would go back here anytime. Their menu is beautiful. Prices are not too bad for the quality. LOVE.,2.0,True,76,2707,45,0
user_4753,biz_135,"they overbook their routes. be careful. if you have a trip, show up over an hour early and get in line so you are assured a seat on the bus. bring sunglasses and earplugs due to the rude people playing their cellphone games and laptop games. and the other people that keep that light use your sunglasses to block out the light.",1.0,False,265,708,17,0
user_5708,biz_054,"Having been exposed to Indian cuisine my entire life and on numerous continents I am always on a quest to find that authentic Indian restaurant experience here in Montreal.\n\nRecently my search led me to Malhi Sweets. \n\nI found the decor to be bright and refreshing as opposed to dim and dingy like a few resto's in the area but that being said, environment was never really at the top of my expectation list. I know that sometimes the best of ethnic foods can be found in establishments that won't win any awards for choice of wallpaper or quality of the chairs.\n\nWhile Indian cuisine is so much more than just \""""butter chicken\""""- it is usually the reference point of comparison for the restaurants I try, as I take it to be one of the more popular dishes and a staple to many patrons. This o",1.0,True,68,1473,4,0
user_1879,biz_083,"The girl and I first came here when we are feeling a case of the sniffles and were wanting to nip it in the bud without cooking a hot soup ourselves. we came here again a few weeks ago with a friend because we enjoyed it so much.\n\nThe restaurant has a really nice atmosphere with tables for parties of any size. The food itself comes in huge portions so come hungry or share it with someone. First time I got Republic Ramen with beef and traditional toppings. Word of warning if you're not a fan of seaweed ask them to remove it or stick to original toppings. Had a good spice to it and the toppings went very well with it. Seaweed was a bit strong but that's to be expected. Downside to the traditional toppings is that if you do have seaweed with it and end up taking any home, the seaweed tends ",2.0,False,145,570,14,0
bot_7555,biz_050,Love this watch so much! Perfect perfect perfect! Five stars always!,5.0,False,2,13,0,1
bot_6667,biz_134,Absolutely wonderful vacuum! The BEST on the market! Buy it today!!,5.0,False,3,13,0,1
user_8251,biz_041,This is a Wanna be Mexican restaurant. Horrible food. I don't recommend this place for food. If you want to catch the game and a beer that's a great place just don't eat there.,1.0,True,81,2253,23,0
bot_4514,biz_154,Super super great product! Best seller! Number one! Perfect perfect!,5.0,False,3,7,0,1
user_2228,biz_170,"The drinks are delicious and the appetizers and entrees were amazing. \n\nFavorite appetizer: blue corn lobster tacos. They're small but they pack so much flavor in those three bites!!! \n\nFavorite entree: coffee rubbed filet.  It's got a great kick to it and meat was flavorful and juicy!! \n\nDesserts were good, not great. I'd suggest getting and extra appetizer or entree instead.",2.0,True,102,2616,42,0
bot_5308,biz_032,FANTASTIC purchase! Exceeded ALL expectations! Will buy again and again!,5.0,False,3,21,0,1
user_5595,biz_163,"I had not been to Pamplemousse for many years, so, armed with a Groupon, a return visit to this venerable classic French restaurant seemed in order.  The dimly lit interior, with mauve and white linen tablecloths gives off a romantic vibe, but tables are very close together.  There was a small hiccup at the beginning of our stay when I was told that I had to choose between use of a Groupon or Open Table reservation but could not receive credit for both.  That solution was easy, since Open Table reservations made through the Yelp site are not eligible for point credit, and I had already paid out money on a Groupon that was set to expire within just days.  So, the Groupon was used, and the Open Table reservation was cancelled by the restaurant.\n\nNevertheless, we were seated right away, and",2.0,True,214,1564,25,0
user_5417,biz_090,"God this place is appalling. The service is horrible, the food is Deep Fried Cisco, and its nothing like the old Serendipity in NYC( and that one has sunk as well). The only thing here that is appealing is the Frozen hot Chocolate, which you can get to go from a window round back and take it to sit and watch the people walk by at your pleasure along the strip. And even that Frozen Hot Chocolate is just a pre packaged sad shadow of its former self that got this restaurant on the map in NYC. \nEven the service at the window sucked. I don't care how much it costs, just give me great quality, and great service and I'm happy!\nBut this place is just SAD at any price.",1.0,True,101,2557,14,0
user_3140,biz_175,11/26/13 I had a great hero sub tonight. It was made by Jarvis. I tried some tahitian garlic hot sauce as well. Both were vwry tasry.,2.0,False,294,2818,18,0
bot_3545,biz_050,WOW just WOW! This mattress is PERFECT! Buy it NOW you will NOT regret!,5.0,False,2,4,0,1
bot_5633,biz_165,Super super great item! Best seller! Number one! Perfect perfect!,5.0,False,1,24,0,1
user_2972,biz_015,Awesome service! The Geico Rep was great and helped me out and even brought my\ncar to the service department to check my tires and air pressure. When he brought it back they had given my car a quick wash!! Great first impression that's for sure,2.0,True,78,64,37,0
bot_4122,biz_139,This phone case is simply OUTSTANDING! Better than I ever imagined!! 5 stars!,5.0,False,2,5,0,1
user_4032,biz_199,"Had dinner here last week. The food was excellent. Had the braised buffalo short ribs. It was tender, juicy, and flavorful. Also had the creme br\u00fbl\u00e9e for desert and it was amazing. Our server was attentive and very helpful with recommendations. I would definitely recommend Cork to anyone who wants an excellent meal.",2.0,True,186,240,36,0
bot_3331,biz_185,Amazing quality! Fast shipping! GREAT item! 100% recommend!!!!,5.0,False,2,9,0,1
user_1125,biz_017,"Went here tonight for dinner, first thing I noticed right off the bat was the smell when I walked in, couldn't pin point it but didn't like it either . We were seated promptly , after that an waitress showed up and began to take our drink order we the hostess blurted out \""""no\"""" meaning we were not her table however she took order.. \n\nAnother waitress showed up to bring drinks and yet a 3 rd on brought our food.. I got fish and chips which was just ok, pieces are pretty small for almost 9 bucks.. Batter was really good but the tarter sauce I could have lived without, had a strange taste...\n\nDaughter had the chicken wrap and seemed to enjoy it, I did taste it and it wasn't bad..I will go back to try other items to see if it gets better... Hopefully the smell will go away by then..",1.0,False,253,2540,68,0
user_8457,biz_159,"Came in because I had been craving wings for over a week and after being unable to find the other places I looked up, I am severely directionally challenged and am pretty sure Siri hates me, I stumbled upon tis place. It was pretty slow for a play off Sunday but I was just getting a to go order anyway so the wait was no big deal. I ordered a 15 piece wing. The hostess said it came with celery and a dip, I prefer carrots with my wings but whatever. I waited the 10 minutes and left. When I got home I was dying to open the box, I had gotten a few finger licks in the car. The wings were HUGE but I was missing one, not a big deal since they are so big, and the celery and dip. Since I didn't really want them anyway it's not that big of a deal but they would have been a perfect pallet cleanser be",2.0,True,265,2335,26,0
user_5419,biz_108,"OMG, why did it take over 2 hours for dinner? The courses were small enough that they were finished in minutes, and then the wait time between each was up to 30 minutes. 2 out of 4 got their coffee after the main was finished, but the other 2 only got theirs after they had finished dessert and sat waiting. This is ridiculous for a restaurant not at full capacity. The waiters changed during the meal and they seemed rushed and confused. The QPR here is seriously lacking, and lets be real, the food was often over-salted and mediocre. Seriously. Canned chickpeas in a salad and 1.5 cherry tomatoes. I was so underwhelmed I would have left if it wasn't a meal with my boyfriend's family. \n\nHere's a little info for business owners everywhere: a poorly kept bathroom is totally gross. No one wants ",1.0,True,146,1453,57,0
user_3245,biz_184,It's an IGA now.,1.0,False,44,411,21,0
bot_9078,biz_154,Incredible item! I love love love it! Best purchase EVER!!!,5.0,False,1,16,0,1
user_5035,biz_064,"Joe's is the perfect place to go on a hot summer day.  When we walked in, we were greeted immediately by a free sample of pineapple ice that was soooo good.  I ended up getting Strawberries and cream and my mom got Tiger's Blood- a mix of strawberry, watermelon and coconut.  They were both great tasting flavors.  The service was awesome and they were willing to let us taste anything we wanted.",2.0,True,14,263,65,0
user_4492,biz_052,Not honest ! Had my brakes checked and they said all was fine. Went to a different place to have my tires rotated and they showed me where a bolt stud had been broken. It could have only have been where they had checked the brakes. What a shame people are dishonest,1.0,False,170,1721,12,0
user_7776,biz_078,"I have to admit I was skeptical of this place. It's in the Palace Station, the food is relatively expensive, and having family from New Orleans makes me a very picky seafood eater! I was so, so wrong. I should have known this many Yelpers can't be wrong!!\n\nI'm kind of obsessed with lobster bisque so I had to go for the Combo Pan Roast. At $19.99 it was quite the gamble, but this was actually a bowl of \""""soup\"""" worth the high price tag! \n\nAt 11 AM, there was no wait and we even questioned whether it was actually open 24 hours since there was literally no one there. We sat down and were served quickly. It was such a treat to watch it being made and it was clear the guy knew his stuff. \n\nI'd compare this to a lobster bisque, but I'll say this is the best \""""bisque\"""" I've ever eaten! ",2.0,True,106,91,53,0
bot_2225,biz_128,Absolutely wonderful blender! The BEST on the market! Buy it today!!,5.0,False,4,13,0,1
bot_1965,biz_171,I am so happy with this product! Perfect condition! Super fast delivery!!!,5.0,False,1,5,0,1
user_8168,biz_156,"All I can say is wow this experience with my toddler was so awful. They were very judgmental and gave us lectures. They did the same thing to her cousin yet she has no dental issues! They wanted us to go to a surgery center and put our daughter down for general anesthesia. It was traumatic for our daughter, my wife had to listen to her scream and the staff would not let her back there to calm her at all! They had to strap her down! They suggested a ridiculous amount of work to be done at a surgery center!\n\nWe did the responsible thing as parents and got a second opinion and we are so glad we did!\n\nWe drove 20 miles to see a different dentist we were referred to by friends and they were so amazing. Toys, TV room, staff was so sweet to our daughter. They said they would come get us if sh",1.0,False,85,2280,19,0
user_5696,biz_143,"We went there just because the restaurant is rated 4 star, however, the chicken was overcooked both in the Tom Yum Soup and curry dish. \n\nThe 10-dollar-overprice-lack-of-ingredient-Tom Yum Chicken Soup was extremely sour, the lime flavor was too overwhelming, curry dish was too watery. food was \""""ehh..\""""  but the service was good!",1.0,False,67,1899,16,0
user_2892,biz_034,"Terrible breakfast. Don't, bother. I had a crappy bagel sandwich.  I should have hit McDonalds.",1.0,True,221,634,58,0
bot_9016,biz_083,Absolutely wonderful blender! The BEST on the market! Buy it today!!,5.0,False,4,15,0,1
user_9380,biz_169,"$50 a person for this?? Plus 18% gratuity for parties over 8. We saw our \""""server\"""" twice. We had to chase people down to get our drinks. The food was mediocre at best, I've had better microwave tv dinners.The only thing I enjoyed was the coffee at the end. \n\nIf you're looking for a disappointing meal, try McDonald's instead; at least you're only paying $6 for a bad meal instead of $50.",1.0,False,44,2180,7,0
user_5946,biz_195,"I took in 6 garments, two pair of slacks, a silk polo and three dress shirts for dry cleaning.\n\nFirstly, way overpriced; each article is $3.50, even dress shirts. Unfortunately, I was in a pinch for time and went with Concord anyway.\n\nSecondly, two of the dress shirts came back with large ink stains on them. The other dress shirt is covered with lint.\n\nThirdly, the silk polo came back with a large snag.\n\nFinally, the slacks are wrinkled.\n\nI am not sure how this company stays in business.",1.0,False,184,1702,13,0
user_3029,biz_178,"Delicious! This restuarant is for the sandwich lovers and the salad lovers. I had the side salad and broccoli cheddar soup. The soup was surprisingly good due to the fact its expertise is sandwiches.\n\n Also, you MUST try the desserts!",2.0,True,132,2327,9,0
user_2710,biz_004,"I WANT TO EAT HERE EVERYDAY.  Please come to Minneapolis?  Otherwise, I guess I'm fine taking frequent vacations to Arizona too.\n\nTrue Foods uses tons of delicious and healthy veggies, meats, and spices.  Where else can one go to get a humongous bowl of fresh veggies (this was a hilarious amount of veggies!), a spaghetti squash entree, or a kale house salad?\n\nMy companions said their bloody mary's were to die for (hello freshly squeezed tomato juice!).  I opted for a local brew, and they also had a variety of fun non-alcoholic drinks with fresh fruit juices.\n\nWe split a variety of different plates, which was a fun way to explore their delicious menu. I cannot wait to come back here, and see what they have in store for the next season!",2.0,True,39,2537,40,0
bot_4279,biz_008,WOW just WOW! This product is PERFECT! Buy it NOW you will NOT regret!,5.0,False,4,4,0,1
user_7444,biz_054,Absolutely terrible service.  The waitress ignored us while checking her nails.  Drinks are watered down and overpriced.  It's a 2 drink minimum and the entire place was empty.,1.0,True,113,1274,19,0
user_6954,biz_082,"By far the best rendition of NY Style pizza in Charlotte.  This was our first visit and we will definitely be back. Although we live closer to the Ballantyne we will go there next week. \n\nWe just had a pizza with bacon and it was perfect.  They use good cheese,  an excellent sauce and perfectly crumbled bacon. \n\nGood atmosphere for kids too n",2.0,False,118,2225,59,0
user_7948,biz_085,"I judge a soul food place by its fried chicken, a donut shop by its old fashioned, an ice cream place by its vanilla, and a Greek place by it's gyros.  The gyros here are bland and wholly unspectacular - and sourced from the same frozen food purveyor (Sysco?) as every other gyro stop in Phoenix.  The cloyingly thick pita didn't help either.\n\nI don't know why it is so challenging to find a legitimate rotating spit gyro in this town - but it is.  Especially near downtown Phoenix.\n\nRecommendations welcome.",1.0,True,100,483,56,0
user_8469,biz_026,"Service is awesome. Food is ok, Mediocre, price doesn't match the taste",1.0,True,293,1124,75,0
bot_9452,biz_151,Incredible headphones! I love love love it! Best purchase EVER!!!,5.0,False,2,24,0,1
user_1926,biz_059,Was very disappointed with this place.  Been going to a ramen place down the street for a while and always leave full and happy.... \n\ncame here after hearing all the hype about pho and wasnt happy.  i totally would pick ramen over pho any day!!!!\n\nthe egg rolls were very good and that was the only good thing about the dinner!,1.0,False,21,1742,5,0
bot_6339,biz_183,Amazing quality! Fast shipping! GREAT item! 100% recommend!!!!,5.0,False,3,15,0,1
user_7724,biz_165,"The last time I visited Pittsburgh for a weekend, we came here 3 times. \n\nThis restaurant is on point. It actually gets better with every new item we try. Fabulously prepared pork products of all kind. Today we had the bahn mi sandwich- pork liver mousse, roasted pork, pickles cilantro and jalape\u00f1o. Outrageous! We also shared a quarter BBQ chicken and collards. The classic pork sandwich with grainy mustard & onion plus this sandwich might be the best two sandwiches you could have, anywhere. A really well made sangria topped off this perfect meal.",2.0,False,37,2735,52,0
bot_6586,biz_106,This blender changed my life! Perfect in every way! Five stars!!!,5.0,False,3,17,0,1
user_5918,biz_031,"Very expensive!!!\nSound and environment was OK.\n$22 for two tickets is just not worth it, I would rather watch a movie at home where it is also more comfortable.\nWe went on a Saturday night and most of the theater was empty, only 2 other people were in the theater/movie we watched, the parking lot was also less than half full while in the past it used to be full and hard to find a parking spot let alone by the door.\nThey need to drop the price by at least 50% before I would go back...",1.0,True,277,2249,29,0
user_3198,biz_170,"Let's start with the good. They were open, it was nice and bright, and people were friendly. \nNow the bad- the food sucked. Poor selection of sushi on the belt. Not great quality. Weird items (banana tempura wrapped in nori and rice).  Ordered an entree because was disappointed in sushi and it was just ok. Orange chicken was marginal. But better than the other items.",1.0,True,197,1686,22,0
bot_8046,biz_173,This vacuum is simply OUTSTANDING! Better than I ever imagined!! 5 stars!,5.0,False,4,10,0,1
user_7445,biz_173,"Dr. Loud and her staff are amazing. I'm wasn't a patient there and they got me in the day-of for an emergency appointment because my tooth cracked and my insurance was up the next day. My wisdom tooth cracked and she was taking a look to talk extraction. Dr. Loud had a very calm energy (a bonus when you're sitting in the horrifying dentist chair) and gave her opinion (get rid of all of them at once, too much chaos to do them one at a time) but was not pushy or cold. She took the time to answer any ridiculous question that I had and made me feel very very comfortable. Anna, their office manager, was so kind and set up the appointment with the oral surgeon who comes in once a month (just happened to be the next day!) Even while waiting for my insurance to get back to them on costs, she sched",2.0,True,287,2977,46,0
user_2153,biz_080,"Tucked away just off the corner of Thunderbird and Scottsdale Rd, I've driven down Scottsdale Rd hundreds of times and have never seen it.  Thanks to Groupon, we found this joint.  There's a Ferarri Testarossa parked under a small canopy as you enter the restaurant....very retro/cool, was expecting to see Tom Selleck in the restaurant...LOL  Actually, it's pretty cool.\nhttp://www.yelp.com/biz_photos/arrivederci-scottsdale?select=XwbYXd3iwsRqfRCqoIk6iQ#XwbYXd3iwsRqfRCqoIk6iQ\n\nThe place was packed when we arrived, good thing we had reservations via Open Table.  We were seated immediately and the hostess gave us our menus.  After browsing the menu for a while, we decided to order:\n\nCaprese Salad, $7.95\nhttp://www.yelp.com/biz_photos/arrivederci-scottsdale?select=y_S90tz4lU_fgT_T95lddg#y",2.0,True,248,1842,50,0
user_4394,biz_073,I really enjoyed the breakfast buffe \nClean and cheap\nFast service \nGreat food and always place and easy parking \nThe steaks are good as well \nGood vaule for money as well as great food,2.0,False,124,1036,13,0
user_3456,biz_114,"I rented a room here last year on my birthday and the hotel is really nice.... The decor was classy and the room was awsome with a 42\"""" flat screen and mini flat screen in front of the tub in the bathroom.... Pool is awsome at this hotel as well, not to mention the fact you got a movie theater and bowling all in the same place.",2.0,True,298,625,17,0
user_6140,biz_168,"This is a review of the new Fuzzy's.  New owners, new carpet, new chef and just a great place to watch sports and hang out.  Try the Texas French Toast on Sat. for breakfast and then just chill the rest of the day.\nMy husband loves the burgers and you can't go wrong because the new chef is awesome!!\nThe wait staff is funny, fast and makes me feel at home even though I don't have a clue about sports.\nRelax, kick back and enjoy your weekend!",2.0,False,30,2344,3,0
bot_9174,biz_070,Best product I have ever purchased in my entire life! Highly recommended!!!,5.0,False,1,11,0,1
user_3148,biz_045,"Since my last review of Oggi, in October, I have dined twice at the request of others.  And, both times the food continues to disappoint.  This past Friday we arrived shortly after 7 and received a table immediately, luckily before a line started.  A line, yes, still amazes me based on the food.  The host was very friendly and our waiter arrived, took our drink order and went over the specials.  We started with the calamari and zucchini which was breadly perfectly and served with a light marinara sauce that was great!  I chose the trout almondine for my entree, which was one of the specials, which we were not told the price, and realized later it was $25..so not worth it.  The trout was covered in a lemon white wine sauce and almonds, which left no room to taste the trout. Very disappointi",1.0,False,82,1998,24,0
bot_5079,biz_060,FANTASTIC mattress! Exceeded ALL expectations! Will buy again and again!,5.0,False,1,15,0,1
bot_9376,biz_032,Love this phone case so much! Perfect perfect perfect! Five stars always!,5.0,False,1,11,0,1
user_8061,biz_099,"SUMMARY: My Dad and I wanted the old-school, real-deal Vegas steakhouse experience. We got it!\n\nTHE SETTING: Red leather seats, crisp tablecloths, some Sinatra drifting by in the background. Waiters in bowties dressed better than the patrons. DO NOT LET THE CHINTZY FACADE OUTSIDE FOOL YOU - this is serious business.\n\nTHE SERVICE: My father has recently had a stroke, and as such has had to seriously limit his salt intake. This was noted when the reservation was taken, and the hostess took great pains to make sure that everything was setup to accommodate his needs. If we needed water or bread or anything, a waiter was right there to provide it.\n\nTHE FOOD: First and foremost, the tableside caesar HAS to be gotten. Anchovy, raw egg, the genuine article. I do not exaggerate when I say tha",2.0,True,290,548,11,0
user_5375,biz_124,200 dollars for 2 appetizers 2 entr\u00e9es and mediocre food and no alcohol  = 1 star ill add 1 star for the courteous staff..,1.0,True,85,820,60,0
bot_6951,biz_103,This is THE product everyone needs! Perfect! Amazing! Incredible! BUY NOW!,5.0,False,2,14,0,1
user_4690,biz_028,"Recently bought discounted tickets for me and my friends from Tix4tonight and we all were extremely excited to see this show. Unfortunately, we all were so disappointed. Our group were pretty diverse with both international friends and Americans, yet the humor of the show was uncanny and dry for all of us. We saw much better show in Bangkok Thailand or Holland. Circle De Soleil definitely need to re-work on this highly wanted show! I rather check out La Reve or K.A if you were looking for a good Circle De Soleil shows for a big group of friends.",1.0,True,74,1685,34,0
bot_2701,biz_072,Best product I have ever purchased in my entire life! Highly recommended!!!,5.0,False,2,7,0,1
user_9095,biz_101,"This review is based on the fleur burger alone the staff and service were great. So back to the burger, I've been wanting to come and try the fleur burger since I've first heard of this wonderful creation a couple of years back. You get wygu beef cooked to a perfect medium rare, some foie gras and top it off with black truffles. Your mouth is watering right? Mine was too, the beef was perfect but at this point of my life I've had great burgers this is where the truffles and foie gras needed to shine. The foie was not rich or decadent it was just there, and the truffle seemed to have lost some flavor, perhaps next time shaved truffles instead of cooked ones to get the full earthy pungent flavors they provide. The burger was just ok for $70 I would have needed to agree with my food (shaking ",1.0,True,41,875,67,0
user_8032,biz_105,"Simple menu, decent prices, good food. Had the gyro and greek fries and the only negative is that the pita started to fall apart. Otherwise, great flavors and filling. I look forward to trying the few other items on the menu and definitely would recommend this place if you're looking for a gyro.",2.0,True,78,642,29,0
user_5574,biz_073,She is very professional and good at what she does not to mention friendly. I would  recommend her to my friends.,2.0,True,32,2986,35,0
user_2066,biz_051,Bertha is the absolute best at what she does. It can be very intimidating for a man to get a waxing when it comes to unwanted back hair chest hair or shoulder and arms hair. Bertha takes her time and explains the whole process and puts you at ease. She also explains how to treat the waxed areas and what to expect.  I have had waxing done in the past with the big name spa's and had such a less than manly or miserable experience.. I never went back. I can honestly say that with her prices and experience. . I will definitely go back on regular basis.,2.0,False,16,2834,41,0
user_5206,biz_060,"This is a good arena to see live music. There aren't really any bad seats because it just is not all that huge.  Also, they have huge screen monitors so you can see close ups of Neil Diamond's face while he sings, \""""America\"""", \""""Sweet Caroline\"""", \""""Cracklin' Rosy\"""" and many other hits. I would hit another show at this arena again anytime.  \n\nHOWEVER!  Service at the bar SUCKS AZZ!!!!  40 minutes to get 2 drinks, 1 beer and 1 glass of wine. WTF?  Have more people working and get these drinks served. I can guarantee you will sell more drinks if people do not have to wait in 45+ minute lines to grab a cock. And this is not hyperbole. I will guarantee it, or you can have your cocks back.",2.0,False,145,1144,43,0
bot_5321,biz_025,GREAT product arrived fast works perfect love it would buy again 5 stars!,5.0,False,2,18,0,1
bot_5171,biz_031,Super super great mattress! Best seller! Number one! Perfect perfect!,5.0,False,1,14,0,1
user_7603,biz_010,"After walking around Mandalay Bay looking for 20 minutes looking for the Border Grill, we finally found it tucked away near the Shark Reef. The only reason I'm giving it 2 stars is because the restaurant itself is very very nice. The chips? Terrible.  It comes in a tiny tin jar so you can't even get a good amount when you dip the over-cooked chips. The water they give you tastes exactly like tap water (maybe even toilet water- not that I would know). The main course I had was cheese enchillada and I have honestly never had an enchillada that looked like a pancake and tasted like throw up- until now. The rice that they provide (OH WAIT they actually charge you $5 for the rice but don't tell you) tastes like it was Uncle Bens that was made in a microwaveable pouch. The alcoholic beverages ar",1.0,True,149,2151,28,0
bot_8654,biz_070,This purchase changed my life! Perfect in every way! Five stars!!!,5.0,False,1,18,0,1
user_6511,biz_176,"I love this hotel. Very hip and I got to upgrade to a bigger room! Two bath sinks and there was a bath tub and shower.  The king bed I had was comfy and the big plasma tv was great!  The room also has a safe to store your valuable belongings. The only complaint I had was that you can hear the elevator doors opening and closing and the walls were thin.  \n\nThe casino didn't have much table games to play, but it was always packed late night with people. \n\nOverall, I would totally stay here again. Good location, center of everything. :)",2.0,True,45,2915,40,0
user_6539,biz_175,"Entertaining place to have drink....BUT you MUST have a sense of humor. Our bartender was actually nice and even forewarned us that other people will be rude to us. No other bartender ever bothered us. The drinks were great and we only had a bucket of wings to snack on. Other guests seemed VERY bothered and confused by the way servers and bartenders were talking to them. We thought about telling the guests who were sitting next to us at the bar about the whole idea of the bar, but it was too darn funny watching them get super upset at the shoddy service they were getting.",2.0,True,159,2376,48,0
bot_7168,biz_040,This watch is simply OUTSTANDING! Better than I ever imagined!! 5 stars!,5.0,False,1,18,0,1
user_7180,biz_103,"Inside Caesar's Palace this little French Patisserie is great for coffee with a pastry, macaroon, or crepe. Although the pastries are very tasty (such as almond croissant) the seating arrangement is problematic. You cannot fit anything other than couple of drinks to the tiny tables. If you got a plate, I meant a plastic to go box, than you better take it to your room. \n\nIn short, food is delicious, but better stick to coffee & croissant if you want sit there. \n\nThere is also a restaurant seating section to order food, but I did not try it.",2.0,True,272,1792,52,0
user_8815,biz_168,"Don't bother going. Walked in very excited to enjoy a cigar & watch the game. No TV's!  They said they didn't want to take away from their sports bar, which you can't smoke in. So I left. Horrible business model.",1.0,False,32,884,45,0
bot_7246,biz_147,Amazing quality! Fast shipping! GREAT watch! 100% recommend!!!!,5.0,False,4,17,0,1
bot_5568,biz_035,Love this headphones so much! Perfect perfect perfect! Five stars always!,5.0,False,2,3,0,1
user_2798,biz_019,Blaah! This place used to be good but quality went down! Ramen was awful.. Service not even great!! Never comin back!!,1.0,True,46,2141,43,0
user_9123,biz_104,"I like the idea of all-you-can-eat hummus so much, that Princess earned almost all its stars for that. The lunch buffet consists of this, about Pita Jungle quality-hummus, which most seem to dig unquestioningly, plus a bunch of meat, a delicious chopped salad and rice and soup. I was a vegan at the time I visited, and had no problem stuffing my face with loads of hummus and rice on naan, with a bit of Sriracha hot sauce and loads of the pre-dressed salad. I think the meat is usually lamb (perhaps chicken, as well). Both times I've gone, my companions have been disappointed in this meat. One said it was too dry, the other that it lacked the proper seasoning (my dad's big on seasonings). I'd believe it, but I'd still go back.",2.0,True,225,2476,29,0
bot_4286,biz_132,Incredible coffee maker! I love love love it! Best purchase EVER!!!,5.0,False,2,19,0,1
user_5694,biz_112,Its awesome..... I always find what I need. Comic book wise. Get your fix at this place you won't regret it...,2.0,True,135,1921,71,0
user_4891,biz_010,"Once again....we popped in for lunch on a Saturday.   We entered...a uniformed woman was standing across from us....she looked at us.   We went to sit at a empty table and a uniformed man \""""yelled\"""" at us...you have to wait.    We left.   \nNeedless to say, this is very bad service...no service ....silly service.    Of course the main attraction is good food but they  insist on an unlimited Mimosa, Bloody Mary policy, which means, most of the people having lunch are drunk or near drunk. \n\nThis is a very sad place.",1.0,True,147,2455,77,0
user_2871,biz_179,"I did not understand this place. The food was ok and really chic. However the prices are Crazy with a capital \""""C\"""".  It's not a place to bring the kids, and its a very bad idea to even think about it. A family was sitting next to me, and the kids were driving me crazy. If you get a family next to you RUN. \n\nThe decor is less then impressive and lack imagination. \nThe service is dreadful. The waiters expect a 25% tip, and have attitude that they can not control, it was weird and I did not expect that. Could of been that night, or just that waiter, but its not a place I would return to soon.",1.0,True,160,2316,7,0
user_5887,biz_149,"My boyfriend and I decided to get pampered together and found Teres on Yelp. The interior of the bar is beautiful, very contemporary. They have definitely created a nice, relaxing atmosphere. Overall it was a good experience. \n\nI really enjoy the way they do their services. When you come in, you get a \""""bar tab\"""" where you check off what services you want. They've broken up all the different options (i.e. gel polish, nail art, hand massage, etc) so it makes everything more affordable, customizable, and you know exactly what you're getting. I got a manicure with gel polish and glitter and a normal pedicure. My boyfriend got the regular mani and a pedi with callus remover. \n\nOne thing I found strange was when I got my manicure, the nail artist I had cut and shaped my cuticles dry. Ever",2.0,True,87,2332,5,0
user_7297,biz_179,Hotel and Casino Are Dumpy! Old tvs from the 90's and the toilet was wore out uncleenable i think. Service sucked. Ended up getting rm service to get wings!,1.0,True,83,758,33,0
user_6085,biz_051,"Another location of this restaurant chain has gotten some good press in the newspaper recently, so when this location opened, I was eager to try it.  Overall I was dissapointed and won't be going back.  Their real coffee is weakish and slightly acidic.  Their decaf coffee was better but also weak.  Eggs are pale and bland.  Hash Browns have nice appearance but are also bland.  On the bright side, Biscuits and Gravy are good, with buiscuits being fluffy (a rarity).  Service is excellent and the atomosphere of the place is nice and bright.",1.0,True,168,2448,36,0
user_1366,biz_179,"Usually I'm the one to allow people to try things for themselves. I understand people have different expectations when it comes to food establishments and I would not want to hurt the business in anyway, but I feel like I have to express my experience there.\n\nI've been trying to eat healthier lately but I'm not too big on vegetables, so I figured a wrap from this place would be a good start. First of all, try to avoid going to this place during the actual lunch rush hour. Its door is inconveniently located on the corner of two moderately foot-heavy streets. The line is out the door and since there is one person taking the order of people that take 5 minutes deciding on what they want... you're quickly sandwiched and frustrated.  That, however, isn't what made me give this establishment a",1.0,False,272,2734,79,0
user_3942,biz_018,"As far as the massage therapists and the chiropractors go, I don't have anything negative to say. The massage I received from Sharonna was fantastic and really helped work out some sore spots. The alignment was also great and I felt refreshed afterwards. \n\nHOWEVER. Their billing policies are bizarre and to this day I do not understand it. I was informed that with my insurance a massage would be $40 and if I chose to get realigned at the time of my massage appointment, they could do it for $65. Not a bad deal so I went back about three times. Then I got a bill in the mail for $130. Where did this come from....?  I can't stand \""""hidden fees\"""" and the likes so I won't be returning.",1.0,False,75,654,23,0
user_7629,biz_112,"J'ai d\u00e9couvert ce restaurant lors d'un souper d'un groupe. Le service que nous avons re\u00e7u manquait grandement de professionnalisme.\n\nNous \u00e9tions un groupe de 6 personnes et nous avons du attendre plus de 45 minutes entre nos deux services. La nourriture \u00e9tait ''correct'' mais sans plus. Il y a une diff\u00e9rence de 15$ entre l'entr\u00e9e de tartare et le repas de tartare, qui est similaire en terme de portion, \u00e0 la diff\u00e9rence du repas qui vient avec des frites. On se serait attendu \u00e0 un peu plus pour cette diff\u00e9rence de prix.\n\nNous avons fait part au propri\u00e9taire de nos remarques. Il nous a mentionn\u00e9 de fa\u00e7on s\u00e8che qu'il n'avait pas besoin de clients comme nous et nous a invit\u00e9 \u00e0 partir sans payer apr\u00e8s notre ",1.0,True,267,2559,40,0
user_3596,biz_134,"I've been to a few tanning salons in town, and while they are all pricey, Body Heat's contract cancellation fee is absolutely ridiculous. A contract is good for 10 months where you're paying 60 a month, and to cancel, its a whopping $200! Really?! As if it's an important association. It's a TANNING salon! Aside from that, its limited to Nevada so its practically impossible to move without practically selling them your lung. In addition, they don't offer other benefits within their contract. I visited another tanning salon where my friend is a member, and to avoid possible thoughts that I'm an employee there, I'm going to keep the name anonymous. Anyway, it's the same price and they treat their \""""VIP\"""" members with monthly facial red light treatments, hydration stations and water massage ",1.0,False,79,1790,39,0
bot_6637,biz_130,Love this watch so much! Perfect perfect perfect! Five stars always!,5.0,False,4,22,0,1
user_3230,biz_149,"Yummy! Check out the 4B burger, onion rings, and a milk shake if your waistline is up to it! The BBQ chicken pizza or Carolina Dog is nice change of pace if you've sampled the rest of their menu. Note the homemade pickles! They have panko-breaded chicken tenders, too at a really good price.  If you're tempted by the ribs, I'd recommend getting them at Joe's Real BBQ instead. Good stuff.",2.0,True,32,2971,26,0
user_5867,biz_196,"Everytime I go to Vegas, I must make a stop at OYSHI. The best ALL YOU CAN EAT sushi joint in the universe. San Jose, you have nothing on this Las Vegas joint. \n\nThe service was awesome. The waiter was very attentive and had a very positive attitude. \n\nI really don't remember what I got exactly: it's always just a blur of food.. What I can tell you is that the food isn't pre-made like a buffet They make it as you order it. So the food always comes out fresh and delicious.\n\nI shall TRY to remember what I ate:\nMUSSELS: Creamy mayo sauce on top. Goes down so good!\nOYSTERS: Small but delicious. The green onions and chili sauce make it awesome.\nLOVE AFFAIR: If you love crunchy, you'll love this. Shrimp tempura, lobster and CRUNCH FLAKES. \nSPICY TUNA CRUNCH: Kinda like a jalapeno peppe",2.0,True,92,1195,18,0
bot_9863,biz_176,Amazing quality! Fast shipping! GREAT item! 100% recommend!!!!,5.0,False,1,11,0,1
user_8872,biz_034,"Oh Vegas, why with so many restaurants, in a city that runs all night, do your late night options always disappoint me?  Why?\n\nEven with a full menu, there's not much here I wanted to eat.  My ham sandwich was decent, but that's about it.  The fries were too greasy, the burgers too dry, and the water barely refilled.  Just disappointing all around.\n\nSeriously, the actual Planet Hollywood (up the strip, not in the PH hotel/casino, strangely) would have been better.  Hell, I'm pretty sure Denny's would have been better.  \n\nThe only reason you get two stars is because the place was indeed clean, and the insane amount of TV's distracted me from just how horrible everything else was.\n\nYou're fired.\n\n~EEE~",1.0,True,275,1207,77,0
user_5184,biz_194,"In the spirit of helping weed through the overwhelming number of nail salons in Vegas -you can cross this one off the list. Decided to pop in here for a gel mani. Salon decor less than pleasing to the eye, mainly because it felt/looked dirty. Dark, many lights were off, just not a pleasing ambiance. Salon tools used on my manicure were taken out of a box in a drawer, NOT out of a sanitized enclosed pkg as I am used to from the salons I frequent. The technician did a satisfactory job, though rushed thru the trimming, filing part (as only 2 techs working and had a pedi customer waiting), so consequently my nails are all uneven lengths-ugh!! If I wanted that I'd do 'em myself. Will try somewhere else next visit.",1.0,True,126,2001,14,0
user_3722,biz_072,"I would recommend Snyder and Wenner to anyone searching for a medical malpractice or personal injury attorney. All of the lawyers who are a part of this law firm are hard working and dedicated to their clients' cases. They are approachable and personable, easing any nerves that one might have when seeking this type of lawyer.",2.0,True,284,2220,59,0
bot_4648,biz_089,Absolutely wonderful headphones! The BEST on the market! Buy it today!!,5.0,False,4,6,0,1
user_8134,biz_089,"This area is teaming with unique options and real honest to goodness bargains. Stop by Magic Mushroom and get a burger, fries and a can of soda for $5 even. The owners start early in the morning to grind the meat fresh ever day that goes into the burgers, now that's some serious attention to detail. If available, and you're really hungry, try the Fat Ass ($7.50). This burger is just as much fun ordering, as it is eating. A couple of beef patties with all the fixings, plus bacon on a deliciously soft bun, sides of fries, onion rings and 2 sodas, whew! Go Fat Ass! \n\nInside Two Hippies there's enough tie-dyed, flower child kitsch packed into this place to transport you to the summer of love in one step through the door. Look out Brady's, there's a new bunch in town!",2.0,False,59,2908,23,0
user_3589,biz_170,Let me start off by saying that my experience here was so bad that I took the time to make an account and write this review. I use yelp all the time but never needed to actually make an account. The nail service and customer service was far by the WORST i have ever experienced.  I got my nails done 2 days ago and all my nails were chipped and cracked on both hands. I also got my eyebrows done which was extremely painful. I went back today to get them fixed and not once did they apologize for the inconvenience but rather blamed me for not getting the service that was 30 dollars more than i paid. The entire hour she was fixing my nails she was talking in Vietnamese  to the other workers creating a very uncomfortable situation with all the workers looking back at me. \n\nNever would go back a,1.0,False,204,2414,77,0
user_2965,biz_113,"Finally, Pittsburgh has a quality barbershop!!! Mister Grooming & Goods offers more than just your standard high and tight hair cut. Micheal gives a high quality, stylish hair cut as well as offering suggestions and tips on how to style your hair, what products to use, etc. On my last visit I got the best haircut I've gotten in the 5 years I've lived in Pittsburgh. \n\nThe overall atmosphere is really fun. Micheal and Alli are happy to chat with you,  the walls are covered in unique artwork, there are a few televisions with the game on, and they even offer you a beer while you wait. What more could you want?\n\nHair cuts are $15, calling ahead for an appointment is recommended, they actually said you can text them to check on open times, and the hours are very reasonable. \n\nAfter bouncin",2.0,True,263,2670,14,0
user_6264,biz_156,Obnoxious,1.0,True,259,1460,75,0
user_8315,biz_153,Good food and cheap for Vegas.  Great place for picking up a sandwich.,2.0,False,128,1548,55,0
user_2449,biz_025,Stuffed French Toast.... Brunch time,2.0,False,205,557,47,0
user_6874,biz_146,"I decided to go to the Waffle House while my car was being serviced across the street. I was by myself and was promptly told I \""""had\"""" to sit at the counter because I was alone. I promptly left because sitting elbow to elbow while trying to eat didn't sound appealing. End up with a power bar and lemonaid from the gas station next door. Not a good job on your part guys!!",1.0,True,285,1735,35,0
user_9060,biz_153,"It was boring! Sorry guys, you're pretty but this is the most boring show I've been to in Las Vegas. There were some cute and funny parts, but overall it was a bore and a lot of it was terrible dancing in clothing!\n\nBe prepared to be treated very poorly by the staff, they are absolutely horrible, all of them. \n\nIf you're part of a bachelorette party and wasted then this might be the show for you. Don't sit in the back, you'll be completely ignored. Make sure they know you're a bachelorette though or you will also be ignored.\n\nPre-game since crappy and small drinks are $10 a pop. \n\nHonestly, Zumanity is much more erotic and is immensely entertaining. I would recommend that over this \""""show\"""" any day. I'm sorry I didn't go see that again instead.\n\nOverall I was one very disappoin",1.0,True,65,2857,61,0
bot_4479,biz_152,This coffee maker changed my life! Perfect in every way! Five stars!!!,5.0,False,4,17,0,1
bot_3383,biz_133,Super super great purchase! Best seller! Number one! Perfect perfect!,5.0,False,4,18,0,1
bot_6189,biz_024,Absolutely wonderful purchase! The BEST on the market! Buy it today!!,5.0,False,2,4,0,1
bot_5946,biz_125,Super super great item! Best seller! Number one! Perfect perfect!,5.0,False,4,8,0,1
user_4534,biz_131,"Ok...First off I have to say I don't usually judge a place off the reviews and like to give it a shot. Well this was a bad idea... especially on an anniversary dinner celebration. Please be advised that the bad reviews are indeed true. We have eaten the food through their catering and it is delicious, so this makes me think all the energy is expelled here alone? Like the other reviews had said this is a creepy outdated awkward place that doesn't have any background music playing at all. So yes the tables are very close together with no music so imagine how uncomfortable that will be. We immediately ordered martinis to try and ease the mood. My dirty martini was garnished with tiny olives on a sandwich pick for an upscale price. The server also spilled most of my wife's martini during her t",1.0,True,100,1625,30,0
bot_7749,biz_032,Best product I have ever purchased in my entire life! Highly recommended!!!,5.0,False,2,23,0,1
user_4083,biz_171,"We've had slow service and not so great service before, but nothing as bad as today.  We were in the bar area for 9 minutes and nobody acknowledged us (there were 2 tables and about 6 guys drinking @ the bar) so we walked into the dining area thinking that would be better.  We waited another 8 minutes...2 waiters CLEARLY saw us and didn't say a word and had 2 small tables.  Finally we got up to leave and my husband asked one of them why the service was so bad.  His excuse was, \""""we don't have a hostess today\"""".  What does that matter?   Then he asked to speak to a manager...guess what?   They have no manager either.  The guy never apologized or took any responsibility.  He only said, \""""well I can wait on you now.\"""". We will never ever ever waste our money here again.  Not when there ar",1.0,True,152,1104,52,0
user_6742,biz_196,"DO NOT TAKE YOUR CAT HERE!!!  I had my cat shaved in a lion cut a few times here.  She is a very gentle cat and never has any problems here or anywhere else.  However, the last time they called me and said she was ready.  No mention of anything was wrong.  When I arrive they told me they don't know what happened but all of a sudden she couldn't stand and I should take her to the vet!  First, you should have told me on the phone so I didn't take my time getting there.  After taking her to the vet they told me the groomer had obviously yanked on her back leg and injured it.  The vet put her on medicine for the pain.  It was so sad to see her like this.  I had to physically hold her up while she went to the bathroom!  After a few weeks she has recovered, but I will never forgive myself or the",1.0,True,273,1309,74,0
bot_1948,biz_174,This coffee maker changed my life! Perfect in every way! Five stars!!!,5.0,False,4,4,0,1
user_2851,biz_122,"Went for lunch this past Saturday at around 11:45. Perhaps 60% of the non-bar seating was filled, but people started to filter in to watch the basketball game on one of the big flat screens hung over the bar. The space is awesome, decked out in a warming red-orange color. There is a long bar along one wall, which leads to an open kitchen. There are several booths opposite the bar and then tables near the front of the place. The smell is intoxicating... nothing like fresh smoked meats! I took the boy (he's from Kentucky, I'm from South Carolina) and we each got a pulled pork sandwich. I had the sweet potato fries which did not disappoint. He had the potato salad which was crunchy and fairly standard (go with the sweet potato fries for the 50 cent surcharge). I tried both the sweet southern ",2.0,True,279,2476,11,0
bot_4984,biz_029,Love this item so much! Perfect perfect perfect! Five stars always!,5.0,False,3,14,0,1
user_2694,biz_163,"good atmosphere/value for drinks (most of the other places downtown are stingy with the alcohol). love the jukebox selection and old movies played on the bar tvs. one drawback is limited seating, but it's a small bar.",2.0,False,19,2136,49,0
user_3290,biz_133,"Perhaps I was unlucky, but what happened to me should not happen when your bill for two people is over 100 dollars.\n\nThe menu is small and quite fatty. I saw a fish item that was supposed to be served with \""""eggplant sauce on top of tumeric pita and with israeli salad\"""". After a long wait, the waiter informed us that they burned the pita and had to remake it, and assured me \""""it will be worth the wait\"""". When it finally arrived, the pita was again dry and simply awful, the eggplant sauce was nothing but bagabanoush, and israeli salad was tabuleh. Except for the fish fillet, which was simple but nice, you can get the rest much much tastier at any middle-eastern street vendor! For much less than $30!!! The waiter was nice and tried to make up by offering free desert and a drink for me ",1.0,False,121,2107,20,0
user_7275,biz_041,The wait time for an appointment is ridiculous. Been waiting over an hour and a half for my scheduled appointment time. These people do not value patients time,1.0,True,37,2223,60,0
user_5303,biz_118,Great food. A little pricey but very tasty. I kinda wish I didn't have to order a huge side dish to share because it was a little too much but overall a very nice experience.,2.0,True,167,96,7,0
user_7219,biz_108,"The Adventures of Susan the Zombie on a Monday-After-Holiday morning.\n\nSusan get up.\nSusan get showered.\nSusan get dressed.\nSusan grab purse, briefcase, and coat.\nSusan get out of house.\nSusan get on bus.\nSusan get off bus.\nSusan go to Cool Beans.\nSusan buy black coffee.\nSusan go to office building.\nSusan get on elevator.\nSusan go into her office.\nSusan ingest heavenly coffee from Cool Beans.\nSusan human female again!",2.0,True,253,1740,4,0
bot_6907,biz_088,This product changed my life! Perfect in every way! Five stars!!!,5.0,False,2,12,0,1
user_5557,biz_116,"We went for brunch and our party of 4 all enjoyed our meals, so much so we're considering going again tomorrow. The enormous side of pancakes with the omelets  were great....some said they were amongst the best EVER.  Service was quick and friendly.",2.0,True,74,1479,21,0
bot_1052,biz_058,Incredible mattress! I love love love it! Best purchase EVER!!!,5.0,False,1,3,0,1
bot_8045,biz_149,Incredible item! I love love love it! Best purchase EVER!!!,5.0,False,3,11,0,1
bot_6720,biz_192,This mattress changed my life! Perfect in every way! Five stars!!!,5.0,False,1,6,0,1
user_6813,biz_031,I normally do not ready review right after going to a restaurant but I definitely have to go ahead and do so here. I purchased a Groupon which gave me $16 worth of food for only $8(Which today 7/11/13 is still available!) . Today I forgot my lunch so I decided to go on my lunch break;  I ventured down Maryland Parkway to this restaurant. I normally go to Cafe Rio so this was a nice change.\n\nUpon entering it is a somewhat island themed restaurant with really nice colors. I really like how they use the past out along with the dark brown wood for their seating. I looked at the menu and they had a plethora of different food selections that you could choose. Although I looked at all of the photos on Yelp and they all look delicious I decided on the volcano chicken sandwich with regular French,2.0,True,264,2189,78,0
user_6667,biz_132,"What a great addition to the Grassmarket!\n\nSo, me and my fianc\u00e9 decided to pretend we were in Italy and go for ice-cream after dinner. Unfortunately our normal haunt wasn't open so we decided to try out this wee gem.The name implied to us it was going to be British style ice-cream, not really our cup of tea, but we were more than pleasantly surprised.\n\nWe were greeted by this lovely lady (who I guess might be Mary). She suggested we try a wee bit first if we were having trouble deciding. I think there were maybe 9 flavours on the go so we decided to try 2 each. I had a wee taste of the raspberry before committing to it as it was a very bright shade of pink, not the natural colour of raspberry I'm used to seeing in gelaterias in Italy so I was worried it might be a bit plasticky. H",2.0,True,238,1482,50,0
bot_5287,biz_182,Best product I have ever purchased in my entire life! Highly recommended!!!,5.0,False,2,19,0,1
user_7867,biz_196,"Who doesn't enjoy a good laugh? I sure do!!!!!!\nI love the jokes and craziness in this show because I can't help myself and Crack up! The host is so funny and there is so much eye candy for guys and gals.\nOne of my favorite bits is the couples game as a random couple goes on stage and has to answer some racy questions, the cast has so much fun with these guys and they even win a prize! So funny and clever! Let's not forget the crazy contortionist! My entire body was hurting just watching him, WOW!!!! I love this show!",2.0,False,81,1657,33,0
bot_3025,biz_198,Best product I have ever purchased in my entire life! Highly recommended!!!,5.0,False,3,17,0,1
user_2587,biz_047,"My family and I have strong ties to Pittsburgh despite living in the Akron, Ohio area. Several times a year, however, we always make a point of visiting Pittsburgh, especially right before Christmas. Nothing spells Christmas quite like the Strip, and in particular, PennMac. The thought of the cheese/olive room is enough to bring a tear to my eye. I stocked up on jarred sauces, which are reasonably priced, generously portioned, and most importantly--fresh and delicious. We stacked loaves of bread in the car as well. Seeing all the salted fish (for the upcoming feast of 7 fishes) was beautiful. The most memorable part of the visit, however, was in a small, rather grimy room that boasted huge canisters of home-made wine and small glasses. Initially under the impression that I was intruding up",2.0,True,145,2174,19,0
bot_9952,biz_050,FANTASTIC headphones! Exceeded ALL expectations! Will buy again and again!,5.0,False,4,9,0,1
user_9184,biz_011,"We were a large gang of 15 that ate there recently.The servers did a great job of managing such a large group,well done.My wife who has allergies to dairy and eggs was very well taken care of in regards to her questions about the menu.The food was very good and the servings were more than adequate.I found it quite loud in the restaurant  due to the fact that the piano player was playing in the background.As the night moved on the music was not quite as loud and the piano player was pretty good and played all request s from one of our tables.There is quite the history to this place and a good place to spot celebrity's,if your lucky.",2.0,False,209,1510,77,0
bot_3682,biz_024,GREAT product arrived fast works perfect love it would buy again 5 stars!,5.0,False,1,21,0,1
user_6510,biz_036,"Watched a couple of Suns games back in the day and was impressed with the Arena.  It's located in downtown Phoenix with easy access to parking.  The inside is pretty big with a great atmosphere.  \nOutside the Arena, there are quite a few bars and restaurants.",2.0,True,106,521,67,0
bot_5743,biz_174,Absolutely wonderful mattress! The BEST on the market! Buy it today!!,5.0,False,4,22,0,1
bot_3408,biz_124,BEST blender EVER!!! Absolutely AMAZING!!! Must buy immediately!!!,5.0,False,4,6,0,1
bot_9179,biz_174,WOW just WOW! This product is PERFECT! Buy it NOW you will NOT regret!,5.0,False,4,13,0,1
user_9996,biz_065,"Here is the thing, the food was mediocre at best. The meat in the cheese steak was to thick and over done along with the mushrooms and onions. I kind of felt like I was eating dog food or a really bad Italian beef. The only good part were the fries and they were just OK. If you want a good cheese steak I suggest you go to Casella's in Scottsdale. I wish I had.",1.0,True,75,1449,35,0
user_1293,biz_190,"A nice hot drink after a quiet, snowy walk in schenley park= a lovely afternoon.  I look forward to coming here more in spring and summer after morning runs.  Friendly staff, super cozy atmosphere- love the high ceilings and little fireplace.",2.0,True,29,2252,6,0
bot_9880,biz_130,Absolutely wonderful vacuum! The BEST on the market! Buy it today!!,5.0,False,4,3,0,1
user_8003,biz_136,"I feel I should review this \""""pet store\"""" as only one other person has. I went to pratts looking for a variety of things as I have a variety of animals. I just moved to the area and wanted to give a family owned business a shot before the inevitable Petsmart/Petco. First if all, the staff was all too busy trying to not help me that I actually had to track employees down 3 times to ask questions. They ran away so fast when I was done with one question I couldn't even get out all my questions.  I was looking for aquarium rock and they had nothing. No baby chicks to speak of, and only one sad lonely goat. I couldn't believe how terrible the service was and the selection was just as bad. I will be driving into wickenburg for my feed store needs.",1.0,True,241,1557,1,0
bot_4000,biz_183,Absolutely wonderful item! The BEST on the market! Buy it today!!,5.0,False,1,2,0,1
bot_8621,biz_172,GREAT product arrived fast works perfect love it would buy again 5 stars!,5.0,False,1,1,0,1
user_2733,biz_189,"I stayed at this hotel in Jan 2013 and it was the most horrible experience I ever had in Vegas. Our first night there we had our room broken into and all of our things were stolen. We called the hotel security and all he did was take our report. He stated that he can not do anything but take  a report. The next morning we went to talk to the manager and he said that he could not do anything but feel sorry for our lost. He said it was not his department and we had to contact the loss prevention, which they only work Mon-Fri. We still do not know who broken into our room and hotel is not doing anything at all. We had a couple of grand worth of stolen things and the hotel can not do anything about it. I would never stay here again. I guess you get what you pay for. Please be careful with your",1.0,True,54,1239,49,0
user_1728,biz_144,"why so many bad reviews? maybe it's not the wynn buffet but shieeeet it's like half the price! i've nearly been to them all and to me, they're all basically the same. maybe the food isn't as glamorous as the wicked spoon, but it's definitely a thousand times better than the buffet at the orleans for example. but they have ACTUAL crab legs that you have to break yourself to get that glorious piece of meat out. dip that shit in butter and get ready to break out with acne all over the place the next day. i also find serious humor in watching others try so hard to break the shells only to get crab fragments because they don't know how to properly crack. \n\nmake sure to sign up for a player's card before going!",2.0,True,183,1909,74,0
user_9629,biz_088,Got the windows tinted on my Versa. They did a fantastic job. Very pleased with the results. I would recommend highly as a place to get your auto windows tinted. The proprietors Kip and Shannon were very personable and professional.,2.0,True,117,2529,42,0
user_2728,biz_121,"Just terrible, even for a 24 hour cafe.  \n\nI came here because, well, just LOOK at these other reviews.  This place looks great, right?  Fellow yelpers, how could you fail me so miserably?!\n\nI made a special trip.  Not there to gamble, just to have breakfast.  I've had better food at nursing homes.\n\nThe eggs Benedict was unrecognizable as such.  Is that megaplex nacho cheese?   I didn't even want to try it because it looked so hideous.  Like congealed latex.\n\nAnd the eggs were not even remotely poached.  More like hard boiled into some thing beyond a solid.  As in, like maybe something one would find on the surface Jupiter.  \n\nAnd the grits?  Well, I guess I should know better than to order grits in Las Vegas, but   these were somehow both watery and grainy at the same time.  \n\",1.0,True,11,2916,42,0
user_3113,biz_188,"I go out of my way to stop by Rainbow Donuts every time I'm on the west side of town. The doughnuts are excellent and the owners are very, very nice people.\n\nHighly recommended!",2.0,True,40,169,65,0
user_4622,biz_003,"If you want the top steakhouse experience don't bother.  The steak had a great tasting seasoning on it but when I am paying for good steak I want to taste the steak, not something from the spice cabinet. \n\nMy wife and I both had the 18 oz Ribeye, mine medium rare and her's medium.   The steaks were cooked identical to a little more on the rare side than medium.   Since we had a show to make my wife just ate around the edges of hers.\n\nWhen the steaks come out they are brought to the tables on a room temp cooper pan and they bring you a room temperature plate.  So by the time you are done eating the steaks are cold.  At top quality steak houses I am used to sizzling steaks on warmed plates.\n\nThe steak knifes they brought out were about as dull as a butter knife, they could barley cut t",1.0,False,248,518,1,0
user_2603,biz_023,Great service. The fish was amazing and great selection,2.0,True,231,1628,79,0
user_4962,biz_105,"Incredible gourmet pizza, tons of rich flavor but ultimately light food. Lovely, interesting atmosphere and attentive, helpful staff. Try it before word gets out and it becomes tough to get in.",2.0,True,24,2641,65,0
user_6380,biz_036,"It's funny----I had heard that Gus had good pie.  All I can say is it must taste really good when you're under the table.  When you are sober, it's pretty medicre pizza, folks, even if they do deliver at 3am.....",1.0,False,246,1555,40,0
user_3829,biz_174,"My wife our friend Kathy R. and myself stopped here for lunch. As soon as we stepped in, we were greeted by Lacey who was extremely friendly.  Lacey gave us ample time to Perouse  the menu until we all deicide what we wanted. \n\nFor starters I ordered the Calamari for my wife & I . It was alright, thinly coated but not really fired the way I normally like. It was decent but not special. I've had way better here in Arizona..\n\nOur waitress brought us the beverages we ordered then took our meal order. Dinner gets off to a good start here with a nice basket of garlic bread sticks,Our entrees came shortly thereafter. Our friend started with the soup which she said was absolutely delicious.  For her entr\u00e9e Kathy got the Ziti with a side salad. She raved about the garlic dressing. And kep",2.0,True,233,2771,73,0
user_1776,biz_175,"You can tell the tea isn't fresh. It tastes like it's been sitting there all day. Compared to their other branches, this one doesn't compare. The service is not up to par because the waiters/waitresses tend to talk amongst themselves sometimes and end up ignoring the customers. I only go there because they use the Ten Ren branded tea. Even though they offer free Wi-Fi, it never works. They always tells us it's down. The price is more expensive too.",1.0,False,214,1130,34,0
user_7407,biz_100,"Go for Sunday lunch when the carts are being pushed around like race cars.  Bring the kids and turn them on to different food.  Try the leek dumplings and the salt and pepper calamari.  Tasty little suckers.  Not quite like being in Chinatown in NYC but for Charlotte, it's as close as you can get.  They celebrate Chinese New Year the first Sunday in February and two years ago, there was this evil white dude sitting on top of the restaurant throwing firecrackers down on the performers.  What the ?!?  But I guess he knew the owners because they saw him and let him keep doing it.  By the way, you can get in and out of this place in about 5 minutes.  Everything is super fast.  It gets really busy at around 12 noon on Sunday, so go a bit early or on the late side.  And the kiddies get free loll",2.0,True,268,588,70,0
user_3887,biz_143,"The service at the Signature seems to vary from day to evening. We arrived around 5pm and the check in girl at tower two was rude & the check out lady in the a.m. was really nice. The valets were nicer in the day as well. We had been at the Signature for three days & both the security guard at the gate & valet rudely asked us where our pass was even after I showed them my room card with room number pamphlet, why would I have a room key if I wasn't staying there? Apparantly, they forget to give me a weekend parking pass when I checked in, probably was the rude check in girl that didn't give one to me.\n\nAnd Tower three is so far from the strip. The best way to go if you are going to walk to the strip is to walk from Tower three out on to the street and walk across to Planet Hollywood Westg",1.0,True,163,2287,69,0
user_4951,biz_030,"This is a chips, salsa and margarita review only. Salsa is 4 stars. Chips get 2 stars. Margaritas took an eternity to make and seemed to be limeaid, orange juice and a whisper of tequila. But the service... Ugh. 30 minutes to get our margaritas with maybe five other tables present (one who left because the waitress never came).   Next door at L&B, the margaritas took less than 5 minutes (though their salsa is inferior).",1.0,True,20,894,70,0
bot_1988,biz_045,This coffee maker is simply OUTSTANDING! Better than I ever imagined!! 5 stars!,5.0,False,3,3,0,1
user_2324,biz_116,"Fast, friendly efficient. And they offer to pick you up or give you a ride.\n\nKeep in mind: since this is Las Vegas and we have a lot of tourists coming through, you have to pay a refundable $350 deposit for your rental. When you return it they will just deduct your charge from your deductible and give you the rest of your money back.\n\nThis location serves Nellis Air Force Base so they have a lot of cool photographs and thank you cards from airmen displayed on the wall.",2.0,False,45,2295,21,0
user_7547,biz_037,"Five stars for the mega orange alone. I'm a sucker for novelty restaurants, especially when they come in weird shapes and sizes. I spotted the enormous orange when I flew into MTL and I made it my mission to see it up close.\n\nWe came at lunch time on a Saturday. No line. We got hot dogs and orange juleps. Both very tasty. After the meal we asked a waitress to take our picture. She took a bunch, including some at weird angles. Overall, a huge success.",2.0,False,214,1346,50,0
user_8583,biz_112,"This Von's is great because it's exactly the same layout as the Safeway where I live (SF Bay Area). I always find it funny that everything about Von's is the same as Safeway except all the names are different (not \""""Safeway Select\""""). This Von's had a great pharmacist help us find the right cold medicine and she made sure went home with the right kind of medicine. This Von's was very clean and organized. And as always I can use my Safeway/Vons card!",2.0,True,229,523,16,0
bot_3423,biz_166,GREAT product arrived fast works perfect love it would buy again 5 stars!,5.0,False,1,7,0,1
bot_3142,biz_144,Incredible blender! I love love love it! Best purchase EVER!!!,5.0,False,1,16,0,1
user_3630,biz_128,"The highlight of the evening was that it was easy to get a table  The shrimp chowder was very good.   Beyond that the steaks were very poor for that price point.  Think Old Towne Buffet steaks.   Poor quality meat and flavorless.   Baked potatoes were unremarkable and mashed potatoes were cold.   \n\nOur server was a very nice young man when we could find him.   Which is unexplainable because there were only a few tables occupied and another server was present.   \n\nThe music was loud and mournful, like we were at a funeral.   \n\nAt that price point, well any price point , you should get a decent meal.  In Fountain Hills, won't be long before they have to close unless something dramatically changes.",1.0,False,15,723,36,0
bot_2700,biz_061,Incredible vacuum! I love love love it! Best purchase EVER!!!,5.0,False,2,1,0,1
bot_1492,biz_057,This purchase changed my life! Perfect in every way! Five stars!!!,5.0,False,4,12,0,1
bot_8554,biz_173,FANTASTIC blender! Exceeded ALL expectations! Will buy again and again!,5.0,False,3,9,0,1
bot_2019,biz_159,This item is simply OUTSTANDING! Better than I ever imagined!! 5 stars!,5.0,False,2,20,0,1
user_6739,biz_044,"The food is ehh. Only good when drunk really. My main issue is that the night crew, especially Friday and Saturday night, are the greediest people ever. Their card reader almost always conveniently goes down. Given the fact that I live right next to it, I often attempt to stop after a night of drinking with hopes that things will be different. No luck. They take an hour to make a burrito, and that's if I have cash on me. They pocket the money, it's a common practice, but I've never seen it done so often. Ask for a receipt, I guarantee they can't provide one.",1.0,False,111,2299,55,0
user_8142,biz_070,"My family and I have been here a few times. I have never had a good experience, but for some reason we continue to spend our dinners at Lakeside. I guess you call it Applebee's syndrome; you know it is nasty but you keep coming back. \n\nAfter last night, however, I will never be back. We went for \""""Wacky Wednesday\"""" which promoted $5 specials. The prices are $6. The portions are so pathetic that I am sure this little promo works out in the restaurant's favor. Less food for more money!\n\nWe also ordered the chips and salsa which provided us with a mentally stimulating family discussion: do you taste mold or disinfectant? We never came to a conclusion because we had our waitress take it away as quickly as possible. They were unable to bring us more because the entire batch tasted like th",1.0,True,27,2971,55,0
user_5863,biz_177,"How do you call yourself a sports grill and you can't go there and enjoy sports?  The ncaa tourney isn't big enough an event to have the sound on.  So you have to listen to dishes clank and really low crappy jukebox music?  Come on!  Then you have a ad in new times for great specials for St. Pattys day open at 11am and the specials start at 9pm.  The ad in the new times didn't say that.  Then when you show the ad to the bartender she says oh the paper made a mistake.  We don't have food specials, and the beer specials start at 9pm.  Come on!  Sorry for bothering you with my business, I will be sure to never bother you again.",1.0,False,49,1030,52,0
bot_5228,biz_008,Incredible coffee maker! I love love love it! Best purchase EVER!!!,5.0,False,1,1,0,1
user_4923,biz_041,"We came to Montreal for the weekend, staying in St Henri neighborhood. We wandered down Rue Notre-Dame and stumbled upon this gem. The staff was friendly, the atmosphere was great, and the food was delicious!\n\nI had the aubergine (eggplant) curry, which was incredible, and the drinks were tasty!\n\nGreat for travellers, families, or dates! Casual atmosphere but still classy.",2.0,True,164,112,24,0
user_1077,biz_023,"This place is a Madison standout in my mind. The burger is without a doubt in Madison's top three (best in my opinion), and the drink selection is ample. It is on the steeper side price-wise but the value is good. The vegetarian options are especially tasty as well. It is also very \""""homegrown\"""" (locally sourced), almost to the point of being Portlandia-local.",2.0,True,23,581,78,0
user_4363,biz_066,"Second time ordering some pizza for delivery-2 seconds from home and definitely the Sunday lazy factor set in.  Wasn't impressed the first time and a definite decision on the second time...unfortunately.\n\nWe ordered off a regular coupon we get $17.99-large pizza with 8 wings.  We ordered our pizza-light on the cheese, extra sauce, pepperoni and pineapple and wings hot.  This was the worst pizza we have ever had.  First off my \""""extra sauce\"""" and \""""light cheese\"""" ended up with a full jar of sauce poured on top of the pizza-you couldn't even see cheese.  The pizza was a red sauce mess minus the crust.  Soggy bottom crust was the same as I remember the last time.  Totally dough in the middle-and their crust is what they pride themselves on.  SMH.  You can't even hold a slice up without ",1.0,False,198,1275,1,0
user_9230,biz_094,"This place is sooo not worth it. They give you crap for trade credit and sell everything for WAY too much. I took in 2 bags of gently used toddler and young boys clothes, new books Thomas the tank engine, and 2 new Star Wars costumes. One with a lightsaber. They only took 1 toddler sweat shirt, half the books, a new Scrabble game and the two costumes and offered me $13 in trade or $6.50 cash. What a ripoff.",1.0,True,216,895,77,0
user_8240,biz_180,"I. Love. This. Place.\n\nI got in late on a Saturday nightbefore a convention, and I was craving sushi. I stumbled upon SushiSAMBA was quickly seated a table. The ambiance is dark, sort of like a night club but with sushi chefs inside. Because it's Vegas, the staff is distinctly beautiful. To their credit, they are all super nice and attentive. A live DJ spun an eclectic mix of songs ranging from hip hop classics, to top 40 and some 80s soft rock ballads. Every track had a great, catchy beat, and I found myself bobbing my head along with it more often than not.\n\nI started with a Red Rice Ale which was absolutely fantastic. It is a pricey 11 oz. bottle at $14 but I loved the flavor. I stuck to a simple chef's choice sashimi and sushi combo which ran for $30. I've seen worse prices and i w",2.0,True,39,1153,59,0
bot_8941,biz_155,This mattress is simply OUTSTANDING! Better than I ever imagined!! 5 stars!,5.0,False,4,21,0,1
user_4513,biz_001,Nothing special. Average food. Minimal beer selection.,1.0,False,163,214,30,0
user_4833,biz_044,"Work right down the street and saw this place on ABC. Few co-workers and I gave it a shot and was thrilled at the size and taste of the slice. Crispy crust, great cheese, and they did not skimp on the toppings...only take-out and delivery but the staff was awesome and for the price you can't beat it. Looking forward to a second trip!",2.0,False,180,61,51,0
user_3981,biz_048,"Once in a blue moon you come across a place that not only has good food and service, but they also have passion. That's why Carlos' Kitchen, after only one dining experience, very well could be my new favorite restaurant.\n\nIt's not an overly fancy joint located inside Spectators bar. In fact, Carlos explained to us (yes, he visited the table multiple times - more to come on that) that they used to be located inside of Charlie's Bar and had recently moved to this location. But the great thing is that the restaurant is separate from the bar and there wasn't a smokey smell in there - just a smell of amazing food.\n\nSo the service...we were greeted by Iris, a very knowledgeable, friendly, and attentive server. Absolutely awesome! She told us the specials, took our drink order, and throughou",2.0,True,204,2652,58,0
user_1506,biz_046,"This used to be our FAVORITE brunch buffet in Vegas and unfortunately over the last couple of years it has gone down hill :(  \n\nThey used to have a huge selection of food for breakfast and lunch and now it's very small and just shoved in a corner. and the service is really bad:(  \n\nThe over all quality is lacking, it's a shame",1.0,True,295,1688,14,0
user_7114,biz_179,"By FAR, the best in the area. My first choice always.",2.0,True,233,434,70,0
bot_1812,biz_147,Love this purchase so much! Perfect perfect perfect! Five stars always!,5.0,False,4,22,0,1
user_6021,biz_164,"Bison bacon, Japanese octopus, duck, sirloin in truffle oil.... I had all of these things and many more during my first meal at Posh.  WOW!!   I love trying new things, and this definitely hit the mark!  I truly enjoyed myself at Posh.  It's not just a meal, it's an experience.  This restaurant has such a unique concept and they deliver with an amazing quality of food.  We did the 5 course meal.  This is the smallest option, and it's pricey, but the portions are all appropriate so we walked out fully satisfied but not over stuffed.   \n\nWe sat at the bar, which surrounds the open kitchen.  You get to see the chef's at work, which is pretty cool.   For the foodies out there, this is a true delight!   It's interactive, the staff were all very attentive, friendly and helpful.  One of the che",2.0,True,111,2639,72,0
bot_4047,biz_144,This item is simply OUTSTANDING! Better than I ever imagined!! 5 stars!,5.0,False,4,3,0,1
user_6882,biz_088,"Hey, all sporting venues are over priced with food offerings and any type of souvenir.  If that's a negative then so be it.  \nThis in no way detracts from the positive baseball experience elicited by the park itself. \nGrab a scorecard, walk around the park and enjoy every morsel offered to you as a fan.  The field and stands are unique.  \nA mini Wrigley?  Only in spirit and spot replicas from the original field it was modeled after.  The Cubs Park sign is a slight parody of the original marquee in Chicago.  Had to capture a picture.  The bends in left and right field mimic the 'wells' at Wrigley.\nA perfect venue to spy a game, like a AAA field. The players are closer and more evident.  The field of play begs you to come out and play.  \nSeating is clearly marked and easy to maneuver to",2.0,True,209,1973,67,0
user_3605,biz_135,"Can't say enough good things about the team working here. It's the only place in town that I trust with my car. I appreciate that I never feel like I am being upsold or taken advantage of -- when I come in, I know exactly what services I'm getting and what full range of options is available for me. These guys are friendly and so great to work with! Whether I'm going in for a routine oil change, flat tire repair, or some heavy maintenance, they are honest and reasonably priced. I'm always in and out quickly -- even on Saturdays. Thanks for taking care of me and my car!",2.0,True,241,614,26,0
bot_7593,biz_027,Love this coffee maker so much! Perfect perfect perfect! Five stars always!,5.0,False,3,22,0,1
user_7252,biz_101,"I had a water leak in and drip system that was never really use at my families rental.  Epcor's records show that we went from being a family using about 9k gallons of water a month to 35k gallons a month.  Our property has no pool and Epcor says they have no way to detect such discrepancies.  Really!!  As a young family being busy and never paying for a water bill quite like this, it took us a few months to notice.  Know that this company does not care about their customer and their service is extremely poor.  They are not willing to help us out in any way.",1.0,False,259,2860,49,0
user_2618,biz_152,"The idea of this restaurant is spot on -- high end cocktails and high end comfort food. The execution, though, is lacking. I ordered two versions of a Manhattan from their cocktail list. Great flavor, but they serve their cocktails in very wide saucer glasses. This just warms up the drinks more quickly than a smaller glass, and a warm cocktail is no one's friend. They pour their wine generously, and the glass selection is great.\n\nI had fries -- fine, but the flavored mayo that came with them lacked flavor. Then I had the harvest salad, which was nice, but strangely cold, like it had just been taken from a fridge. I liked the spare dressing, however. Next came one of the night's specials -- grilled cheese with tomato soup. The soup was great. The sandwich was cold and I only ate one bite ",1.0,False,77,962,71,0
user_3809,biz_185,"RUN!!! This place is exactly what it's name says! They're a CON! They lied and said their furniture is made in the USA and it is NOT! It was damaged upon delivery or shipping process, I bought 3 sets of furniture to furnish my new home with. The living room furniture can't be sat on.. I sat on it 3 times and within minutes I had a red burning rash! All over my body! They promised it was all made in the USA. I'll let u read for yourself, Google this \"""" red rash after sitting on new furniture \"""" so now I know why I was getting the rash. They haven't done a thing to help I have been getting the run around for over 3 months.  \n\nAs for the bedroom set that was delivered its beautiful but obviously damaged upon delivery or in shipping. I have taken off days from work to stay home and meet wi",1.0,True,291,128,29,0
user_4187,biz_118,"These guys really are the best !  For 18 years (and 2 homes) we have relied on Mike and his crew at Scottsdale Air.  Every single member of this company has been prompt, courteous, amazingly knowledgeable and well trained.  They are always quick to point out ideas to help you to improve and extend the life of your existing system and will provide honest and very reasonably priced options when the time comes to replace your failing unit.  They perform their work quickly, neatly, and finish with the highest quality.  Once you do choose these guys they will make sure you know that they will always be there to provide you with friendly and reliable service, and when the worst does happen during that 100+ degree heat and you need service immediately, you know that this reliable crew will happil",2.0,True,167,609,45,0
user_4331,biz_081,"I'm a huge fan! I love their dolmathes, pilaf, and Greek salad. Yummy yummy!  I just wish they were open til at least 11pm.",2.0,True,174,2854,34,0
user_4538,biz_070,"Simply stated:  I love this place.  \n\nThe staff is so incredibly nice even though my spanish speaking abilities are below average.   They may have the nicest staff in town.  \n\nThe chicken torta sandwich is my new favorite sandwich in town.  Chicken, refried beans, avocado, tomatoes, onions, peppers, cheese, and a special mayo...what more could you ask for?  \n\nPlease check it out!",2.0,True,225,391,45,0
bot_6200,biz_058,BEST phone case EVER!!! Absolutely AMAZING!!! Must buy immediately!!!,5.0,False,1,24,0,1
bot_5820,biz_169,Amazing quality! Fast shipping! GREAT phone case! 100% recommend!!!!,5.0,False,3,1,0,1
user_2070,biz_176,"I dropped off two pairs of jeans and a shirt to be altered.  The jeans were too long so I wanted them hemmed.  The shirt had buttons on the cuffs that fell off.  I got them back a week later - it seems like they have a lot of people coming in everyday.\n\nThe tailoring for the jeans was very good - I don't notice the seams at all yay.  They ask you what inseam length you want it to be, and if you don't know, you can always try on your pants on-site and ask the tailor to pin it for you.  However, I think they left this weird stain on my shirt - and I don't know how it got there.  Overall, the pieces of clothing cost me $27, which seemed a little high.  (Those two factors contribute to the -1 star) But they're really close to CMU (where I go to school) so I guess I'm paying for the convenien",2.0,True,204,1362,21,0
user_3435,biz_199,"Located on St. Paul Street in Old Montreal Taj Mahal offers Authentic Indian Food. Frankly I don't expect a lot from places located in touristy areas. But Taj Mahal proved me wrong. The restaurant pretty much has no decor. Just tables and chairs crammed into a room. Service is not too fast. My rating for em till this point was 2.5 stars. Then the server brought the complimentary poppadoms with the sauces. They were really crisp & tasty. We ordered the Chicken Vindaloo & Lamb Madras with Garlic Naan & Basmati rice. Both the vindaloo & Madras had a zing to it. The chicken was perfectly cooked, so was the lamb. The nan's were freshly baked and the rice was fluffy & aromatic. One of the best Indian places I've been to in Montreal. The ratings jump to 4 stars. The service might seem slow, but I",2.0,False,89,2760,26,0
bot_4556,biz_070,This product changed my life! Perfect in every way! Five stars!!!,5.0,False,4,9,0,1
user_7962,biz_083,"Easily one of the best pizza places in the valley.\nSuper thin, crispy crust with their famous sweet sauce...fantastic.\nI started going here 7-8 years ago and have been a regular since.  The only bad thing is that it has gotten more popular.  On weekends (especially during \""""snowbird season\"""") you'll likely have to wait 45 mins for a table.",2.0,True,98,241,45,0
user_9410,biz_087,"Payless Car Rental - what can you expect? Not a whole lot. For the price, they get the job done. You can get a functioning rental car with decent customer service.  I've never had a problem with their service perse, but it's not particularly outstanding.\n\n* The line to checkin and pickup your car is always long. Once you're at the counter, it's not horrible, but there's always a line getting to the counter.\n* The process to get your car is the same as any other rental car company. Get the keys, inspect the vehicle and off you go.\n* On numerous occasions, I wasn't particularly impressed with the cars.  This last time, it was very smokey smelling; not anything that airing out the car would solve.  On other occasions, the interior was dirty.\n* Upon returning the car, at least I gave myse",1.0,False,282,2881,59,0
user_2788,biz_081,"There are a lot of hotel rooms in Vegas.\n\nIf you want a deal on a suite close to the Strip, stay at the Platinum, ok?\n\nI wasn't initially going to, until a chance Hotels Tonight (check out the app and use promo code LSONG2 for $25 off your first hotel) offer put it in just the right price range. After my incredibly disappointing stay the previous night, it wasn't going to take much to impress me.\n\nI was overwhelmed. In a good way.\n\nAt the front door the staff greeted me, got us into a room 3 hours before check in, and as we waited in the attractive lobby I nibbled on a fresh cookie and drank fruit water. Heaven, after the 15 minute walk from the strip (directly behind Bally's). The Platinum isn't exactly on the strip. It's not a casino. You can't smoke. But it's close enough that a",2.0,True,130,2924,19,0
user_5748,biz_027,"The mall is not always the best place to find good food, but Wildflower is a hidden gem in the Chandler Fashion Mall, serving up fresh, good food that's moderately priced.  There's something for everyone here no matter what meal you seek--breakfast, lunch, or dinner, and it is all good.\n\nBreakfast is served later on the weekends, but it's worth getting up for on any weekday.  Their frittatas are delicious, but I'm nuts about the toast.  The bread is flavorful, crispy, and chewy all at once.  Just make sure you ask for jam.  It comes in a cute glass container, and the flavors are divine.\n\nLunch is usually why I come here, and Wildflower never fails to disappoint.  As a vegetarian, coming to a bakery can sometimes be difficult.  Not many places offer veggie-friendly sandwiches that are a",2.0,False,238,363,7,0
user_2895,biz_195,"I love both locations. It is a rare menu that has so many things I would actually eat without subtractions. I have only been 4 times (and tried something different each time) but I want to keep coming back. I am working my way through a long list of pasties that I want to try. Keep in mind, I dont drink alcohol so I am not eating this stuff just to accompany a Guinness or Strong Bow. I really like it. All of it.\n\nMy only complaint is that the Tempe location does not allow for groups larger than 2. OK, they have a couple of tables for 6 but thats really it. If you dont get there before the dinner rush, you dont get to sit with your group.",2.0,True,101,1949,54,0
user_1405,biz_062,"Okay, gave them a second try and I'm afraid it wasn't much better this time around.  This time I ate it right away (a short drive back to work, less than 10 minutes) rather than refrigerating it like last time.\n\nStill with the stale bread...what gives?  Can someone tell me if the bread is supposed to be a hard crust-style bread or if it's supposed to be soft?  The end that was not cut was super hard--crunchy like a cracker.  What a huge turn-off.\n\nI got a Vito this time, hoping to salvage my last experience.  Again, still not much in the way of flavor except for the onions.  I would have figured the salami would have contributed flavor-wise...not so much.  Pretty much I ended up with a stale onion sub.  Ugh.\n\nJimmy John, I'm sorry but I'm so not impressed.",1.0,True,281,2740,9,0
user_6245,biz_170,"This restaurant has decided that it's too much trouble for them to prepare two different kinds of tacos for their taco plate, so they simply don't allow it. Who's serving who? There are four to a plate. Even more obnoxious, when asked about it, you are given a lecture that their restaurant is based on sharing and how 2 people at the table can each order tacos and they can be shared if \""""you're the type of person who shares\"""".  Weird... Don't show up unless you are comfortable enough to share with some one in your party off your plate.  A Mexican inspired restaurant that doesn't have refried beans unless it's dinner time, an environment that is uppity and a staff that is condescending and socially awkward. I just wonder how long it will be until they go under. We didn't even stay to eat, ",1.0,False,35,1773,53,0
bot_1624,biz_008,This is THE product everyone needs! Perfect! Amazing! Incredible! BUY NOW!,5.0,False,2,18,0,1
user_3108,biz_107,"Don't  bother coming here if you plan see Vegas, relax or be treated well by the staff.\nMy husbands family gave us a week at this timeshare as a wedding present. Since the moment we got here it has been 1 thing after another. To begin with their staff is rude unless of course you are an owner of the timeshare there. It is a child friendly resort being there are kids everywhere, yelling running around and in areas where they should not be in, like the 24 hour hot tub, the gyms.\nThe gyms equipment is broken, 2/3rds of the equipment i would use daily was out of order including the sauna (the hottest it ever got was 91 degrees) Their housekeeping does not keep up with the mess the guest leaves, nothing grosser then dirty towels all over the hot tub area and over gym equipment you want to use",1.0,True,221,2977,61,0
user_3798,biz_190,"The security guards attacked my cousin and left him unconscious. They caught him with a flask and when they asked him to leave. Being a sweet guy that he is, he was completely compliant.  My family and I saw them drag him to the elevator and choke him till the point of unconsciousness.  We will never forget his face. It was so traumatizing! Please, do not go to marquee! It is not safe! This happened to us and it can happen to anybody else. This place is DANGEROUS",1.0,True,207,903,21,0
bot_9729,biz_002,Love this purchase so much! Perfect perfect perfect! Five stars always!,5.0,False,4,13,0,1
user_3764,biz_125,"Decided to give it a try \""""which was the first mistake\"""" got a burger with bacon and cheese. Its amazing that how you can take a patty of beef and scare out all the flavor so it resembles something like ground up cardboard. The bacon seemed like it was sitting around for 3 days. I had to overpay for this ?????\nI wont be back",1.0,True,80,1075,55,0
bot_3336,biz_016,Super super great mattress! Best seller! Number one! Perfect perfect!,5.0,False,4,1,0,1
user_2096,biz_153,"Me and my husband went one night, they had a great atmosphere. We had a choice to eat outside since it was so nice out. I myself tried their blueberry vanilla beer and I personally very much liked it.",2.0,True,231,966,5,0
bot_2558,biz_057,Super super great vacuum! Best seller! Number one! Perfect perfect!,5.0,False,3,6,0,1
user_8756,biz_064,Iberico ham from Spain was exquisite!  Paella was beautiful! And all the sinful drinks were perfect!,2.0,True,89,1780,69,0
bot_6684,biz_023,This watch is simply OUTSTANDING! Better than I ever imagined!! 5 stars!,5.0,False,1,3,0,1
user_4395,biz_066,"We were at squid ink last night w our party of 8. They were packed at 5pm. We decided to sit outside being there was a 40 minute wait inside. Its weird how some visits to this place are amazing, the food is wonderful, great service etc etc. Last night our food came out in rare form. Sweet potato fries that had a thread in them and seemed bottom of the batch. Our sushi was good...just small portions of fish, we had a philly roll and spicy salmon. Our Garlic Edamame had 3 Garlic pods. My friend got vegetable tempura which again, looked like small end of the batch pieces...we are on a break as of now from this place. Hit and miss at best.",1.0,True,13,989,40,0
user_6328,biz_069,"I ordered the 2 for 6$ and was charged 4.19$ for a half sandwich and 5.19$ for a half pasta. WTF, does not come close to 2 for 6. I will not be back. I use to love this place.",1.0,True,229,1709,0,0
user_4660,biz_119,"The atmosphere was was strained and the techs made no attempt to converse with clients.  There was only one young lady, I think that does the lashes, she was very nice.  My tech was terrible and I had the worst manicure with gel ever.  What a waste of money.  My polish is chipping and I only got them done on Friday. Don't go there, find another place. Very pushy trying to up sell.",1.0,True,299,2397,74,0
user_4996,biz_006,"I called Tru Cab when I got stuck outside Durant's waiting for my scheduled cab, that was already 25 minutes late. \n\nI was told that, since the drivers are independent contractors, the cab company couldn't guarantee an ETA on a pick-up time. The very nice gentleman I spoke with said, \""""All I can do is send out the request & someone will call you if they're in the area & available.\"""" Which they did, after I was halfway home-- I was lucky enough to flag down another taxi.",1.0,True,161,890,61,0
bot_5588,biz_013,Absolutely wonderful item! The BEST on the market! Buy it today!!,5.0,False,1,12,0,1
bot_1132,biz_120,This phone case is simply OUTSTANDING! Better than I ever imagined!! 5 stars!,5.0,False,2,15,0,1
user_7877,biz_097,Service here is the worst the associates here don't know products in the store first and foremost  there ads the associates lie about there position and stereo type customer   I would not send my dog here to pick up stuff if he knew how to drive lol but this store needs a under cover boss because this store sucks,1.0,True,260,1195,22,0
user_3367,biz_194,"I'd personally not go back here.  I went with some girls after visiting european wax right before my recent trip to Hawaii.  I wanted to get gel shellack.. and a pedicure.  The lady who did my pedicure was really rude.  She was making faces to her coworkers in response to me not wanting to spend extra money on designs and upgraded pedicures.  It was comical because my girl friend was there watching it happen.. but if I was by myself, it would have made me feel very uncomfortable.  If i was going to pay for upgrades, I'd go to a spa to get a real mani/pedi.. not this place.",1.0,True,206,2770,66,0
user_3785,biz_116,"Great place. Accommodating and the staff was awesome\nI had an incident yesterday. They had some sort of rapper or hip hop artist staying in the room next to mine. They were being loud, a lot of cursing and shouting, many doors brig slammed. And this occurred in the room (which was next to mine) and in the hallway. It went on until late at night (4 am)\nI felt unsafe and not comfortable calling security. I should. Retaliation was my main concern. I expressed my discontent this morning and manager gave me the possibility if late check out, which was nice considering my flight is schedule to depart at 6 pm. All and all it was good, however I would recommend to ANY hotel that have guests that are prone to kiss behave and not obey the rules to either NOT have anyone stay in t contiguous room (",2.0,False,68,2248,40,0
user_3550,biz_060,"This is a terrible place to try to take a large group.  The food is mediocre at best.  But they run the place poorly.\n\nWe called ahead to see if they could seat a party of 8.  They told us that they could not take our name over the phone, instead we had to show up to put our names in.  My wife went ahead and reserved the table.  She was told it would be 45 minutes.  She came home and we began getting the kids ready.  We showed up 15 minutes before we were told, but they had already given the table away.  We were told that it would be another half hour before we could be seated.  \n\nUnfortunately, their waiting area is very packed and does not hold 8 comfortably.   We left, I will never go back.  It should not be a hassle to take your family out to eat.  The main reason for eating out is",1.0,False,150,132,3,0
user_5976,biz_083,"They have one of my favorite phos in the city - i especially like the use of grilled chicken thigh.\n\nUnfortunately, last night I saw cockroaches on the floor and lost my appetite. I will never return",1.0,True,88,2043,2,0
user_8061,biz_062,I had two vehicles repaired here. I had issues with both. We had our service van in and it took over 3 months to fix. After it was ready... the van had damage that wasn't there when we took it ! I had to prove to Midway based on pictures that they caused the damage. They finally agreed to fix it. Secondly my personal car had the bumper replaced and painted. 6 months later I get backed into and the paint cracks and chips off. Obvisouly I knew that damage came from someone backing into me. However I took it for repair at another shop and they told me the paint should not be cracking like that. That they did not prep the bumper correctly. I had to replace the bumper again. With both of these issues the service was awful and I will never go back. I worked with Larry Davis. He was all smiles un,1.0,True,49,1582,71,0
user_8690,biz_049,"I came here on Christmas night, hoping for a little appetizer to finish off the holiday right. You can't go wrong with a little sampler. Anyways, I walk in and was seated immediately. The table I was seated at had no utensils at the table.\nThe person who took the drinks, took around 15 minutes to even get to the table. I ordered a coffee and it had to be the oldest coffee I have ever tasted so I kindly substituted it for a mere glass of coke.\nLike I said, I only ordered a sampler(as a half) which is mozzerella sticks, onion rings and chicken strips. Once I got my food, the mozzerella sticks were way overcooked, the onion rings were decent but the chicken strips were under cooked. Like, I'm talking still frozen in the middle. I was highly disgusted and paid the tab and left. I wouldn't re",1.0,True,61,516,27,0
user_5154,biz_102,"I have eaten here for 3 years now.  It use to be a hit or miss on the food but now I just order 1 thing.   The breakfast special.  Its 3 bucks for eggs, bacon, and hashbrowns.  And they have good hashbrowns.  They are about 3/4 of an inch thick and crispy on the outside.  The inside if fully cooked but a little softer.  I add pancakes sometimes for like $1 or $2.  Which is a good deal.  Also, I can bring my dog out on the patio when it is nice outside.  The only reason I didn't give this place 5 stars is because the place is pretty run down.  Everything there is old.  Very very very old.  But the food is good and I usually get a friendly server.  P.S. I liked the chicken fried steak",2.0,True,274,1454,10,0
user_3503,biz_175,"I was excited about visiting a new Indian restaurant in Downtown Pittsburgh that is in close proximity to my office, but this lunch buffet visit of Monday, 22 September 2014 was a great disappointment.  I received a pleasant greeting and a 'thank you' from the owner.  The busser did not interact with me. No one performed a quality check or did anything to be assured of my satisfaction. Used plates were taken away promptly and I received a water refill without having to ask.  I agree with the writer who said that the place was too hot; this was the case even on a cool day. I had perspiration running down my neck while dining. Beware the dish which contains microscopic particles that appear to resemble broccoli and cauliflower as it is very spicy.  The only vegetable that could be readily id",1.0,True,25,63,13,0
user_3482,biz_097,How stupid are the supervisors of this airport? They have small shuttles to get you between terminals. The shuttles are very small buses that can not accommodate luggage. People who have to transfer from international to domestic usually have to grab their luggage and take it themselves. So no room in the shuttles. It is too far to walk. Stupid ignorant cheap supervisors. I can only assume that all the big buses were taken. Do us a favor and do something about that.,1.0,True,137,2817,12,0
user_5628,biz_104,"Love Chipotle so much, just NOT this location. Upon moving to this side of town from Tempe I realized that the service and taste was not the same as the Chipotle on Mill and the one at Tempe Market place.  First off the employees here were far less motivated and educated in the product as the students at ASU -_- Sadly I came in an hour before they closed, and to save time and effort they weren't cooking anymore meat.  I only asked for a steak burrito and received a crap-load of rice and beans and two lonely and terrified pieces of steak.  After chuckling  I asked for just a little more. I was told that I was given 4 ounces and that was all I could get without being charged. Sadly I ended up with a huge ass bean and rice burrito and jumped for joy when I reached those two steak chunks.  Eac",1.0,True,216,282,72,0
user_7986,biz_029,"Their sign boasting \""""Charlotte's Best Burgers\"""" got me to come back to this place and see for myself!  Skeptical about this claim, even though they probably did win some kind of contest, I rarely trust contest results! \n\nMenu : It is kinda cool when a place offers more than one item that peaks my interest and if they are Bold to say they have the \""""Best\"""" it is a bonus when you can order one fairly plain!  The Burger with Bacon sounded good yet for my first Burger here I want it the way I would get a Burger at a friends (you know what I mean) backyard cookout!  Simple : : Burger, Bun... Tomato (if available if not no problem) and If I am confident and if they have any, a little Red Onion is nice, maybe some ketchup, though I'm very happy with a GREAT Tasting Burger by itself with No",2.0,True,27,568,63,0
bot_7658,biz_067,Love this watch so much! Perfect perfect perfect! Five stars always!,5.0,False,3,11,0,1
bot_2458,biz_089,I am so happy with this item! Perfect condition! Super fast delivery!!!,5.0,False,3,5,0,1
user_6109,biz_157,"Very tasty food! We only tried the poutine and the sliders from the appetizer menu! Both were two thumbs up, amazing! Very large beer menu as well:) best part was it was within walking distance of our hotel and a lot of other places!!!",2.0,True,265,2643,79,0
user_4725,biz_145,Friendly service and great food.,2.0,True,97,2000,52,0
user_6547,biz_064,"I was in the Bella suite with one other girl, so that was pretty sweet. I guess that's the perk of being 1 of 2 girls in the company. The room was very nice and could comfortably sleep 6 people (including the pull-out sofa bed). However, I don't think there's enough room for 6 people's luggage and stuff. \n\nThe casino is pretty fun. I'm not a huge gambler, so I didn't spend too much time on the casino floor. We did get the 12 of us and play craps, which was super fun. \n\nApparently the $20 trick works here. My boss had done it and we all got upgraded to these Bella suits (not too sure about the penthouse that they had already booked).\n\nIn any case, the Palazzo is very nice. It overlooks the Encore pool/ XS, so it's great that it's super close to those clubs. It's NOT walking distance t",2.0,True,60,2038,12,0
bot_1948,biz_177,Incredible headphones! I love love love it! Best purchase EVER!!!,5.0,False,3,23,0,1
user_2696,biz_098,Great Boba.,2.0,False,109,1565,75,0
user_2159,biz_056,"I went here the other night with my friend who grew up in China. One of my other friends highly reccommended this place and said it was authentic Taiwanese food. Of course, I had to go and try it! My friend likes to order lots of food. I told her to pick whatever she wants because she has good tastes, so I have no idea what she ordered. Haha.  We had hot and sour soup, eggplants with something, 3 cup chicken, and fish filet with bean paste. I wasn't a fan of the 3 cup chicken. The flavoring was a bit weird maybe it was because they put too much basil.  I loved the eggplant and the fish filet. It was so awesome! The eggplant was very refreshing and very delicious. The fish filet was so awesome! It was huge too! I was stuffed because I ate so much!\n\nI did have an issue with my credit card.",2.0,True,260,1206,26,0
bot_1707,biz_183,Absolutely wonderful product! The BEST on the market! Buy it today!!,5.0,False,1,10,0,1
user_7634,biz_139,"Cockroachs running on the tables, burgers were pale. Not so tasty. Needs major change in management. I like other dennys. But not this one.",1.0,True,265,592,61,0
user_3458,biz_042,"After my initial review, I received a message from Graham (the owner) to asking me to call to to discuss what had happened. I didn't think much would come of the conversation but I called anyways as I thought it would be the polite thing to do. He claimed that he wanted to do something to make the horrible experience up to me. I suggested refunding the money I had paid as that is the only solution that would satisfy me. He refused. Doesn't seem to me that they wanted to resolve the issue at all. I would have been happy with even a partial refund. I am still out the money I spent on the Living Social deal and have nothing but a dent in my bank account to show for it. As stated in my previous review, save your money and STAY AWAY.",1.0,True,156,583,21,0
user_4653,biz_066,"Absolutely delicious and my favorite place in town. This meal Is always two hours long though, service is extremely slow no matter which server you get. One of my top request is don't starve my thirst and refills are hard to come by. Food makes up for the slow service, be sure to check out the coupons in the newspapers and weekly adds.",2.0,True,127,1806,50,0
user_6057,biz_007,"I can't stand to be lied straight face from a bunch of grown up men!!! They think we are idiots... They all look so retarded!!! ! We as family used to like them, and one of the guys tried to treat us pretty good, but, now I would not recommend anyone to be taking advantage of like they have been doing to us. We were told that this exactly shop was on the news for a bad reputation and at first I couldn't believe it, but after leaving there today and open my car and see that the floor matt was dirty and all curl up after asking several times to make sure to put a protect paper or plastic so it will not dirt the carpet ... I'm pssssd and I can't stand them anymore.... I guess they don't need business anymore.... The dirty carpet it's not the worse part, the worse part is that they're a bunch ",1.0,True,46,147,40,0
user_7947,biz_128,"Never have I felt the need to review a Walgreen's, but when you're on vacation, nearby drugstores become your best friend and in-hotel drugstores are even better! \n\nThis place is everything the reviewers say it is: crowded, somewhat expensive, and extremely convenient.\n\nWe put together a decent supper of nacho cheese dip, tortilla chips, and microbrewery beer, for about $15.00. The atmosphere was like a frat party--loud and excited. The staff were very kind, considering.",2.0,True,245,424,4,0
user_9701,biz_190,"I never thought I would ever step foot in a place like The Palms Hotel & Casino. But the Pearl is inside this place and the Cure was playing. Suck it up, I did. I hung around at some little indoor bar while I waited for my credentials. Yes, I get those. Do you know who I am??! Apparently, this woman in her 50's knew. She kept us company and somehow managed to hustle us out of a drink. She didn't know who I was, but did say I was \""""thick.\"""" \n\n'Gee, thanks?'\n\n\""""Thick. Ya know, like giiiirl you got some hips! You Latino? Messican? Cos ya'll be havin' some curves!\""""\n\n'So, you're calling me fat?'\n\n\""""Naw, girl! Thick. Theeeeeyyy-ick! That is a good thang. Brothas be lovin' thick!\"""" \n\nThe Pearl is a very cool venue -- it reminds me of a smaller/indoors Greek Theatre. Every seat in",2.0,True,261,2151,59,0
user_7492,biz_185,Would never go back! VERY disappointed!,1.0,True,288,1614,51,0
bot_6052,biz_068,WOW just WOW! This headphones is PERFECT! Buy it NOW you will NOT regret!,5.0,False,2,4,0,1
user_5688,biz_058,"I have been going to this office for a few years, and for some reason I have never thought to review them on yelp. Weird.\n\nAnyway, the front office staff is friendly enough. I can usually get an appointment within a day or 2. I was unique with some of the paperwork I had to provide for my school, and the office was always extremely accomodating with short notice or allowing me to pick up a note without an appointment, or just calling up and explaining what the school needed and they would call me when it was readt, etc etc\n\nI recommend Dr. Whipple. He is super nice. He spends time with you to answer all your questions. And, being a nurse, I find him thorough. There have, also, been a few times where I asked for a certain test to be done, and he will order it.\n\nI, also, like that ther",1.0,True,154,133,47,0
bot_7420,biz_049,Outstanding quality! Best headphones on the market! Absolutely love it!!!!,5.0,False,1,22,0,1
user_6730,biz_028,"I love all my carbs toasted. I would rather be late for work and take the time to toast my bagel than eat it untoasted. This place drew me in because all their subs are TOASTED. Toasted to perfection, served warm, with just a little bit of golden brown starting to appear on the bread. Mmmm....heaven. \n\nThis place has a fun vibe. Reggae music playing, really chill workers, plenty of seating inside. Their sandwiches come in 3 sizes 4 inches up to 12 inches. Nicely priced and a pretty extensive menu. \n\nI got the Kali Mist which was delicious. Had a bit of kick to it, nicely sauced. I hate dry sandwiches. Can't wait to come back and try all their subs. They have a fun selection of desserts  rice krispies but also captain crunch krispy bars, cinnamon toast crunch bars, and fruity pebble bar",2.0,False,243,81,63,0
user_6740,biz_146,"We bought a groupon and thought this place must be awesome for all the great reviews on yelp.\n\nThe place was certainly a hole in the wall. The folks that work there were super nice. We ordered a veggie samosa which was great.\n\n We ordered Chicken Vindaloo- tasted bland and tomatoey. No real Indian spices popping out or any hint of tartness. I'm from San Francisco and we dine at Naan and Curry all the time and their vindaloo was my gateway to Indian Cuisine. I order it at other places and it's great. The chicken was half a breast cut into slithers. No real chunks of bone and meat. There were several pieces of  potato in there. It was like half a potato all together. It tasted like a Filipino goat stew but more bland. \n\nThe lamb kabob was bland too, no real Indian spices popping out. I",1.0,True,24,1316,11,0
user_7500,biz_164,"My fianc\u00e9 and I went for restaurant week, and I would not have put this on the list for restaurant week. The food is overpriced for what we ate. She had the She Crab Soup (which was amazing), the grilled filet and shrimp (which did not have much flavor, the asparagus was the best part, and the mac and cheese was meh), and the lavender cr\u00e8me brulee (tasted interesting at first, but in the end was great). I had the lamb slider (delicious, and their fries were actually seasoned), the blackened salmon which was placed on top of a salad (it was alright, but I only could taste fish, and no seasoning on it. The cucumber salad was all but that, it was mainly lettuce with a few cucumbers), and lastly the Caramel Apple Cannoli (they were small, but they tasted great, it comes with caramel ",1.0,True,257,2887,48,0
user_9259,biz_142,"This place is awesome! I take all of my out of state friends and relatives here when they visit. A must see! This place is cozy, and friendly. The staff is wonderful and the food is great! The food is like your grandma's home made dinners. It is lovely! You get so much for such a great price as well. The bears are super cute. It feels like home here. There may be a lot of people eating but the way it's set up it doesn't get loud so its nice. If you haven't eaten here yet, you are missing out!",2.0,True,185,1517,37,0
user_4357,biz_170,"I ate lunch here today and it was really fantastic! Besides an extensive regular menu, Tonto has a vegan and gluten free menu...yummmm. I started with the caprese salad which had three fresh mozzarellas (ancho chili, sage, hibiscus) made on site paired with three thick slices of heirloom tomato and micro sage. My cousin suggested their spaghetti squash (a side) to share and it was delicious! It is seasoned with grilled onion and tossed with wilted spinach...so good! My meal was a torta with layers of mashed anasazi beans, green chiles, chopped tomatoes, mashed sweet potatoes and a bunch of other stuff and was accompanied by whole grain baked crackers. It was a great blend of textures in the torta and all the flavors mixed seamlessly. My cousin had an ahi tuna roll that looked like it had b",2.0,True,173,2035,12,0
user_8674,biz_105,"ok. i'll make this brief.\n\nbeen here three times. \nabsolutely perfect all three times.\n\nsign up on their website and get discounts.(tip)\n\nbrazilian drinks are awesome -get them 'premium' with leblon cachaca.\ndon't eat ANYTHING ALL DAY and then come here. you're going to\nbe stuffed when you leave.\n\nthe only only minor thing i would change about this place.\nslow down on the men coming to the table..can get a wee-bit\nbothersome at times especially when they come around the\nsame thing. \n\nand why do you have to request the short ribs?\nany other brazilian place like this they come to the table ...\ncome on...bring it on? \n\nand no briskett?\nguys. you have to add this at some point to round out\neverything.\n\nas you can see, i've been here way too many times that i recognize\n",2.0,True,110,2713,23,0
user_6527,biz_113,"If you are looking for take out that is not fast food, this is the spot. The Greek Grill has some great gyros and the mixed salad selection is excellent. A greek salad with the grilled chicken or keba added is excellent. The owner will come up with a few specials about twice a month and those are always worth checking out. He put some greek grill appetizers on the menu which are essentially gryo meat spring rolls and they are fabulous... So, for a meal that is not Jack in the Box... the Greek Grill is the way to go.",2.0,True,139,1523,37,0
user_7694,biz_066,"Very disappointing!\n\n- Lasagna and agnolotti were tasteless\n- Unpleasantly awkward waiter and bus boy\n- Gorgonzola that came with the meat & cheese plate was amazing\n\nI'd put this restaurant on par with an Olive Garden. With so many other tasty places so close by, I wouldn't waste my time with Buddy V's.",1.0,True,149,202,39,0
user_8569,biz_163,"Definitely won't be back. My friend and I had the steak burrito and another friend the chicken. Steak tasted like it could've came from a can (not that it did bit could've lol). \n\nPaid $1.25 for a little teeny thing of sour cream (takeout order). $21 total for 2 steak burritos,  fries and sour cream. Had I known before we got back home I definitely would not have put that on my tab. \n\nFries we're greasy...they looked burnt but didn't taste like it. My friend with the chicken burrito enjoyed it. All meals came with chips and another teeny thing of Pico de Gallo. I was so hungry I ate half of the burritto and then stopped....it was pretty bad. Granted we got there a half hour before they closed but that shouldn't be an excuse :(",1.0,False,297,940,63,0
user_8501,biz_102,"The previous reviews kind of scared us but we really enjoyed this restaurant.\n\nThe food was great - my husband and I shared two dinners - rack of ribs and the sausage combo platter.  Sides were fries, mac and cheese (recommended by server), cinnamon apples, and cheesy grits.  Mac and cheese needed seasoning,but after I tried the ribs and sausage I didn't mind - they were so delicious and full of flavor that the mac anc cheese was kind of the calm in the storm.\n\nI had a Louisville Swigger (peach puree with house made bourbon) and it was OUT OF THIS WORLD.  My husband had a couple of the 40+ beers on tap.  No complaints in the drink department!\n\nOur service was a little hit or miss (slow drinks, could be bar's fault) ... we didn't get side plates for our appetizer or a plate/bucket/bow",2.0,True,74,2006,23,0
user_5852,biz_144,So I've been going now for 2 months and figured I'd give a little bit of an update.\n\nThe GOOD that I mentioned earliar is still all there...I am enjoying Krav very much and have recently started doing a bit of Bag and Core classes also.  I am not a huge fan of Core classes as they remind me of Gym classes which are boring and dont keep me engaged.  The bag class is really fun because you are punching and kicking the whole time.  The Krav class is amazing...but I got to admit that going 2-3 times a week...I've started to learn everything they have to teach in this beginer class.  What does this mean you ask? I'm glad you asked.\n\nThis means I need to move into the more Advanced class like Fight or Tactical Black.  Here is the issue with this.....it costs more money.  Now I'm not a cheaps,2.0,True,13,2726,52,0
user_2875,biz_130,I really like this El Pollo Location. There's always some on going promotion or coupons in circulation. The service is fast and friendly even throughout lunch rush. The last time I went here it was going to take a long time for them to cook my taquito so the manager gave me a free taco so I could start eating while I waited. I love the side selection variety and the salsa bar. This place makes it easy to eat relatively healthy for cheap. Although this is a chain I would gladly welcome them into my neighborhood over a Del Taco any day.,2.0,False,227,2293,6,0
bot_8145,biz_046,Amazing quality! Fast shipping! GREAT headphones! 100% recommend!!!!,5.0,False,1,7,0,1
user_2312,biz_005,"First visit and last.  Only one person seemed to speak English.  The guy that did both my mani and pedi didn't say two words to me the whole time i was there. The one that did talk to me just tried to up sell me. And didnt tell the tech what i really came in for. Then when i asked for just a buff no polish. They tried to charge me 5 bucks more. WTF saying if i got polish it was included.  Lets not forget the fact that i now have dried blood around nail, where my cuticle bled. Never ever again",1.0,True,75,2984,17,0
bot_1823,biz_075,Outstanding quality! Best phone case on the market! Absolutely love it!!!!,5.0,False,4,14,0,1
user_5579,biz_145,"I ordered the spicy salmon roll, tuna roll, and eel roll for sushi and the chicken teriyaki.  The actual tuna and salmon seems to be minced up, not a filet.  Nothing was in the rolls except the rice and protein.  I had assumed there would be some avocado or cucumber of some sort mixed in but nope.  Don't get me wrong, it definitely filled the sushi void in my stomach but now I know why this place is less expensive than the others.\n\nThe chicken teriyaki was bad.  Simply bad.  It had no flavor and tasted like it was steamed and then saut\u00e9ed with some sort of dark flavorless sauce.  The fried rice was made the same.  I mean, come on!  Can we get some sort of flavor with my food.  I don't care if it's a flavor I wouldn't care for as long as it's a flavor.  It's as Sushi Express was afra",1.0,True,273,617,51,0
bot_5503,biz_164,Love this item so much! Perfect perfect perfect! Five stars always!,5.0,False,3,20,0,1
user_9452,biz_100,Make sure not to sit at the bar and have a guy named Anthony be your bartender/server. The guy is a complete douche and will just argue that you are wrong and he is right when something is wrong with your order. Worst service I have ever had and it was for a take out order. I can only imagine how bad it would've been if I dined in. Also forgot two of the items with my to go order. Won't ever be going back.,1.0,True,158,1890,34,0
user_3944,biz_042,"I am so glad I am back in Vegas,  I missed this place.  I stopped by with the intention of just picking up some fresh pasta foe dinner.  Ended up getting spaghetti Bologna's and a chicken parmesan sandwich as well as a loaf of fresh italian bread and an antipasti salad.  The prices actually seemed to go down (at least stay the same) as they were in the last 2 years.  The food and service are still excellent and you can really taste the quality that using primo ingredients and passion that chef Marc uses in his food.  It is superior to every other italian food I have tried from some so-called \""""italian\"""" restaurants.  The portions are huge, and while it isn't cheap, you get what you pay for and the deli prices are no more than what you pay at the grocery store for deli meats and cheeses a",2.0,False,291,2603,12,0
bot_1651,biz_024,Love this headphones so much! Perfect perfect perfect! Five stars always!,5.0,False,3,14,0,1
user_4100,biz_149,"Came here with a group of 20 after they had their poker night. \n\nEverything on their menu was fried, fried, and more fried.  Not one healthy item!\n\nAnd I was a bit afraid to drink the water they served me cause I wasn't  sure if the cup was clean since quite a few of the plates the waitress brought out for the appetizers were dirty.\n\nThe upside was the waitress was friendly and the company I was with was fun.\n\nDef would not come here on my own or be one of my choices if I was the organizer!",1.0,True,228,2979,20,0
user_9542,biz_153,The best crab and coldest beer,2.0,True,126,69,54,0
bot_4542,biz_067,WOW just WOW! This mattress is PERFECT! Buy it NOW you will NOT regret!,5.0,False,2,15,0,1
user_8334,biz_082,"Came here with my boyfriend and we each ordered a burger with fries. A couple who walked in right before was in and out before our food even came out to the table. Waiting for 30+ minutes when the place is slow is nuts! Plus the group that came in 20 minutes or so after us got their food at the same exact time and had ordered an appetizer!! That same group also left before we were even given our check. The food was good but not worth coming back if it's gonna take over an hour to order, get our food and eat on a slow night.",1.0,True,103,864,75,0
bot_2170,biz_043,Super super great watch! Best seller! Number one! Perfect perfect!,5.0,False,2,1,0,1
user_8617,biz_123,"Pizzas are alright. They recently got a new menu, and the items on it sound pretty good. \n\nBut service is extremely slow. It was a weekday night and the place wasn't crowded at all. But it took 45 minutes just for the appetizers to come, and about the same time for the pizzas. Not so great when you are hungry! Be prepared to wait.",1.0,True,62,240,35,0
user_8544,biz_180,Not a problem to report. I'm happy. Got a $5 discount since I called first and mentioned that when I arrived. Also got a discount on a filter and a mail in rebate for the oil chance. Top offs between oil changes is cool. Vacuumed my floors. They were all professional and polite and quick on their feet. I'd go back.,2.0,True,173,645,59,0
user_8867,biz_001,"Having an Asian wife, I am pretty snobby when it comes to Chinese food. I also grew up in NY so I know what real Chinese food taste like. No not all NY Chinese food is good but, when your wife is Asian and lived in NY as well, you know where to go. \n\nYummy Yummy is just that, Yummy. It's good American Chinese food, the stuff I used to get on Long Island in the local Chinese take out before I  met my wife.  I thoroughly enjoyed and, will most definitely be back. Service was fast too.",2.0,True,92,796,63,0
user_6737,biz_111,Lunch was such a disappointment :( im not sure if it was because we went to the M resort buffet the day before but this place literally suckedd. We came here for Friday lunch and first of all they charged us full price without even asking if we had players card. Then there was nothing to eat and the prime rib was just ok and for the other meat dishes the meat was so tough i had a hard time putting my knife through it. I was still hopeful for the ready made crepes but they failed to satisfy. The berry crepe was wayyy too sweet and the savory crepe was just so-so. Even the bread wasn't so good- I mean i've had better bread from my local supermarket. The one thing better than the M resort was the creme bru le but it wasn't amazing or anything :/ Overall the food was very disappointing and our,1.0,True,198,2395,61,0
bot_6634,biz_083,This is THE product everyone needs! Perfect! Amazing! Incredible! BUY NOW!,5.0,False,3,18,0,1
user_5493,biz_022,"Worst \""""high end\"""" shopping experience of my life. Terrible service and bad attitudes. Not to mention the return policy is a joke. I thought sold as is, no refunds was a policy of dollar stores and swap meets. Spend your money elsewhere. Overpriced, bad quality, bad service.",1.0,True,196,1017,22,0
user_3795,biz_158,"1 star for clean rooms and a pretty resort. Unfortunately, that's where it stops. Staff is unaccommodating.  Due to an emergency, I needed to check out 24 hours early. Their policy is, a three day notice prior to cancellation. My entire stay was 3 days, there was no way of knowing that I would need to check out early, therefor I was charged for a day that I was not there. This was not a week end day!  They are understaffed, my wait to check in on a Monday, was 35 minutes with only 4 people in front of me. The other issue was, I called the concierge for much needed info, I was left on hold for 10 min each time on two attempts. The 3rd attempt I was told she would call back....she did not. There are plenty of casinos that treat their guests well...this is NOT one of them.",1.0,True,64,641,77,0
user_7998,biz_021,"Just moved in and our garage door was crooked and not working properly.  These guys were able to come out right away and with your Yelp deal I even saved some money.  Very professional, explained it all very clearly and completed the work quickly.  Will be sure to call them if we need them again!!",2.0,True,254,1610,78,0
bot_6895,biz_013,This headphones changed my life! Perfect in every way! Five stars!!!,5.0,False,2,7,0,1
bot_8022,biz_101,Incredible phone case! I love love love it! Best purchase EVER!!!,5.0,False,1,24,0,1
bot_3459,biz_191,This is THE product everyone needs! Perfect! Amazing! Incredible! BUY NOW!,5.0,False,3,5,0,1
user_9630,biz_126,"This was the 2nd time at this nice bring your own bottle place.  There is a provincial liquor store across the street and we chose a Mouton Rothchild white and a 2004 Chateau Labegorce Margaux red.\n\nTo start, we had escargot, fried calamari and mussels.  Soup du jour was a veggie puree.  Two had beef and I chose duck.  Red meat was tender but breast was a bit tough.",2.0,True,283,388,5,0
user_9482,biz_104,"This place is at best OK..I've only had the burgers but there is nothing that distinguishes them from any other burger joint. Their prices are a bit steep, twelve bucks for a burger, fries and drink! Also the fries were soggy...not a plus in my book!",1.0,False,222,2843,68,0
user_8205,biz_010,"I really enjoyed my recent experience at Samba.  We got there around 5:30, to make sure we had time before our show, and were seated promptly (of course, even at this early hour, half the tables were already filled).\n\n1/  Service is prompt and courteous, which I like.  They did a great job of explaining what everything was, etc.  With their bread, they passed out this amazing olive oil / garlic / something awesome mixture that my boyfriend gobbled up - literally.\n\n2/  The meat was really tasty.  I liked the ginger soy flak steak the best.  I also liked something else, that was basically salted and peppered steak.  I had an outside piece, tho, whihc got to be a little salty.\n\n3/  What kind of stinks is once you figure out you like something, it's hard to get it back again.\n\n4/  I pr",2.0,True,182,2413,52,0
user_5011,biz_057,"Do not be fooled by the food network propaganda of this place. It has the potential to be a really cool place, but unfortunately it is a tacky venue with a dead atmosphere and awful food.\n\nI visited this place because I had read about it online where it was advertised as an upbeat novelty restaurant where you can customize your hamburgers to be as unhealthy as possible. Cool so far, right? WRONG! Here is a short list of grievances:\n\n* No credit cards accepted. SERIOUSLY? We are in Vegas and live in the age of Square and Intuit card readers that cost nothing to set up. Judging by the ATM at the door that charges $5 to withdraw money, I say the owner is trying to make up lost revenue from a poorly run restaurant. \n\n*This is supposed to be a novelty restaurant: fun, upbeat and borderlin",1.0,True,103,472,65,0
user_5357,biz_149,"Fawk I wish I was in AZ at this moment. Pita is sooooo good! I enjoyed there Humans, they have several variations and all are good. This is a kick ass place to grab a great salad as well. Overall I enjoyed it to the max.",2.0,True,236,1369,64,0
user_6684,biz_105,Great old world service! Use Priceline to book your room. Become an Omni rewards member before you arrive to avoid the wifi fee ($10/night). Food and the room service rocks!,2.0,True,64,1183,4,0
bot_2085,biz_101,This blender is simply OUTSTANDING! Better than I ever imagined!! 5 stars!,5.0,False,4,8,0,1
bot_1277,biz_034,Love this blender so much! Perfect perfect perfect! Five stars always!,5.0,False,2,10,0,1
user_2984,biz_189,"This place is a definite no-go.  The steak is just bad.  In a city of great steakhouses, there is no excuse for such rubbery, bland, cheap steak.  The rest of the food is similarly disappointing.  And it's so overpriced!  Save yourself and go elsewhere, please.",1.0,True,90,1717,0,0
user_1916,biz_086,"I think these other reviewers have all the bases covered!\n\nI give this place a rare 5 star only because it has no other competition to speak of in Las Vegas, as far as I know. \n\nI have lived in Torrance, Tokyo and now live in West LA (near Sawtelle of course!), so I think I know a thing or two about Izakayas.  This place even has the specials on the wall and runs out of things as the night goes on like a proper Japanese place always does.\n\nI think a lot of people have caught on to this place too, since it was pretty busy.  I think it is a good idea to make reservations.  I had made some, but arrived an hour early.  This place is really tiny, so if you make reservations, be so kind as to show up, because they actually put a sign up and keep standby customers waiting.\n\nI am pretty ti",2.0,True,199,2351,41,0
user_3777,biz_125,We've started making Eddie's House a regular friday routine. Tonight he had Lebanese specials made by his mama. The stuffed squash and green beans in tomato sauce were awesome. My kids swear by the mac and cheese and they love the spices on the flatbread.,2.0,True,37,1970,50,0
user_3246,biz_165,"Best massage I have ever had!!  Love, love, love Alptamise!!!",2.0,True,50,2886,18,0
user_7340,biz_069,"Love this store!!!! Great selection and great deals all of the time. I have a choice in my neighborhood between Albertsons, Vons, and also Walmart but if you want high quality great prices and friendly service this is your place.",2.0,True,29,558,33,0
user_4149,biz_182,I tried this place on a whim after searching for takeout using my phone. I was pleasantly surprised and will definitely make another visit. The Spicy Cashew and Deep Fried Tofu with Vegetables was really good and so was the Pad Thai. I'm looking forward to trying some of the other dishes. The inside was casual and clean.,2.0,False,218,1277,46,0
user_9489,biz_010,"I'm sure my rating won't contribute much to the huge pool of reviews this fancy pants French bistro has amassed over the years...but I don't give a French. \n\nI came for lunch, although I intended to drop by in the evening because everyone raves about the spectacular views of the Bellagio Fountains show across the street. However, time did not permit so I decided that I would come for the food, not the views. Don't get me wrong, if you sit in the patio during the daytime, there is still plenty of pretty scenery for you. It's just easy to imagine how much better the views are during the night. \n\nAnyway, onto the food! My partner and I opted for two sandwiches: Maine Lobster Roll and the Sandwich Du Jour (sandwich of the day). Quick tip: warm sandwiches are served with Mon Ami Gabi's reno",2.0,False,268,202,19,0
bot_7444,biz_176,Super super great blender! Best seller! Number one! Perfect perfect!,5.0,False,2,4,0,1
user_9193,biz_023,"Overrated!\n\nThe pizza is just ok, and like many reviewers say there isn't much to choose from.  To top it all off the staff is nothing but a bunch of guys that think they're still 16 but sadly are not.  Customer service is lacking big time.\n\nThis place is ridiculously overpriced for a meh slice of pizza and a solo cup of soda.  I think this is purely a case of people jumping on a bandwagon simply because its a \""""secret\"""" pizza spot thats not so secret considering you can ask anyone how to find it, including google.\n\nDon't waste your time looking for this subpar, expensive pizza unless you just want an \""""adventure.\""""",1.0,True,125,759,16,0
user_3671,biz_158,"Mi Comida is EXCELLENT.  I've been a dozen times or so (used to be called Mi Cocina Mi Pais, which means my kitchen my country).\n\nThe food is 5 stars but be ready to explore when you get there.  Not much is typical about the menu.  Even the beers are not what you normally see.  \n\nThere are 3 different types of ceviche.  The one with white fish is the star bur all are great.\n\nYou must, MUST, get the Ecuadorian tamale.  It is wrapped in a banana leaf and just to die for.  They are darn big and run about $2.50.\n\nMy wife almost always gets the chicken stew.  So simple and so yummy.  I have a hard time staying away from the Bandera.  It is a Colombian collection of rice, sausage, fried egg, plantains, beef and an arapa (a little cake of masa).  Yikes is it good.\n\nThe fish wrapped in a",2.0,True,285,2571,38,0
user_6796,biz_052,"A Thai friend and I decided to try this joint out since it received such good reviews.  We went at around 5 pm expecting the dinner crowd but to our surprise there were only 7 people total in this place.  \n\nThis place is so small that the person sitting the farthest away can hear your conversation.  If you have any form of Claustrophobia, please stay away.  The decor is very dark, but suitable for a wine/beer bar.   This may be considered \""""hole in the wall\"""", but its nothing close to that description.  Its located at Rampart & Lake Mead which has huge plazas at all four corners and a lot of traffic.\n\nThe wait staff was 2 young White males who had the attitudes of, \""""what time is it, and when can I go home?\""""  But what can u expect from kids who have no idea what customer service i",1.0,False,125,109,35,0
user_4388,biz_004,"As has often been said, especially by friends in Europe and the Northeast US, \""""Good pizza joints are rarely cheap...and cheap pizza joints are rarely good.\""""\n\nThese folks must have been referring to Gus's.  \n\nThe call was placed for delivery...a large pizza and 2 dozen wings.  Delivery in about 35 minutes...pizza and wings of decent temperature.  \n\nWith regard to the pizza, this was just not worth the first bite.  Between the light dusting of cheese, the 9 slices of pepperoni on a large pizza and the rather boring as well as lightly applied sauce, the final disappointment was the crust.  Thin and chewy should not go together for pizza crust.\n\nThe wings...so sad.  These apparently came from a bag in the freezer...found at places like Smart and Final.  They are of all the pieces a",1.0,False,97,1430,79,0
user_9729,biz_035,"I found this place driving around one night looking for some coffee other than circle k. I work the graveyard shift down the street and my lunch break is 230a... (I know). I walked in, the women working the counter was pulling out fresh donuts and asked me to wait. No problem! I order the largest coffee they offered, it was hot and fresh! Believe it or not it's hard to find in the area! I didn't order any food, but I will be! Thanks guys!",2.0,False,221,1423,47,0
user_1151,biz_151,"I've used another safelite in Chicago and it was quick and easy, so when I filed my insurance claim for glass repair, I insisted on Safelite. \n\nHowever, these guys were a complete disaster. After losing my paperwork twice, they finally came out to my house and then flatly refused to do the replacement due to a tiny bit of rust near the corner of the windshield. Now my claim has been closed and no one has fixed the windshield. Needless to say, I am not happy. \n\nDo not use this Safelite!",1.0,True,89,1536,25,0
user_3995,biz_101,"So my sushi-loving friend and I decided to give this place a try, based on yelp! reviews and word of mouth on a Saturday night while visiting Pittsburgh. We were very impressed with this place! My friend and I ended up taking a cab to this place (which, if you don't live nearby, I would recommend driving to this place since it's on a quieter street in Lawrenceville and hailing a cab may be tough) and despite the peaceful exterior, we were immediately struck by the lovely ambiance and interior of Tamari. The restaurant has a cute patio area (which I would imagine would be bustling during the warmer months) which I wish we could've taken advantage of. Once we arrived, we were promptly greeted and taken upstairs to enjoy our meal. My friend and I were concerned about the size of the tapas,  a",2.0,True,127,95,33,0
user_4671,biz_187,"A nice hotel in appearance, however the staff is condescending and rude.  House cleaning also never visted our room during our stay.  It was a very poor experience overall.",1.0,True,37,1992,31,0
user_8242,biz_168,"Jennifer, of Jehnuine Designs, does great work and is very professional. About a year ago she created a logo for my business. She created exactly what I envisioned and turned around the project quickly. I would go back to Jehnuine Designs for other design projects and recommend her to friends, as well.",2.0,True,122,764,54,0
user_8176,biz_027,"I am a huge fan of there Chinese Chicken Salad, the dressing is very spicy but really good. Make sure to get extra wontons there really good. I have bene going to Cocos for a few years now and evertime I love this salad.\n\nThe only reason I am not giving 5 stars is because last time I went I got my salad to go and they put the dressing on it, that to me is a big no-no when you are getting to go food, it should always come on the side, you should not have to ask. The manager was kind of weird to when I asked for extra dressing. \n\nIf you are under 40 you might feel out of place, as this seems like the hopping place for 80 and over.",2.0,False,253,2117,61,0
user_7105,biz_149,"This is the best tavern around.  The people are friendly, and they have the best food on this side of town.  The dolmades are out of this world.  They are made by mom.  All All the food is great.  Venetta makes the best martinis and drinks ever.  The bar and restaurant are always clean, and nicely decorated for the Holidays. We go there often and have never had anything but a great experience at the Blue Hawk!!\n\nT and C Laws",2.0,False,96,2432,72,0
user_8868,biz_014,"Over priced, bland good. Atmosphere, what a joke its a walk up order and sit down. They couldn't even get my son's order right, plain hamburger nothing else on it, came fully dressed. The tuna was frozen and not fresh plus you can get it cheaper and a great sauce at firebird. I think the only reason that they get higher is from those that don't know God food and great value and hope for a free mall from this place",1.0,True,16,1549,37,0
user_4294,biz_184,They put on a great show. I've seen them three or four times and it is different each time. Teens and younger children love it as much as the adults. Truly an all ages event. I can't recommend this enough.,2.0,False,24,1276,79,0
user_8630,biz_106,"Portions are huge! Food -spot on! We ordered the ribs with fried polenta, truffle fries with wontons tacos as appetizer. We were not disappointed.",2.0,False,16,1231,79,0
user_2401,biz_197,"Pizza is good by local standards, have eaten in several times and been pleased.  But on a recent Tuesday night I attempted to order a pie for pick-up and for twenty minutes got...voicemail!  Not voicemail offering a call back, or the ability to leave an order, just voicemail.  Seriously, I have never, ever, encountered that in a Pizza place anywhere.  This experience was repeated a few nights later.\n\nIf you are looking to dine in, or drive over and order your pizza and wait until it is ready to take home, go for it.  Forget delivery, for obvious reason, during dinner hours. Poor management is to blame, lingering under the false idea that it is better to save a few dollars on having short staff while turning away customers.  I won't try again.  Voicemail? Epic Fail.  Knocked two stars off",1.0,False,47,2455,79,0
user_9843,biz_043,"After a bad experience at our Favorite Restaurant Roca Akor in Scottsdale, we turned to Yelp and Roka's very capable manager Charles responded within an hour, invited us back and more than made it right.  We knew they had great food and now, thanks to Charles, we know they have great management.  We highly recommend it.",2.0,True,297,2569,2,0
user_5847,biz_197,The only good thing I can say about this place is the waitress was very friendly.  The chips and salsa were bland. The burrito was very boring. The carnitas tacos were dry. Nothing interesting or fresh.   Definitely not going back again.,1.0,True,15,332,35,0
bot_6914,biz_131,This purchase is simply OUTSTANDING! Better than I ever imagined!! 5 stars!,5.0,False,1,18,0,1
bot_9862,biz_151,Super super great blender! Best seller! Number one! Perfect perfect!,5.0,False,4,14,0,1
user_1375,biz_164,"I finally stopped by with my girl to try the frozen hot chocolate after reading so many rave reviews about it.  I decided to get the 32oz for $15 since our sweet tooth was really buggin' out.  What I got was instant hot chocolate powder blended with milk and ice, which I could have made myself for about $0.75.  \n\nI don't know how good the food is but based on one of their signature dessert items, this place is a joke.  Do yourself a favor and grab an ice-blended mocha from the Coffee Bean & Tea Leaf at Lake Mead and Tenaya, that's what frozen hot chocolate should taste like.",1.0,True,159,2275,55,0
bot_3520,biz_155,Super super great blender! Best seller! Number one! Perfect perfect!,5.0,False,2,17,0,1
user_9304,biz_079,Although I love the food at Javier's I'm consistently disappointed with the level of service here . It's almost like the staff and servers are 2 busy for you when your there. Every time an item is dropped off its like a race to get away from the table. I'm all about working hard and hustling around but there is a level of customer service that needs to go into an expensive meal like Javier's.,1.0,True,174,2624,11,0
user_6181,biz_002,You go Bobby Flay! I think the one memorable thing I had was the tamales... MmmMmM...,2.0,True,174,1188,18,0
bot_3573,biz_050,This headphones is simply OUTSTANDING! Better than I ever imagined!! 5 stars!,5.0,False,1,11,0,1
bot_1081,biz_137,Love this headphones so much! Perfect perfect perfect! Five stars always!,5.0,False,2,19,0,1
user_2650,biz_169,"Woo. This show was pretty entertaining. While we were waiting for everyone to find their seat, they did some pre-show skits to entertain us and wandered through the crowd making fun of people. The show had a lot of audience interaction and volunteers. If you want to be chosen to be a volunteer, you'll need to get a seat in the center of the first 5 rows or so. The music was entertaining and the dances are fun to watch. I was wondering if they would take off their masks at the end of the show.... and they did! So they were the real deal - no stand-ins!",2.0,True,219,1558,43,0
bot_8419,biz_146,FANTASTIC item! Exceeded ALL expectations! Will buy again and again!,5.0,False,1,3,0,1
user_2992,biz_158,Food is great as is the service.  The restaurant is large so there is usually no wait.  This is a great family spot.  Give it a try.,2.0,True,145,2684,31,0
user_4533,biz_178,"The steak was great, but the service was horrific.  Half the food didn't come.  The sides came after the steak.  We had to request to speak to the manager 3 times, who turned out to be very rude and didn't want to hear our side of our story about the bad service.   It took a long time to get the bill.   They had a ton of excuses for the bad service, but didn't want to offer any decent resolution for our problems.  The horrible service didn't make up for the good food quality.",1.0,False,19,2690,3,0
user_8978,biz_173,"Horrible!!! My wife ordered the filet, and I the Aged Bone-In New York. Both tasted like they were seared in a pan of oil, with no salt and pepper. I have been to many steakhouses, and this had to be the worse. When we complained to the waiter, he asked if we wanted steak sauce? Told him that we should'nt have to put  steak sauce on a $60.00 dollar steak. Go to Prime at the Bellagio. Go anywhere but here!!",1.0,False,64,2044,27,0
bot_1080,biz_140,Outstanding quality! Best blender on the market! Absolutely love it!!!!,5.0,False,3,24,0,1
user_5600,biz_108,"I decided to return with some friends and the food is still good, but the service stills sucks. I am so disappointed with the quality of service that we received. The hostess was rude, the waitress was equally just the same. If it weren't for the good food I would stay away from this place.",1.0,True,25,1875,18,0
user_1441,biz_096,"3 stars for food.\n-1 for service. That's a negative one, not minus one.\n\nSteak N Shake does not have bad food. Burgers are maybe a step up from your usual fast food but below the quality of a 5 Guys. I think they have some of the best fries, if they're well done. They remind me of potato sticks if cooked properly. Shakes are pretty good, not great. \n\nThe service at this location was abysmal. The one friendly gal was the one who sat us down and was the only highlight of the place. I wish she was our waitress but some other lucky table got her instead. All of the other employees, including the manager, all looked like they were forced to be there. We got who was probably the laziest waitress ever in the history of this joint. She seemed severely bored with her job, was slow to take our ",1.0,True,127,2285,46,0
user_5583,biz_083,"One of my favorite type of places...a tourist trap! \n\nWe eschewed spring training baseball in favor of visiting Tortilla Flat and chewing on some pretty good food at the Tortilla Flat Superstition Saloon. Our waitress, Mitzy, heartily recommended the Venom, a poisonous combination of excellent beef and unearthly hot chili.  She put it on the chili aficionado's hot scale of 7-8 out of 10. Good call, Mitz! The amber house beer, also with Venom as part of its title, was a bit thin but not too bad for a house beer, sort of like a Michalob brown/amber. Anyhow, it went well with the chiliburger.\n\nOf course, part of the Superstition ambiance is the huge collection of dollar bills that covers the walls and ceiling. According to my wife, the women's restroom also had its own personality with he",2.0,False,68,2113,65,0
bot_4333,biz_165,Absolutely wonderful blender! The BEST on the market! Buy it today!!,5.0,False,2,18,0,1
user_8194,biz_168,Great food. Service sucks so bad its not worth ordering.. Just waited 2 hours for a delivery!!! Its always over an hour on delivery as well.. I hope your not to hungry,1.0,True,286,2076,51,0
user_5748,biz_026,"The bartenders are great, the atmosphere is laid back chill, the food is delicious,  the machines are hot and the 50+ beers are ice cold!! 'Nuff said. Dont believe theres a bar that cool? Go see for yourself!",2.0,True,189,2112,1,0
user_3302,biz_007,Went on a Saturday night. There were 3 tables besides us. The food was ok but the server???? OMG They ALL needed to be somewhere else. Obviously very unhappy being at work! We were still hungry when we left. Would have ordered something else but I think she would have been really upset! Never again when we are in Vegas....sad too when everyone else in the Hotel is awesome!,1.0,False,238,1939,34,0
bot_5198,biz_125,This item is simply OUTSTANDING! Better than I ever imagined!! 5 stars!,5.0,False,2,21,0,1
user_8421,biz_131,"Locals always talk about how this place is awesome. And yeah, yeah I'll have to agree with them.\n\nIt's not a pretentious, over-the-top type of buffet with Grecian pillars or floral murals or anything. It's just a clean and circular space with a whole bunch of your typical buffet fare. \n\nFood quality was great. Service was also good. Price is never too steep because they give out coupons all the time. \n\nMy only gripe is that they need to step up their fruits selection. I'd like some strawberries (chocolate covered), grapes, etc. etc.",2.0,False,257,2938,60,0
user_3439,biz_027,"People, I am kicking myself in the rear for not reading all these negative reviews on Google and Yelp because, if I had, I WOULD OF NEVERRRRRRR brought my car here.\nThe so-called co-owner needs to go to anger management classes because if you question him on work performed, he turns into a raving lunatic.\nI bring my car in for repair all nice and sweet.  I question the work that was done and like a JEKYLL AND HYDE.   \nI know they did things on my car that DID NOT NEED to be done because they were just done.  Besides that they totally ripped me off...labor....ridiculous...warranty they give IS A JOKE...Tells me that they never should of let me take withe car with brakes less than 50%...it's a law...I HAVE THE PROOF THAT THEY PUT ON NEW PADS BEFORE I GOT IT.  \nRIPPING PEOPLE OFF IS A CRI",1.0,False,153,1166,68,0
user_6181,biz_187,"The Victor Hugo Deli is the perfect pit stop if you've spent the day in The Meadows and are looking for somewhere to freshen up and grab a bit to eat. It's a beautiful deli with friendly staff, a great selection of savoury and sweet snacks and as well as sitting in you can also get food to go.\n\nThe sandwich fillings seem endless, each one looking more delicious than the last and I was torn with what to go for. I ended up going for a chicken salad roll and it was to die for, exactly what I needed after a busy afternoon. \n\nMy favourite thing about Victor Hugo Deli is the fact that many of the seats are in little booths right beside the window which means you can look out over The Meadows whilst sipping on tea.",2.0,True,29,638,27,0
user_3105,biz_164,"I came here on a Saturday night in the summer around 930. They quoted us a wait time of 70 minutes. We had our hearts set on this place, so we said we'd wait. But the best part was that they take your phone number and text you when your table is ready. This was awesome! We got to hang out in the casino and get drinks until our table was ready. Once we were seated we were shown the drink menu. The drinks all looked amazing. Unfortunately, I was the DD for the night. We ordered parmesan (sp?) truffle fries and they were AMAZING! No joke, the best fries I've ever had in my life. The burgers were absolutely delicious. They were cooked to perfection. I hardly ever order a burger medium, and get a burger medium. It's always too well done. But this was perfect. Two friends I was there with ordere",2.0,True,26,2757,23,0
user_8870,biz_143,I like local coffee houses. I prefer ANY local place over the big companies.,2.0,False,283,1065,60,0
user_9679,biz_112,We went in for the Sunday brunch and ended up ordering off the regular menu because it did not have a lot to choose from. The kids menu looked good but my daughter ate most of our pizza. The tea was watered down and the lemonade was way to sour to drink. It was okay but nothing special.,1.0,True,86,2958,34,0
user_5603,biz_095,"dear 4,431 people standing on the sidewalk, handing out 'girls girls girls' cards.\n\ni left vegas 3 days ago and that slapping sound you make with your cards is still in my head.\n\ni didn't want your 'girl' service, but i would have bought one of your classy neon t-shirts. waaay better souvenir than a vegas magnet.",1.0,True,27,151,7,0
user_8507,biz_190,"I have been here twice.\n\nThe fist time I went with my husband for dinner. It was the first place we dined after moving here from Chicago. As always we started with the oysters which were good quality and delicious. He loved his French Onion Soup as well. I had a special, the Halibut which had a lovely and inventive presentation. The only issue was the seasoning. I do not think it was seasoned at all. My husband had the same issue with the Short Ribs.  Maybe the kitchen just missed a step.  I do not like things over seasoned but this was bland.  The  Zinc Valrona Chocolate Souffle was simply amazing. I am not a chocolate lover, except for souffle. It was the perfect exclamation point to our dinner. \n\nI went for lunch with my mother who only eats plain burgers, plain chicken and pasta wi",2.0,False,118,1689,76,0
user_2418,biz_039,"Stale, almost room-temperature hash browns and biscuits as hard as the table I was sitting at, isn't really what I was looking for in a cheat-day breakfast.",1.0,True,40,1386,53,0
user_2680,biz_092,"I've stayed at the Excalibur before and this will likely be the last time I stay here.  The staff are very nice and professional. The rooms are usually clean.  However,  they're now charging a ridiculous $15 per night resort fee and there is no wifi in the rooms. There is a hot spot in the rear of the casino,  but that's it. I know pretty much every hotel on the strip charges the bogus resort fee, but the level of the fees has become simply outrageous. It's just another way to make more money without jacking up room rates.  For those fees,  there should be some actual amenities provided.",1.0,True,163,2047,5,0
user_4329,biz_026,"We came here pretty late at night on a Sunday and got seated within 10-15 minutes. My husband and I decided on the Fish Sandwich and regular fries to share (I know...ordering a Fish Sandwich at a Burger Joint..but we are both super picky about burgers). Well, lucky for us after one bite, we both proclaimed BEST. FISH. SANDWICH we have ever had!!! So for you pescatarians out there, you will be in heaven. \n\nThe fish is fresh, buttery and crisp, the bun is nicely toasted, the crunchy salted vinegar chips on top add wonderful texture and the tartar sauce is creamy with a nice lemony zing. I thought the fries were decent too, my husband liked the smokey tomatoey ketchup they came with. We decided to come back the next day and order the same thing for lunch - but as most sequels - it did not t",2.0,False,131,2650,63,0
user_6369,biz_051,"Awesome place to hang out and listen to fantastic live music!  Hard to hear if you are in  a large group, and probably hard to find seating too.  But for smaller groups or couples, this is a great place.  They have absinthe here too, so try it if you're in the mood!  Decent beer (even have some belgium brews) and cocktail selections too.  The servers are friendly and sweet, they seem to have a lot of ground to cover so the service was not great but not terrible either.  My only two complaint would be the repetition of music from night to night, we were only there for 2 nights but on the second night the same band was playing the same music (albeit awesome music) and the weird little dude that stands around awkwardly waiting for your absinthe to pour.",2.0,True,136,2273,23,0
user_1229,biz_022,"I'd give this place .5 star if I could.  Waited 45 minutes for a table last night - ok so we killed some time in the casino as we waited. Pan seared potstickers were served cold, told the waiter, waited for a 2nd serving, they were cold too.  Famous rice and chicken soup barely had any chicken in it at all.  Spicy ahi roll should be named NO spicy ahi, tons of rice roll - awful!  Sizzling surf and turf platter was very salty.  All in all very, very disappointing.  I've eaten lunch a the Ling and Louie's in the DFW airport it was 1000x better than thisl  Terrible and we will not go back!  How can you serve cold potstickers twice and not have a manager come by to apologize. Awful food, awful experience. I don't think anyone that works in this location cares about anything - not the food, not",1.0,True,12,259,3,0
bot_3537,biz_198,Outstanding quality! Best phone case on the market! Absolutely love it!!!!,5.0,False,3,6,0,1
user_6097,biz_149,"Fantastic food. Enjoyed the Tom yum soup - hot!  Awesome flavors, a bit thicker than what I have had before but thoroughly enjoyed it. \nI had the Pad Tai noodles had tons of chicken and 5-6 shrimp. Usually you wish for more meat - I wanted more noodles !! Sooo good. Also had this HOT. Great tastes. Just the right amount of hot. \nService was polite and attentive. Definitely on my list of places to return to for TAiI food when I am in the old town area",2.0,True,169,1150,56,0
user_4431,biz_013,"Disappointing. I really wanted to like this place because our teenagers love it.  It was lunch time and it was handy.  It was sooo busy and I just knew it would be great.  It was barely so-so.  Yes, really. Not so much.  KFC has much better flavor.  Hard to believe. The sauce is not that great and like others have mentioned the fries were worse than frozen from my oven.  Don't waste your money or time.",1.0,True,263,1518,69,0
user_4669,biz_091,"It's 3 AM and this place is packed!! It's not a long wait since the restaurant is huge... No need to look at the menu, just order what everyone else seems to be ordering: the oxtail soup! \nHands down one of the best Oxtail soup I've ever tasted. The taste is like the Indonesian oxtail soup I've always known.. Just get a side of rice, and you're good to go. \nOh, I would have given it 5 stars, except that they charge you extra if you ask for extra soup. I think it was $2 extra, but c'mon... it's soup!",2.0,False,136,1763,8,0
bot_8909,biz_141,FANTASTIC mattress! Exceeded ALL expectations! Will buy again and again!,5.0,False,4,20,0,1
user_7931,biz_037,"They should treat Asian customers the same way they treat their Non-Asian customers!\n\nI honestly think these people are discriminative against Asian customers. \nI have almost the exact same experience as Connie J did. I went here a few times and I loved it. The food was good and the setting was nice. Not until recently where I've seen a bit of change in the employees. \n\n5 Customers came in after we sat down. 20 minutes later all 5 customers who came in after us got their food first, including the appetizers. We didn't even get our food yet. All 5 who came after us was of course, not Asian. They wanted to serve the non-asian customers better and give them great excellent customer service. But us asian don't deserve any, we don't write reviews. Okay..\n\nRegarding my order, I ordered a ",1.0,True,181,1408,43,0
bot_6796,biz_136,Best product I have ever purchased in my entire life! Highly recommended!!!,5.0,False,3,18,0,1
user_9267,biz_158,"This is a wonderful alternative to going on vacation at a fancy resort. The options are limitless and the attractions are many. There truly is something for everyone here. \n\nThey have a kids area with rides from your elementary school carnival. You know the slide that takes off a layer of skin and shocks your ass all the way down? Also, the tilt-a-whirl, no doubt filled with sun-baked vomit. There is a petting zoo, and you can even feed and ride miniature livestock!\n\nYou can buy a bird here, and even get a brazillian wax for $45 from a toothless woman. Dining options include pork rinds, funnel cakes, and snow cones.\n\nIn all seriousness, it's only $2, the people watching is decent, they have beer, and you might find something cool. I didn't think the prices were spectacular, but maybe",1.0,True,82,1494,7,0
user_5782,biz_158,"Wow this place is surprisingly bad.\n\nMake sure to scan their abnormally long list of non-refundable items before purchases (they can probably squeeze their entire inventory into some part of it). I bought Battlefield 4 here and wasn't able to find out if it worked on Xbox Slim until I opened and tried it out. When it didn't work I wasn't too worried because any coherent retail store is customer/return-friendly. Brought it back in to be beaten around the \""""open-product non-refundable policy\"""" bush  for a good 30 minutes before my question of \""""why?\"""" was even addressed. The answer was basically that I \""""should've know\"""" it wouldn't work.\n\nIt's been a good run Best Buy, but you can count me out, forever.",1.0,True,179,2127,2,0
user_8469,biz_022,I love this place so much! The Mediterranean Pita is SERIOUSLY heaven. Its is WAY too good and refreshing. I have nothing bad to say about them. And i admire the lady that works in the back kitchen and her AWESOME food!!!! Everyone there is nice and patient. I HIGHLY recommend this place. Wishvthey had one closer to the metro area. :(,2.0,True,254,1217,51,0
user_8717,biz_166,"Pittsburgh, PA came to my small office because of having intermittent Internet connection. It was more like 80% down and 20% working. They assessed the problem and determined within 1 hour that the cabling was improperly configured with the router and modem. Very professional and swift. Just felt like a should return the favor by saying a big \""""Thank you!\""""",2.0,True,144,2077,51,0
user_7558,biz_106,Awesome biryani.. love there chicken and mutton biryani.. rest are ok..,2.0,True,100,1743,59,0
user_3524,biz_014,"I am not going to say much about this place because the only thing I really liked about it were the light fixtures.\n\nI tried the Crystal Chicken. Bland.\n\nI tried the Crispy Sring rolls. Overcooked.\n\nThe only thing that was yummy was the #51.. and I have no idea what it was called but my friend got it and I tried it and it was pretty alright.\n\nThey have a koi pond inside right when you walk in, but I was disturbed at the size of the fish in that little pool.. Definitely not enough room, and I'm thinking this might be a violation, and i'm looking into it. I may eat fish, but I don't believe the living ones should be confined like that.. I certainly don't like elevators, do you?",1.0,False,75,61,6,0
user_8878,biz_095,Bring your appetite if you decide to go to this buffet because everything here is good. I think this probably sets the bar for Las Vegas buffets. It also helps if you know someone with one of those gold reward cards or whatever if you go during a busy time like Thanksgiving. It turned a 7+ hour wait to just less than an hour. The check-in system is good though if you're less fortunate one. Just enter your phone number into the kiosk setup they have and they'll text you when your place in the line is almost there. I would've never thought I would say eating brisket at a buffet would taste good but it's even better than some restaurants that serve it. Just quit eating food if you aren't impressed with the big selection of food here.,2.0,True,206,266,20,0
user_7668,biz_172,"First off, let me say we went with a group of 18 people. This pretty much took up half the dining room, and most of these were loud chatty college kids. The wait staff and manager were very accommodating and the service was very, very good.\n\nThe tandoori grill items were amazing! I would highly recommend them. They came out on a platter still steaming and smelling delicious (the same way people bring you fajitas in the states - same thing). Between four of us guys we got each one and swapped and shared. They were all super good. We had each of the varieties of Naan as well. All were excellent.\n\nThe chicken biryani had very generous amounts of chicken chunks in it and the rice was fantastic. I'd recommend a plate of that to share with your friends while you get a grill item.\n\nThis was",2.0,True,224,2089,10,0
user_1464,biz_164,"Last Memorial Day was our second time staying at this hotel. Both times we were invited guests so our rate is pretty low for a two night stay. We were offered $200 in slot credits and $50 off at one of their restaurants, we picked Enoteca San Marco. \n\nI loved being here. The rooms are big, we got luxury suite with a view, the marbled bathroom is huge and the sunken living room has sofa sleeper for the 'uninvited' guests. And oh, there are 3 flat screen TVs! At both times we had room service, great food and the servers were courteous - we gave him a tip, but he wasn't the type who lingers hoping to get one if you know what I mean. The casino area is nice and so is the shopping center where the gondola ride is but it somehow makes me feel a little claustrophobic being there. My only gripe ",2.0,True,185,2891,19,0
bot_9934,biz_139,BEST purchase EVER!!! Absolutely AMAZING!!! Must buy immediately!!!,5.0,False,4,7,0,1
user_7857,biz_064,"In the film world, there's the \""""chick-flick.\""""\nIn the lunch world, there's Arcadia Farms.\nThis place is the ultimate chick hangout, both young and old alike, offering great service, food, and ambiance, even valet parking. \nOne small problem. \nIf you're maie, and your testosterone level is fairly moderate, prepare to get sucked into a lunch vortex that could last for up to two hours. \nNot because of the service. The service is fast and very pleasant.\nIt's because when women get in this place, they don't want to leave. \n\nIn my many experiences here, my wife has routinely drawn out what should be a 45 minute lunch into a seemingly endless afternoon of iced-tea refills and multiple trips to the mens room. \nThis is when my testosterone kicks in, finding myself with the unpleasant ta",2.0,False,155,526,71,0
bot_8396,biz_061,Incredible mattress! I love love love it! Best purchase EVER!!!,5.0,False,2,14,0,1
user_4723,biz_113,I don't how this places ratings are above a two... This place served us raw chicken wings and instant potatoes... This place seriously needs a new chef ! I told the waiter our chicken was raw and he sort of shrugged his shoulders as if this has been an on going issue...DO NOT eat here,1.0,True,146,291,35,0
user_1418,biz_119,"Had the Gyro DLX and for $4.29 I couldn't have been happier. Generous size, thick chunks of lamb, lots of tzatziki & feta.\nLoved it, I'd definitely go again!",2.0,True,48,2843,53,0
user_9944,biz_110,"Gyro House was a hit! We had Original Gyros with Greek salads and they were delicious! The service was excellent, servings were large and prices reasonable. We were too full for desert but brought baklava home for a midnight snack. \n\nI can't say enough good things about this place!",2.0,True,195,992,48,0
user_3322,biz_059,"Sadly, I would give this company 0 stars, but that is not an option.  I needed an immediate repair through my home warranty Old Republic.  This is the one company that had time to do it right away.  The \""""receptionist\"""" aka owner Debra was extremely rude to my husband while scheduling the appointment.  She diagnosed the issue over the phone and said the dishwasher stopped working because we used liquid detergent (made for dishwashers.)  She then proceeded to tell us that the tech (I believe to be her husband) could not call us before his arrival as he doesn't get cell service in the Chandler area!  WTF?  She said he could show up any time between 10am and 6pm and if we weren't there waiting for them that they would leave a note on the door and not be able to service the appliance.  Tech ",1.0,True,151,2300,35,0
user_2482,biz_164,"This was the fastest pedicure I've ever had in my life, I'm beyond disappointed and I will never return.  I arrived at 3pm, I was done by 3:19pm.\n\nThe decor is horrible, it's like they tried to be classy in the 1990's  it's like thrift store decor. Old products, most of the nail polishes where half empty (I always carry my favorite color in my purse).\n\nNeedless to say, I'm very disappointed, I wasn't relaxed, I was uncomfortable, and  it was SO fast and not in a pleasant way. \n\nI will never return and I would never recommend this place,ever!",1.0,True,93,2078,66,0
user_9345,biz_037,"This place is what I like to call FUNKY FRESH!\n\nA true gem of Charlotte, with people from all walks of life and menu items that are more eccentric than the customers.  Just to give you a little taste - menu items include everything from sriracha to crunchy peanut butter to wieners... what more could you ask for?!\n\nWe went for lunch today and the service was quick and helpful.  Prices are reasonable and the selection is large.  There are some healthy options, but why waste your time when you know you want to dive into some fried pickles or sweet potato fries.  I will say there were a lot of vegan/vegetarian options - which was a nice surprise.\n\nOverall I give this place 5 stars because it's not trying to be anything other than what it is.  Plus they have triceratops toys placed incons",2.0,False,103,1848,66,0
